bus_b_orientation,direction,source_vehicle,target_vehicle,sensor_config,method,protocol,budget_k_days,n_runs,n_test_splits,accuracy_p25,accuracy_p50,accuracy_p75,balanced_accuracy_p25,balanced_accuracy_p50,balanced_accuracy_p75,macro_f1_p25,macro_f1_p50,macro_f1_p75,stationary_macro_f1_p25,stationary_macro_f1_p50,stationary_macro_f1_p75,stationary_macro_f1_p25,stationary_macro_f1_p50,stationary_macro_f1_p75,charging_f1_p25,charging_f1_p50,charging_f1_p75,charging_f1_p25,charging_f1_p50,charging_f1_p75,driving_f1_p25,driving_f1_p50,driving_f1_p75,driving_f1_p25,driving_f1_p50,driving_f1_p75,objective_score_p25,objective_score_p50,objective_score_p75,adaptation_rows_p25,adaptation_rows_p50,adaptation_rows_p75,adaptation_hours_p25,adaptation_hours_p50,adaptation_hours_p75,adaptation_window_hours_p25,adaptation_window_hours_p50,adaptation_window_hours_p75,adaptation_span_hours_p25,adaptation_span_hours_p50,adaptation_span_hours_p75
RECORDED,BUS_A_to_BUS_B,BUS_A,BUS_B,ACC,ZSCORE,FIVE_PARTITION_UNLABELED_BUDGET,18,5,5,0.824798349277809,0.8346072186836518,0.8374443995147594,0.7059310902045248,0.7099107281776054,0.7157211647871002,0.7035138754696808,0.7087980902761848,0.7114557698366587,0.615515492202655,0.6227065411274365,0.6248087879690559,0.615515492202655,0.6227065411274365,0.6248087879690559,0.7868357487922706,0.822998193859121,0.843579766536965,0.7868357487922706,0.822998193859121,0.843579766536965,0.967509025270758,0.9686119507091374,0.9692671394799054,0.967509025270758,0.9686119507091374,0.9692671394799054,0.7359637469685555,0.7560727394456437,0.7627107607804968,7990.0,8375.0,8611.0,150.05160749999996,158.7114808333332,160.7930033333332,133.16666666666666,139.58333333333334,143.51666666666668,212.32198277777775,212.34181361111115,215.87509
RECORDED,BUS_A_to_BUS_B,BUS_A,BUS_B,ACC,QUANTILE,FIVE_PARTITION_UNLABELED_BUDGET,18,5,5,0.7872611464968153,0.8048282896973818,0.8141097424412094,0.7762615827563967,0.7773533070689287,0.7909181378903033,0.7327543160866202,0.7340924815160035,0.7532899691729651,0.6519500400416318,0.6570044343551565,0.679490415573328,0.6519500400416318,0.6570044343551565,0.679490415573328,0.6952931461601982,0.7654814222932481,0.8056984566679858,0.6952931461601982,0.7654814222932481,0.8056984566679858,0.9746886299718762,0.9751671442215856,0.9769606702350476,0.9746886299718762,0.9751671442215856,0.9769606702350476,0.7300912399678583,0.7627348715767964,0.762784161065956,7990.0,8375.0,8611.0,150.05160749999996,158.7114808333332,160.7930033333332,133.16666666666666,139.58333333333334,143.51666666666668,212.32198277777775,212.34181361111115,215.87509
RECORDED,BUS_A_to_BUS_B,BUS_A,BUS_B,ACC,CORAL,FIVE_PARTITION_UNLABELED_BUDGET,18,5,5,0.7321761851437103,0.7514537610204465,0.7522292993630574,0.665684085809533,0.6940756755125072,0.6950122996652227,0.6473451577813247,0.6611162467414203,0.665275599773965,0.5576334641658032,0.5792893305126188,0.5811686108574183,0.5576334641658032,0.5792893305126188,0.5811686108574183,0.7028728846910665,0.7672162948593598,0.7714851485148515,0.7028728846910665,0.7672162948593598,0.7714851485148515,0.9065969954278248,0.9162098668754894,0.9164802386278896,0.9065969954278248,0.9162098668754894,0.9164802386278896,0.6778189019212788,0.7034675022337489,0.706051877808123,7990.0,8375.0,8611.0,150.05160749999996,158.7114808333332,160.7930033333332,133.16666666666666,139.58333333333334,143.51666666666668,212.32198277777775,212.34181361111115,215.87509
RECORDED,BUS_A_to_BUS_B,BUS_A,BUS_B,ACC_MAG,ZSCORE,FIVE_PARTITION_UNLABELED_BUDGET,18,5,5,0.8099474322684997,0.8373663477771525,0.8507430997876858,0.6939735743384732,0.7407712051842466,0.7747790258974832,0.7133736750408917,0.7417450002400393,0.7820693483220992,0.6294061802533881,0.6668587977646222,0.7207030073090879,0.6294061802533881,0.6668587977646222,0.7207030073090879,0.7283135182738881,0.7879017013232514,0.8246575342465754,0.7283135182738881,0.7879017013232514,0.8246575342465754,0.9652761594034024,0.966168371361133,0.9664036076662909,0.9652761594034024,0.966168371361133,0.9664036076662909,0.7174268894578568,0.7602076806733242,0.807476030305971,7990.0,8375.0,8611.0,150.05160749999996,158.7114808333332,160.7930033333332,133.16666666666666,139.58333333333334,143.51666666666668,212.32198277777775,212.34181361111115,215.87509
RECORDED,BUS_A_to_BUS_B,BUS_A,BUS_B,ACC_MAG,QUANTILE,FIVE_PARTITION_UNLABELED_BUDGET,18,5,5,0.6726390444195596,0.6851380042462845,0.7103026181570894,0.6609449610418496,0.6712274712341709,0.6740024240538001,0.5663878851981181,0.6244320990946616,0.6256977587564321,0.4287848790224222,0.5078839133899647,0.5081997476515935,0.4287848790224222,0.5078839133899647,0.5081997476515935,0.1910331384015594,0.4329140461215933,0.4353819643882826,0.1910331384015594,0.4329140461215933,0.4353819643882826,0.9747292418772564,0.9791915809614924,0.9791969037252056,0.9747292418772564,0.9791915809614924,0.9791969037252056,0.4009373139625841,0.5478248779054342,0.5497457379743081,7990.0,8375.0,8611.0,150.05160749999996,158.7114808333332,160.7930033333332,133.16666666666666,139.58333333333334,143.51666666666668,212.32198277777775,212.34181361111115,215.87509
RECORDED,BUS_A_to_BUS_B,BUS_A,BUS_B,ACC_MAG,CORAL,FIVE_PARTITION_UNLABELED_BUDGET,18,5,5,0.6433481601293974,0.6492215344213094,0.6841210472628357,0.5659250125895681,0.6104743321789762,0.6391035398867153,0.5178142526701609,0.534612449123623,0.5970981809545368,0.3801561078753828,0.4040907864912272,0.4815241663663487,0.3801561078753828,0.4040907864912272,0.4815241663663487,0.3748238609675904,0.4199475065616798,0.4327018943170488,0.3748238609675904,0.4199475065616798,0.4327018943170488,0.9307886870544952,0.935969445068524,0.9434782608695652,0.9307886870544952,0.935969445068524,0.9434782608695652,0.4541747584915837,0.4786675542267684,0.5313396662995417,7990.0,8375.0,8611.0,150.05160749999996,158.7114808333332,160.7930033333332,133.16666666666666,139.58333333333334,143.51666666666668,212.32198277777775,212.34181361111115,215.87509
RECORDED,BUS_A_to_BUS_B,BUS_A,BUS_B,ACC_GYR,ZSCORE,FIVE_PARTITION_UNLABELED_BUDGET,18,5,5,0.8286674132138858,0.8308009754267492,0.8673675697533361,0.7015932994516065,0.7064876972005785,0.7538824475658639,0.7061721272972054,0.7099751753972685,0.7670004697719052,0.6166519933884583,0.6202659624782378,0.698857769219683,0.6166519933884583,0.6202659624782378,0.698857769219683,0.769620253164557,0.7790171842025927,0.8388364779874213,0.769620253164557,0.7790171842025927,0.8388364779874213,0.9714285714285714,0.9747325290234464,0.9791028141543604,0.9714285714285714,0.9747325290234464,0.9791028141543604,0.7338332065041839,0.734330157897717,0.7957348730581116,7990.0,8375.0,8611.0,150.05160749999996,158.7114808333332,160.7930033333332,133.16666666666666,139.58333333333334,143.51666666666668,212.32198277777775,212.34181361111115,215.87509
RECORDED,BUS_A_to_BUS_B,BUS_A,BUS_B,ACC_GYR,QUANTILE,FIVE_PARTITION_UNLABELED_BUDGET,18,5,5,0.7367303609341825,0.7371613424989891,0.7794034890264491,0.6813405687878306,0.7228267560628858,0.7290647614285544,0.6280698453983367,0.6799420308745835,0.6953377105655413,0.5086637309986001,0.5801605290832574,0.5990280996650531,0.5086637309986001,0.5801605290832574,0.5990280996650531,0.5980066445182725,0.6088850174216028,0.6513614522156967,0.5980066445182725,0.6088850174216028,0.6513614522156967,0.979315831344471,0.984266543267006,0.9862881885975464,0.979315831344471,0.984266543267006,0.9862881885975464,0.6160445650463109,0.6515192254933913,0.6777472072256034,7990.0,8375.0,8611.0,150.05160749999996,158.7114808333332,160.7930033333332,133.16666666666666,139.58333333333334,143.51666666666668,212.32198277777775,212.34181361111115,215.87509
RECORDED,BUS_A_to_BUS_B,BUS_A,BUS_B,ACC_GYR,CORAL,FIVE_PARTITION_UNLABELED_BUDGET,18,5,5,0.6739823672856875,0.6935423665546846,0.7040032349373231,0.5886062690598777,0.6134260199757403,0.619840446029903,0.5728756209337249,0.5800435014508503,0.5887042647208778,0.4579484181428845,0.4653298429543395,0.4786044148862321,0.4579484181428845,0.4653298429543395,0.4786044148862321,0.4706565950029053,0.5402357765248591,0.5914958238420653,0.4706565950029053,0.5402357765248591,0.5914958238420653,0.9190038142248148,0.9241844769403824,0.924294381429702,0.9190038142248148,0.9241844769403824,0.924294381429702,0.5319880105613971,0.5641204114804539,0.5898208883693528,7990.0,8375.0,8611.0,150.05160749999996,158.7114808333332,160.7930033333332,133.16666666666666,139.58333333333334,143.51666666666668,212.32198277777775,212.34181361111115,215.87509
RECORDED,BUS_A_to_BUS_B,BUS_A,BUS_B,ACC_MAG_GYR,ZSCORE,FIVE_PARTITION_UNLABELED_BUDGET,18,5,5,0.8042179917879806,0.8273885350318472,0.8424310635903207,0.6759770801308537,0.7105560154219803,0.7297242919668201,0.6811935553412933,0.722958205821096,0.7361104916239755,0.5816508471342381,0.6373946972512857,0.6563440434767761,0.5816508471342381,0.6373946972512857,0.6563440434767761,0.7064743374706475,0.7702001482579689,0.7941176470588235,0.7064743374706475,0.7702001482579689,0.7941176470588235,0.9716580066131318,0.9754098360655736,0.9796487315305268,0.9716580066131318,0.9754098360655736,0.9796487315305268,0.6913058681930351,0.7497463542775729,0.751421982316187,7990.0,8375.0,8611.0,150.05160749999996,158.7114808333332,160.7930033333332,133.16666666666666,139.58333333333334,143.51666666666668,212.32198277777775,212.34181361111115,215.87509
RECORDED,BUS_A_to_BUS_B,BUS_A,BUS_B,ACC_MAG_GYR,QUANTILE,FIVE_PARTITION_UNLABELED_BUDGET,18,5,5,0.6883227176220806,0.6953093408815204,0.708262495749745,0.6264085585029984,0.6515933992056913,0.660482109646918,0.5941014366672579,0.6093974894148302,0.6200790584490906,0.4634650446767812,0.4865036805855234,0.5008333474990083,0.4634650446767812,0.4865036805855234,0.5008333474990083,0.3666061705989111,0.3863636363636363,0.4774859287054409,0.3666061705989111,0.3863636363636363,0.4774859287054409,0.97807891590275,0.9849502199583235,0.986010612638688,0.97807891590275,0.9849502199583235,0.986010612638688,0.4866276128846397,0.531612353092115,0.5630418065516307,7990.0,8375.0,8611.0,150.05160749999996,158.7114808333332,160.7930033333332,133.16666666666666,139.58333333333334,143.51666666666668,212.32198277777775,212.34181361111115,215.87509
RECORDED,BUS_A_to_BUS_B,BUS_A,BUS_B,ACC_MAG_GYR,CORAL,FIVE_PARTITION_UNLABELED_BUDGET,18,5,5,0.6537235040330145,0.6646136618141097,0.6719745222929936,0.5675702984025869,0.5834943424876713,0.5955366379826725,0.5427195776855969,0.5663466835993245,0.5865078637764515,0.4163436879502453,0.4394946931766805,0.466543818368602,0.4163436879502453,0.4394946931766805,0.466543818368602,0.418216805644644,0.4735557363710334,0.494773519163763,0.418216805644644,0.4735557363710334,0.494773519163763,0.9344378698224852,0.9464,0.9469026548672568,0.9344378698224852,0.9464,0.9469026548672568,0.479336664644145,0.5377174178250999,0.5413270128142842,7990.0,8375.0,8611.0,150.05160749999996,158.7114808333332,160.7930033333332,133.16666666666666,139.58333333333334,143.51666666666668,212.32198277777775,212.34181361111115,215.87509
RECORDED,BUS_B_to_BUS_A,BUS_B,BUS_A,ACC,ZSCORE,FIVE_PARTITION_UNLABELED_BUDGET,18,5,5,0.6802666128054938,0.6891534391534392,0.7398395029769609,0.5317230575372591,0.533397334472308,0.5924020431295915,0.4568394821859849,0.4800200910295468,0.5639546103599937,0.2822449738769554,0.308176914133447,0.4211659690720896,0.2822449738769554,0.308176914133447,0.4211659690720896,0.0,0.0,0.0,0.0,0.0,0.0,0.983288409703504,0.9870875179340028,0.992320534223706,0.983288409703504,0.9870875179340028,0.992320534223706,0.2741036893115909,0.288012054617728,0.3383727662159962,6852.0,7203.0,8374.0,142.91942611111114,144.022228611111,165.7267405555556,114.2,120.05,139.56666666666666,278.2406766666667,282.78648527777773,296.6045361111111
RECORDED,BUS_B_to_BUS_A,BUS_B,BUS_A,ACC,QUANTILE,FIVE_PARTITION_UNLABELED_BUDGET,18,5,5,0.6826903655827106,0.7398395029769609,0.7514769594328475,0.5629759539547262,0.6454946592480837,0.6622814292530984,0.5554230106294823,0.6060762948983492,0.6366169015886138,0.4177326241122776,0.480621013575559,0.5201487003260371,0.4177326241122776,0.480621013575559,0.5201487003260371,0.2398331595411887,0.3615702479338843,0.451761102603369,0.2398331595411887,0.3615702479338843,0.451761102603369,0.9684941701810964,0.9824421388667198,0.986021505376344,0.9684941701810964,0.9824421388667198,0.986021505376344,0.4806168494600961,0.4888648950857193,0.5082738761125632,6852.0,7203.0,8374.0,142.91942611111114,144.022228611111,165.7267405555556,114.2,120.05,139.56666666666666,278.2406766666667,282.78648527777773,296.6045361111111
RECORDED,BUS_B_to_BUS_A,BUS_B,BUS_A,ACC,CORAL,FIVE_PARTITION_UNLABELED_BUDGET,18,5,5,0.5960412037972127,0.6219576719576719,0.6629562516179135,0.4840740793305061,0.5087338897159175,0.5524887201593199,0.4456395352103877,0.4456419182530883,0.5162239110122497,0.3028177096361255,0.3205249217369783,0.3895656045465474,0.3028177096361255,0.3205249217369783,0.3895656045465474,0.0,0.0,0.009367681498829,0.0,0.0,0.009367681498829,0.8741050119331742,0.8961988304093568,0.9066279632317368,0.8741050119331742,0.8961988304093568,0.9066279632317368,0.2673837211262326,0.267385150951853,0.3097343466073498,6852.0,7203.0,8374.0,142.91942611111114,144.022228611111,165.7267405555556,114.2,120.05,139.56666666666666,278.2406766666667,282.78648527777773,296.6045361111111
RECORDED,BUS_B_to_BUS_A,BUS_B,BUS_A,ACC_MAG,ZSCORE,FIVE_PARTITION_UNLABELED_BUDGET,18,5,5,0.6740052514643506,0.6862433862433862,0.7577012684442144,0.5270538377037142,0.5323701497514854,0.5892200129680601,0.4624505420636031,0.4835196632610244,0.5692960238673455,0.2933483677688234,0.3128443320095025,0.4321911781377587,0.2933483677688234,0.3128443320095025,0.4321911781377587,0.0,0.0,0.0,0.0,0.0,0.0,0.9799891833423472,0.9806105610561056,0.9933333333333332,0.9799891833423472,0.9806105610561056,0.9933333333333332,0.2774703252381619,0.2901117979566147,0.3415776143204073,6852.0,7203.0,8374.0,142.91942611111114,144.022228611111,165.7267405555556,114.2,120.05,139.56666666666666,278.2406766666667,282.78648527777773,296.6045361111111
RECORDED,BUS_B_to_BUS_A,BUS_B,BUS_A,ACC_MAG,QUANTILE,FIVE_PARTITION_UNLABELED_BUDGET,18,5,5,0.6639917162826818,0.6659260755402949,0.7136667979519495,0.5336637787478434,0.5888385933598851,0.5930290366976507,0.5230857183640163,0.5278451178415369,0.5479095856292723,0.3754493696355334,0.3826469136450403,0.4015678897167516,0.3754493696355334,0.3826469136450403,0.4015678897167516,0.1632653061224489,0.2366863905325443,0.2779369627507163,0.1632653061224489,0.2366863905325443,0.2779369627507163,0.975130890052356,0.9763907734056988,0.985032362459547,0.975130890052356,0.9763907734056988,0.985032362459547,0.3791575534673894,0.4234203075905811,0.4278818558052086,6852.0,7203.0,8374.0,142.91942611111114,144.022228611111,165.7267405555556,114.2,120.05,139.56666666666666,278.2406766666667,282.78648527777773,296.6045361111111
RECORDED,BUS_B_to_BUS_A,BUS_B,BUS_A,ACC_MAG,CORAL,FIVE_PARTITION_UNLABELED_BUDGET,18,5,5,0.586078431372549,0.5897798424560695,0.641470359823971,0.4756329384862153,0.4983864644331264,0.5184412387763708,0.4097355320230973,0.4452285457848015,0.4828259101069002,0.2502156995654481,0.298716186046402,0.3423123285967619,0.2502156995654481,0.298716186046402,0.3423123285967619,0.0,0.0,0.0,0.0,0.0,0.0,0.8652865286528653,0.884765625,0.8882950293960449,0.8652865286528653,0.884765625,0.8882950293960449,0.2458413192138583,0.2671371274708809,0.2896955460641401,6852.0,7203.0,8374.0,142.91942611111114,144.022228611111,165.7267405555556,114.2,120.05,139.56666666666666,278.2406766666667,282.78648527777773,296.6045361111111
RECORDED,BUS_B_to_BUS_A,BUS_B,BUS_A,ACC_GYR,ZSCORE,FIVE_PARTITION_UNLABELED_BUDGET,18,5,5,0.6994708994708995,0.7162745098039216,0.7641729225990163,0.5435966142499413,0.6010772288060048,0.6102589434670183,0.4690999335200588,0.5788019174630492,0.5909812670390912,0.2990795685544853,0.4395824976203488,0.4551930180876271,0.2990795685544853,0.4395824976203488,0.4551930180876271,0.0,0.0,0.0,0.0,0.0,0.0,0.9818805093046034,0.986869101354124,0.9964601769911504,0.9818805093046034,0.986869101354124,0.9964601769911504,0.2814599601120353,0.3545887602234547,0.3554373007381384,6852.0,7203.0,8374.0,142.91942611111114,144.022228611111,165.7267405555556,114.2,120.05,139.56666666666666,278.2406766666667,282.78648527777773,296.6045361111111
RECORDED,BUS_B_to_BUS_A,BUS_B,BUS_A,ACC_GYR,QUANTILE,FIVE_PARTITION_UNLABELED_BUDGET,18,5,5,0.6883457887295495,0.704115972042454,0.7394643560456873,0.5571397418912404,0.6044152351898104,0.6156556626308807,0.5478505923273636,0.5732862597167492,0.5958596671738503,0.4015222264673639,0.4322639054462112,0.4622529072720838,0.4015222264673639,0.4322639054462112,0.4622529072720838,0.1962922573609596,0.3044982698961938,0.3224043715846995,0.1962922573609596,0.3044982698961938,0.3224043715846995,0.9868356899073624,0.988474939694452,0.9963533225283632,0.9868356899073624,0.988474939694452,0.9963533225283632,0.436032703248694,0.465771063788527,0.4779271795848607,6852.0,7203.0,8374.0,142.91942611111114,144.022228611111,165.7267405555556,114.2,120.05,139.56666666666666,278.2406766666667,282.78648527777773,296.6045361111111
RECORDED,BUS_B_to_BUS_A,BUS_B,BUS_A,ACC_GYR,CORAL,FIVE_PARTITION_UNLABELED_BUDGET,18,5,5,0.5742274288022622,0.6228830248129185,0.6388888888888888,0.4605254758537813,0.4859432744158345,0.5126230281551596,0.4374162055683928,0.4593865762521062,0.4615356023810302,0.3114690692330444,0.315413985727446,0.3336950510519368,0.3114690692330444,0.315413985727446,0.3336950510519368,0.0,0.0106951871657754,0.024024024024024,0.0,0.0106951871657754,0.024024024024024,0.8450572563683103,0.8709315375982043,0.8913043478260869,0.8450572563683103,0.8709315375982043,0.8913043478260869,0.2624497233410356,0.2756319457512637,0.2865309710382277,6852.0,7203.0,8374.0,142.91942611111114,144.022228611111,165.7267405555556,114.2,120.05,139.56666666666666,278.2406766666667,282.78648527777773,296.6045361111111
RECORDED,BUS_B_to_BUS_A,BUS_B,BUS_A,ACC_MAG_GYR,ZSCORE,FIVE_PARTITION_UNLABELED_BUDGET,18,5,5,0.6886243386243386,0.6937254901960784,0.7623608594356718,0.5362596620929398,0.5645774120440095,0.6152457357571759,0.4652611784865144,0.5094066421947687,0.5936965533322043,0.2974030949165918,0.3472047209768678,0.4588133998117779,0.2974030949165918,0.3472047209768678,0.4588133998117779,0.0,0.0,0.0,0.0,0.0,0.0,0.968835429196282,0.9808128739426448,0.9960124058484714,0.968835429196282,0.9808128739426448,0.9960124058484714,0.2791567070919086,0.3056439853168612,0.3562179319993225,6852.0,7203.0,8374.0,142.91942611111114,144.022228611111,165.7267405555556,114.2,120.05,139.56666666666666,278.2406766666667,282.78648527777773,296.6045361111111
RECORDED,BUS_B_to_BUS_A,BUS_B,BUS_A,ACC_MAG_GYR,QUANTILE,FIVE_PARTITION_UNLABELED_BUDGET,18,5,5,0.6893556857200566,0.7028216412114937,0.7217408428515163,0.5440516538644304,0.5985975034810008,0.6030801302878935,0.5308988242793216,0.5327238563278874,0.5882378252277217,0.3756804919710502,0.3837545078236863,0.4524238910425234,0.3756804919710502,0.3837545078236863,0.4524238910425234,0.2432432432432432,0.2716763005780346,0.2787652011225444,0.2432432432432432,0.2716763005780346,0.2787652011225444,0.9796319018404908,0.986021505376344,0.9956796277833168,0.9796319018404908,0.986021505376344,0.9956796277833168,0.3979179435778034,0.4272098147988068,0.4502399924339303,6852.0,7203.0,8374.0,142.91942611111114,144.022228611111,165.7267405555556,114.2,120.05,139.56666666666666,278.2406766666667,282.78648527777773,296.6045361111111
RECORDED,BUS_B_to_BUS_A,BUS_B,BUS_A,ACC_MAG_GYR,CORAL,FIVE_PARTITION_UNLABELED_BUDGET,18,5,5,0.5092156862745097,0.5092592592592593,0.6300802485115196,0.4266994121860485,0.4453093431540588,0.5180196123161707,0.3565738583586879,0.3964415798402454,0.4813663188734971,0.236376233835399,0.2681417371630872,0.3509171921175059,0.236376233835399,0.2681417371630872,0.3509171921175059,0.0,0.0,0.0,0.0,0.0,0.0,0.7730657170605374,0.780523611450942,0.7813411078717201,0.7730657170605374,0.780523611450942,0.7813411078717201,0.2139443150152127,0.2378649479041472,0.2888197913240982,6852.0,7203.0,8374.0,142.91942611111114,144.022228611111,165.7267405555556,114.2,120.05,139.56666666666666,278.2406766666667,282.78648527777773,296.6045361111111
YAW90_LEFT,BUS_A_to_BUS_B,BUS_A,BUS_B,ACC,ZSCORE,FIVE_PARTITION_UNLABELED_BUDGET,18,5,5,0.7747139373475895,0.7900212314225054,0.8010880652839171,0.6729641199726928,0.7105310619379712,0.7423852306981913,0.6687911513003131,0.6734958042627053,0.7354898362383404,0.5748112300679865,0.5785840862732875,0.6638971853746604,0.5748112300679865,0.5785840862732875,0.6638971853746604,0.8015978695073236,0.8083785880527541,0.8205900060204696,0.8015978695073236,0.8083785880527541,0.8205900060204696,0.9493757094211124,0.9502677888293802,0.9507309149972928,0.9493757094211124,0.9502677888293802,0.9507309149972928,0.7274489177787249,0.7295106931883757,0.7619330495459338,7990.0,8375.0,8611.0,150.05160749999996,158.7114808333332,160.7930033333332,133.16666666666666,139.58333333333334,143.51666666666668,212.32198277777775,212.34181361111115,215.87509
YAW90_LEFT,BUS_A_to_BUS_B,BUS_A,BUS_B,ACC,QUANTILE,FIVE_PARTITION_UNLABELED_BUDGET,18,5,5,0.7197452229299363,0.7437476670399403,0.797598949540424,0.7336811834513723,0.7442822311975246,0.7630240444063344,0.6731346558308282,0.6854652569328847,0.7236915009475721,0.5832134961532037,0.5924020208652298,0.6437770771461061,0.5832134961532037,0.5924020208652298,0.6437770771461061,0.6205083260297984,0.6361957525392429,0.7452025586353944,0.6205083260297984,0.6361957525392429,0.7452025586353944,0.9594594594594594,0.9634347723519698,0.96465496513585,0.9594594594594594,0.9634347723519698,0.96465496513585,0.6583590945141942,0.6594824845716503,0.7322959240227009,7990.0,8375.0,8611.0,150.05160749999996,158.7114808333332,160.7930033333332,133.16666666666666,139.58333333333334,143.51666666666668,212.32198277777775,212.34181361111115,215.87509
YAW90_LEFT,BUS_A_to_BUS_B,BUS_A,BUS_B,ACC,CORAL,FIVE_PARTITION_UNLABELED_BUDGET,18,5,5,0.6978768577494692,0.7069968111048583,0.7082866741321389,0.6534521663572653,0.6643484218662551,0.6722870127953993,0.6162450113031923,0.6205600575207222,0.6231938050448721,0.515102168564623,0.5226168101490624,0.5298264899875543,0.515102168564623,0.5226168101490624,0.5298264899875543,0.6679764243614931,0.6860423394330821,0.7139567019806541,0.6679764243614931,0.6860423394330821,0.7139567019806541,0.9032957502168256,0.9143897996357012,0.9173768062245276,0.9032957502168256,0.9143897996357012,0.9173768062245276,0.6395266042570306,0.648333218800156,0.655329687574177,7990.0,8375.0,8611.0,150.05160749999996,158.7114808333332,160.7930033333332,133.16666666666666,139.58333333333334,143.51666666666668,212.32198277777775,212.34181361111115,215.87509
YAW90_LEFT,BUS_A_to_BUS_B,BUS_A,BUS_B,ACC_MAG,ZSCORE,FIVE_PARTITION_UNLABELED_BUDGET,18,5,5,0.740574841358716,0.7554140127388536,0.8518101669480398,0.6219722561744394,0.6356562942615317,0.7278572003038362,0.6334515576996185,0.6370518355163792,0.748712479069617,0.5288602875783512,0.5330152110112026,0.6851127964099497,0.5288602875783512,0.5330152110112026,0.6851127964099497,0.5714285714285714,0.7419146183699871,0.8316041500399042,0.5714285714285714,0.7419146183699871,0.8316041500399042,0.9472253680634202,0.9491617090319092,0.9495026778882938,0.9472253680634202,0.9491617090319092,0.9495026778882938,0.6086423631911997,0.6789969486578223,0.7919942858607426,7990.0,8375.0,8611.0,150.05160749999996,158.7114808333332,160.7930033333332,133.16666666666666,139.58333333333334,143.51666666666668,212.32198277777775,212.34181361111115,215.87509
YAW90_LEFT,BUS_A_to_BUS_B,BUS_A,BUS_B,ACC_MAG,QUANTILE,FIVE_PARTITION_UNLABELED_BUDGET,18,5,5,0.6820809248554913,0.7745653052972099,0.77491601343785,0.6723531454150177,0.6897576449532244,0.7284169455502605,0.6176967527953434,0.65973648520528,0.6979104933379684,0.5076859303195268,0.5574818614806442,0.6085892166605563,0.5076859303195268,0.5574818614806442,0.6085892166605563,0.4894514767932489,0.6472196900638104,0.6716417910447762,0.4894514767932489,0.6472196900638104,0.6716417910447762,0.9618745035742652,0.9658743233702048,0.9665003563791874,0.9618745035742652,0.9658743233702048,0.9665003563791874,0.5663986423945055,0.671520334543547,0.6874030124206916,7990.0,8375.0,8611.0,150.05160749999996,158.7114808333332,160.7930033333332,133.16666666666666,139.58333333333334,143.51666666666668,212.32198277777775,212.34181361111115,215.87509
YAW90_LEFT,BUS_A_to_BUS_B,BUS_A,BUS_B,ACC_MAG,CORAL,FIVE_PARTITION_UNLABELED_BUDGET,18,5,5,0.5831926467829676,0.6481953290870488,0.654535274356103,0.5071511897885785,0.6071420116178009,0.6356404771346771,0.4261533891927443,0.583554196465511,0.5856443158426684,0.2588065747239529,0.4704954803966068,0.4719286620373689,0.2588065747239529,0.4704954803966068,0.4719286620373689,0.1012829169480081,0.3861003861003861,0.4242728184553661,0.1012829169480081,0.3861003861003861,0.4242728184553661,0.9261285909712722,0.926791277258567,0.9281938325991188,0.9261285909712722,0.926791277258567,0.9281938325991188,0.2729637198771696,0.5058267439457556,0.519841645261453,7990.0,8375.0,8611.0,150.05160749999996,158.7114808333332,160.7930033333332,133.16666666666666,139.58333333333334,143.51666666666668,212.32198277777775,212.34181361111115,215.87509
YAW90_LEFT,BUS_A_to_BUS_B,BUS_A,BUS_B,ACC_GYR,ZSCORE,FIVE_PARTITION_UNLABELED_BUDGET,18,5,5,0.8081373646883165,0.8120427687113112,0.8218293097585855,0.678116848966994,0.7273926565074651,0.7311181957623638,0.684358210016827,0.70650271916274,0.743944171263909,0.5905943120825258,0.617085120509004,0.6703630212635331,0.5905943120825258,0.617085120509004,0.6703630212635331,0.7602179836512262,0.7682291666666666,0.8256735340729001,0.7602179836512262,0.7682291666666666,0.8256735340729001,0.9656499038197308,0.96938294865756,0.9747555151239482,0.9656499038197308,0.96938294865756,0.9747555151239482,0.7179065926767628,0.750453696218836,0.754171045126804,7990.0,8375.0,8611.0,150.05160749999996,158.7114808333332,160.7930033333332,133.16666666666666,139.58333333333334,143.51666666666668,212.32198277777775,212.34181361111115,215.87509
YAW90_LEFT,BUS_A_to_BUS_B,BUS_A,BUS_B,ACC_GYR,QUANTILE,FIVE_PARTITION_UNLABELED_BUDGET,18,5,5,0.775583864118896,0.7831551303695367,0.7897290739991912,0.7493559553601267,0.770345780984788,0.7716585999347908,0.6897826134119591,0.7145774391223492,0.7260699850212528,0.5931697532298511,0.6272102173372617,0.6458329086270388,0.5931697532298511,0.6272102173372617,0.6458329086270388,0.7258320126782885,0.7380448582310623,0.746615087040619,0.7258320126782885,0.7380448582310623,0.746615087040619,0.9702499008330028,0.9748261807719972,0.976679104477612,0.9702499008330028,0.9748261807719972,0.976679104477612,0.712515602863423,0.7308599343051765,0.7372696847649229,7990.0,8375.0,8611.0,150.05160749999996,158.7114808333332,160.7930033333332,133.16666666666666,139.58333333333334,143.51666666666668,212.32198277777775,212.34181361111115,215.87509
YAW90_LEFT,BUS_A_to_BUS_B,BUS_A,BUS_B,ACC_GYR,CORAL,FIVE_PARTITION_UNLABELED_BUDGET,18,5,5,0.6486049332794177,0.6685774946921443,0.6884261864565747,0.5876680532936666,0.63172915382477,0.6476334243025161,0.5597132903067665,0.5962388581957258,0.601090160358899,0.438128198322485,0.4810493259003706,0.4917468687749258,0.438128198322485,0.4810493259003706,0.4917468687749258,0.4714160070360598,0.4907718120805369,0.5526663728514765,0.4714160070360598,0.4907718120805369,0.5526663728514765,0.924494382022472,0.9291200351108184,0.9366005445352004,0.924494382022472,0.9291200351108184,0.9366005445352004,0.5321366990162747,0.5507526173427701,0.578809864058026,7990.0,8375.0,8611.0,150.05160749999996,158.7114808333332,160.7930033333332,133.16666666666666,139.58333333333334,143.51666666666668,212.32198277777775,212.34181361111115,215.87509
YAW90_LEFT,BUS_A_to_BUS_B,BUS_A,BUS_B,ACC_MAG_GYR,ZSCORE,FIVE_PARTITION_UNLABELED_BUDGET,18,5,5,0.7711662699761985,0.783651804670913,0.8521853310823485,0.6619292608961194,0.6766445642736122,0.7326217634336658,0.664405505131486,0.6854541185742498,0.7348300444877276,0.5645205546243316,0.5933714488791416,0.6556615256812935,0.5645205546243316,0.5933714488791416,0.6556615256812935,0.6682615629984051,0.7661990647962592,0.8309409888357256,0.6682615629984051,0.7661990647962592,0.8309409888357256,0.9640603566529492,0.9675599435825106,0.9723356009070296,0.9640603566529492,0.9675599435825106,0.9723356009070296,0.678577096343912,0.7051229289973953,0.7732744222269268,7990.0,8375.0,8611.0,150.05160749999996,158.7114808333332,160.7930033333332,133.16666666666666,139.58333333333334,143.51666666666668,212.32198277777775,212.34181361111115,215.87509
YAW90_LEFT,BUS_A_to_BUS_B,BUS_A,BUS_B,ACC_MAG_GYR,QUANTILE,FIVE_PARTITION_UNLABELED_BUDGET,18,5,5,0.7891577565184769,0.7951880307319046,0.8062709966405375,0.7529712783239227,0.7612015363248782,0.7621784527895806,0.7141647466044483,0.7153105705214927,0.7416001660308017,0.6282967132435169,0.6308286236373059,0.6656723221033618,0.6282967132435169,0.6308286236373059,0.6656723221033618,0.7334058759521219,0.739697443922796,0.7692307692307693,0.7334058759521219,0.739697443922796,0.7692307692307693,0.9693836978131212,0.9740758521363418,0.9763521423554202,0.9693836978131212,0.9740758521363418,0.9763521423554202,0.713767319738713,0.7225486926937443,0.7602358334855062,7990.0,8375.0,8611.0,150.05160749999996,158.7114808333332,160.7930033333332,133.16666666666666,139.58333333333334,143.51666666666668,212.32198277777775,212.34181361111115,215.87509
YAW90_LEFT,BUS_A_to_BUS_B,BUS_A,BUS_B,ACC_MAG_GYR,CORAL,FIVE_PARTITION_UNLABELED_BUDGET,18,5,5,0.573954437266236,0.5936972425436128,0.662187383351997,0.5071772515324737,0.522036413000412,0.6274836831301389,0.4449185213170206,0.4460110256085078,0.5857857457565755,0.2834494446154913,0.2854851873140883,0.4674883389748689,0.2834494446154913,0.2854851873140883,0.4674883389748689,0.0739081746920492,0.1976744186046511,0.4328358208955223,0.0739081746920492,0.1976744186046511,0.4328358208955223,0.9293257514216084,0.940677966101695,0.9448781641826356,0.9293257514216084,0.940677966101695,0.9448781641826356,0.296514382667032,0.3314168985673164,0.5246057758121543,7990.0,8375.0,8611.0,150.05160749999996,158.7114808333332,160.7930033333332,133.16666666666666,139.58333333333334,143.51666666666668,212.32198277777775,212.34181361111115,215.87509
YAW90_LEFT,BUS_B_to_BUS_A,BUS_B,BUS_A,ACC,ZSCORE,FIVE_PARTITION_UNLABELED_BUDGET,18,5,5,0.6529100529100529,0.653921568627451,0.7328501164897748,0.4958160121393521,0.5223999283330722,0.5923848021482991,0.4154493848973413,0.4752641940166958,0.5576914368031882,0.2263069424201993,0.3021276692526206,0.4113634050992864,0.2263069424201993,0.3021276692526206,0.4113634050992864,0.0,0.0,0.0,0.0,0.0,0.0,0.9828767123287672,0.9868385710448564,0.9946737683089214,0.9828767123287672,0.9868385710448564,0.9946737683089214,0.2492696309384047,0.2851585164100175,0.3346148620819129,6852.0,7203.0,8374.0,142.91942611111114,144.022228611111,165.7267405555556,114.2,120.05,139.56666666666666,278.2406766666667,282.78648527777773,296.6045361111111
YAW90_LEFT,BUS_B_to_BUS_A,BUS_B,BUS_A,ACC,QUANTILE,FIVE_PARTITION_UNLABELED_BUDGET,18,5,5,0.6575200621278798,0.6727933750757423,0.7179992122883024,0.5285352589563741,0.5795248694647938,0.6044240849085524,0.5202533454299871,0.550290176787837,0.550668918647762,0.3709303129400822,0.403429682548776,0.4088693410849092,0.3709303129400822,0.403429682548776,0.4088693410849092,0.2186878727634194,0.3525925925925925,0.3949152542372881,0.2186878727634194,0.3525925925925925,0.3949152542372881,0.968222442899702,0.9745526838966204,0.9879259458009124,0.968222442899702,0.9745526838966204,0.9879259458009124,0.417876500294025,0.4489854238828138,0.4712111431097392,6852.0,7203.0,8374.0,142.91942611111114,144.022228611111,165.7267405555556,114.2,120.05,139.56666666666666,278.2406766666667,282.78648527777773,296.6045361111111
YAW90_LEFT,BUS_B_to_BUS_A,BUS_B,BUS_A,ACC,CORAL,FIVE_PARTITION_UNLABELED_BUDGET,18,5,5,0.5725490196078431,0.5973544973544973,0.6269738545172145,0.4686344881576765,0.4740365684345147,0.4936331435250622,0.4201693211839525,0.432422537241139,0.4710227363722422,0.2661894266654911,0.2789124035522754,0.3310890336269325,0.2661894266654911,0.2789124035522754,0.3310890336269325,0.0,0.004750593824228,0.028673835125448,0.0,0.004750593824228,0.028673835125448,0.8821090047393365,0.8908238446081714,0.8929529383077298,0.8821090047393365,0.8908238446081714,0.8929529383077298,0.2521015927103714,0.2613537598743746,0.2826136418233453,6852.0,7203.0,8374.0,142.91942611111114,144.022228611111,165.7267405555556,114.2,120.05,139.56666666666666,278.2406766666667,282.78648527777773,296.6045361111111
YAW90_LEFT,BUS_B_to_BUS_A,BUS_B,BUS_A,ACC_MAG,ZSCORE,FIVE_PARTITION_UNLABELED_BUDGET,18,5,5,0.6463340739244597,0.6478835978835978,0.7043748382086461,0.4966600138193126,0.5018183785102907,0.5722325673383974,0.429670348706421,0.4558144024283134,0.5407023303719128,0.2515186114291892,0.2761961912430821,0.3902548649517997,0.2515186114291892,0.2761961912430821,0.3902548649517997,0.0,0.0,0.0,0.0,0.0,0.0,0.970881863560732,0.975,0.994342762063228,0.970881863560732,0.975,0.994342762063228,0.2578022092238526,0.2744398899706622,0.3244213982231477,6852.0,7203.0,8374.0,142.91942611111114,144.022228611111,165.7267405555556,114.2,120.05,139.56666666666666,278.2406766666667,282.78648527777773,296.6045361111111
YAW90_LEFT,BUS_B_to_BUS_A,BUS_B,BUS_A,ACC_MAG,QUANTILE,FIVE_PARTITION_UNLABELED_BUDGET,18,5,5,0.6566350232276308,0.6606264561221848,0.7126821583300512,0.5177750774492629,0.5757018439985692,0.5874752544091569,0.5086512737331393,0.5211206113016097,0.5527519216482322,0.3622435336684773,0.36736816096038,0.4089317974456555,0.3622435336684773,0.36736816096038,0.4089317974456555,0.1492007104795737,0.2305084745762712,0.2689075630252101,0.1492007104795737,0.2305084745762712,0.2689075630252101,0.9524828767123288,0.9722070844686648,0.9823779623252988,0.9524828767123288,0.9722070844686648,0.9823779623252988,0.3648710484317131,0.4048757566114743,0.4392141781990233,6852.0,7203.0,8374.0,142.91942611111114,144.022228611111,165.7267405555556,114.2,120.05,139.56666666666666,278.2406766666667,282.78648527777773,296.6045361111111
YAW90_LEFT,BUS_B_to_BUS_A,BUS_B,BUS_A,ACC_MAG,CORAL,FIVE_PARTITION_UNLABELED_BUDGET,18,5,5,0.5396889517269239,0.5472549019607843,0.5594722331626625,0.4266810462202972,0.4302736038308226,0.4427939602425453,0.3690978736086203,0.4030014073138931,0.4043119381016619,0.2104846359164406,0.2478706834160083,0.284570596797671,0.2104846359164406,0.2478706834160083,0.284570596797671,0.0,0.0,0.0,0.0,0.0,0.0,0.8269230769230769,0.8449375866851595,0.8736357021586224,0.8269230769230769,0.8449375866851595,0.8736357021586224,0.2214587241651722,0.2418008443883358,0.2425871628609971,6852.0,7203.0,8374.0,142.91942611111114,144.022228611111,165.7267405555556,114.2,120.05,139.56666666666666,278.2406766666667,282.78648527777773,296.6045361111111
YAW90_LEFT,BUS_B_to_BUS_A,BUS_B,BUS_A,ACC_GYR,ZSCORE,FIVE_PARTITION_UNLABELED_BUDGET,18,5,5,0.6695767195767196,0.6784313725490196,0.7486409526274916,0.5081450194979682,0.5497259561772436,0.6127791747295503,0.4301066654599512,0.5006817754875488,0.5762272424011256,0.2490267220940185,0.335790697332215,0.4357415167178751,0.2490267220940185,0.335790697332215,0.4357415167178751,0.0,0.0,0.0,0.0,0.0,0.0,0.9786081776333604,0.9862507695464806,0.99535500995355,0.9786081776333604,0.9862507695464806,0.99535500995355,0.2580639992759707,0.3004090652925292,0.3457363454406753,6852.0,7203.0,8374.0,142.91942611111114,144.022228611111,165.7267405555556,114.2,120.05,139.56666666666666,278.2406766666667,282.78648527777773,296.6045361111111
YAW90_LEFT,BUS_B_to_BUS_A,BUS_B,BUS_A,ACC_GYR,QUANTILE,FIVE_PARTITION_UNLABELED_BUDGET,18,5,5,0.6487186124773492,0.676227024843466,0.7384797164237888,0.5111045204798916,0.5661594510897006,0.6360416518840545,0.4948067242134548,0.5433201741627627,0.5746831000287473,0.331534667350915,0.3926418955658335,0.4338562349383837,0.331534667350915,0.3926418955658335,0.4338562349383837,0.1803571428571428,0.2339075249320036,0.3868194842406877,0.1803571428571428,0.2339075249320036,0.3868194842406877,0.984622894801074,0.9868456375838928,0.99535500995355,0.984622894801074,0.9868456375838928,0.99535500995355,0.3604660810953514,0.3981349616405147,0.4995376537135235,6852.0,7203.0,8374.0,142.91942611111114,144.022228611111,165.7267405555556,114.2,120.05,139.56666666666666,278.2406766666667,282.78648527777773,296.6045361111111
YAW90_LEFT,BUS_B_to_BUS_A,BUS_B,BUS_A,ACC_GYR,CORAL,FIVE_PARTITION_UNLABELED_BUDGET,18,5,5,0.5058823529411764,0.5317111053585296,0.5374163056321386,0.391365731271367,0.4059877360254313,0.4510407956411547,0.3599575930719364,0.3898789597139669,0.4120654456950223,0.2208690028748996,0.2486901535682023,0.2520110145923857,0.2208690028748996,0.2486901535682023,0.2520110145923857,0.0097560975609756,0.0121951219512195,0.0141676505312868,0.0097560975609756,0.0121951219512195,0.0141676505312868,0.8134453781512605,0.859987929993965,0.8677091089600397,0.8134453781512605,0.859987929993965,0.8677091089600397,0.2198769948675521,0.2388054246088679,0.2546742116549316,6852.0,7203.0,8374.0,142.91942611111114,144.022228611111,165.7267405555556,114.2,120.05,139.56666666666666,278.2406766666667,282.78648527777773,296.6045361111111
YAW90_LEFT,BUS_B_to_BUS_A,BUS_B,BUS_A,ACC_MAG_GYR,ZSCORE,FIVE_PARTITION_UNLABELED_BUDGET,18,5,5,0.6491617854978792,0.6562745098039215,0.6769350245922858,0.4998805999793516,0.5164239988509354,0.5530431447184702,0.4388642711081566,0.4666696799594085,0.5050598201337213,0.2646331403092945,0.2902925382884195,0.3452880935116285,0.2646331403092945,0.2902925382884195,0.3452880935116285,0.0,0.0,0.0,0.0,0.0,0.0,0.9733260751224824,0.984375,0.9958011049723756,0.9733260751224824,0.984375,0.9958011049723756,0.2633185626648939,0.2800018079756451,0.3054528105092358,6852.0,7203.0,8374.0,142.91942611111114,144.022228611111,165.7267405555556,114.2,120.05,139.56666666666666,278.2406766666667,282.78648527777773,296.6045361111111
YAW90_LEFT,BUS_B_to_BUS_A,BUS_B,BUS_A,ACC_MAG_GYR,QUANTILE,FIVE_PARTITION_UNLABELED_BUDGET,18,5,5,0.6689101734403313,0.6814784891941023,0.732374950768019,0.5371981706902282,0.592424081252505,0.602243777760896,0.5272252258184631,0.5560099957007614,0.5569125852470124,0.3764230004777872,0.4097851991403285,0.4100945063437985,0.3764230004777872,0.4097851991403285,0.4100945063437985,0.1652542372881356,0.2540106951871658,0.3221690590111642,0.1652542372881356,0.2540106951871658,0.3221690590111642,0.9796319018404908,0.9857488572196828,0.9946843853820598,0.9796319018404908,0.9857488572196828,0.9946843853820598,0.3778735970295394,0.4352102754953231,0.4651161732491624,6852.0,7203.0,8374.0,142.91942611111114,144.022228611111,165.7267405555556,114.2,120.05,139.56666666666666,278.2406766666667,282.78648527777773,296.6045361111111
YAW90_LEFT,BUS_B_to_BUS_A,BUS_B,BUS_A,ACC_MAG_GYR,CORAL,FIVE_PARTITION_UNLABELED_BUDGET,18,5,5,0.4275132275132275,0.4862150452934226,0.4939215686274509,0.3488786204353358,0.3841721374341178,0.4074247465904588,0.2964028914369752,0.3624343147049742,0.3708177007085752,0.177679115182043,0.2270365843938708,0.2632996612957607,0.177679115182043,0.2270365843938708,0.2632996612957607,0.0,0.0,0.010948905109489,0.0,0.0,0.010948905109489,0.6598382749326146,0.713272543059777,0.8021610496526884,0.6598382749326146,0.713272543059777,0.8021610496526884,0.1778417348621851,0.2224906204251451,0.2319184201482857,6852.0,7203.0,8374.0,142.91942611111114,144.022228611111,165.7267405555556,114.2,120.05,139.56666666666666,278.2406766666667,282.78648527777773,296.6045361111111
