direction,source_vehicle,target_vehicle,sensor_config,method,protocol,budget_k_days,n_partitions,delta_accuracy_median,delta_accuracy_q1,delta_accuracy_q3,delta_balanced_accuracy_median,delta_balanced_accuracy_q1,delta_balanced_accuracy_q3,delta_macro_f1_median,delta_macro_f1_q1,delta_macro_f1_q3,delta_stationary_macro_f1_median,delta_stationary_macro_f1_q1,delta_stationary_macro_f1_q3,delta_stationary_macro_f1_median,delta_stationary_macro_f1_q1,delta_stationary_macro_f1_q3,delta_charging_f1_median,delta_charging_f1_q1,delta_charging_f1_q3,delta_charging_f1_median,delta_charging_f1_q1,delta_charging_f1_q3,delta_driving_f1_median,delta_driving_f1_q1,delta_driving_f1_q3,delta_driving_f1_median,delta_driving_f1_q1,delta_driving_f1_q3,delta_objective_score_median,delta_objective_score_q1,delta_objective_score_q3
BUS_A_to_BUS_B,BUS_A,BUS_B,ACC,RAW,FIVE_PARTITION_UNLABELED_BUDGET,0,5,-0.0339678984695781,-0.062208067940552,-0.028305701577032,-0.0677840889461202,-0.0894152246132463,-0.0407135104202672,-0.0536128117093672,-0.0957860522711833,-0.0384999019857703,-0.0667139785448527,-0.1193270725278407,-0.0459201670881472,-0.0667139785448527,-0.1193270725278407,-0.0459201670881472,-0.0392341481640045,-0.0432569443592041,-0.0182281361297981,-0.0392341481640045,-0.0432569443592041,-0.0182281361297981,-0.0162391066786391,-0.0180557408754956,-0.0143093112029111,-0.0162391066786391,-0.0180557408754956,-0.0143093112029111,-0.0478613462912222,-0.0747744091063915,-0.0441758009105804
BUS_A_to_BUS_B,BUS_A,BUS_B,ACC,CAUSAL,FIVE_PARTITION_UNLABELED_BUDGET,0,5,-0.0818843509906995,-0.1171974522292994,-0.0754012691302725,-0.050628019344502,-0.0668488042643803,-0.0015307221493789,-0.0956049019094951,-0.1131621393939198,-0.0829998096498423,-0.1205700953845647,-0.1419351788795095,-0.1049981911283485,-0.1205700953845647,-0.1419351788795095,-0.1049981911283485,-0.300484757925097,-0.3012548523968583,-0.261022523400744,-0.300484757925097,-0.3012548523968583,-0.261022523400744,-0.0198056716841915,-0.0207093214842859,-0.0170046652143235,-0.0198056716841915,-0.0207093214842859,-0.0170046652143235,-0.1775568443157359,-0.1929026985582993,-0.1723062929966494
BUS_A_to_BUS_B,BUS_A,BUS_B,ACC,ZSCORE,FIVE_PARTITION_UNLABELED_BUDGET,1,5,-0.0378083299636069,-0.0481128867732063,-0.0335013064576334,-0.0403485047475647,-0.0553232657450196,-0.0240470862839579,-0.0439010482061922,-0.0693751128216667,-0.0366912318106792,-0.0566236971390524,-0.0858281726306735,-0.0450282336179509,-0.0566236971390524,-0.0858281726306735,-0.0450282336179509,-1.2883803127031124e-05,-0.0014199719534116,0.0,-1.2883803127031124e-05,-0.0014199719534116,0.0,-0.0135349662694844,-0.0160271523622805,-0.0100464349257918,-0.0135349662694844,-0.0160271523622805,-0.0100464349257918,-0.0269086177050799,-0.0398699813553288,-0.0165429814285572
BUS_A_to_BUS_B,BUS_A,BUS_B,ACC,QUANTILE,FIVE_PARTITION_UNLABELED_BUDGET,1,5,-0.0332213512504666,-0.0351921115266915,-0.0329087048832271,-0.0393387067448788,-0.0437076473483973,-0.0337340602544293,-0.0316020069306635,-0.033185498220213,-0.0313288005824902,-0.038327217313674,-0.0421945787661714,-0.0356453685980785,-0.038327217313674,-0.0421945787661714,-0.0356453685980785,0.0,-0.0125928990949211,0.0014503263234227,0.0,-0.0125928990949211,0.0014503263234227,-0.0077791383099653,-0.015501492188958,-0.0051889395612962,-0.0077791383099653,-0.015501492188958,-0.0051889395612962,-0.018217149820125,-0.0255361844865307,-0.0080482085223611
BUS_A_to_BUS_B,BUS_A,BUS_B,ACC,CORAL,FIVE_PARTITION_UNLABELED_BUDGET,1,5,-0.0290133441164577,-0.0317282568122433,-0.0151003564059276,-0.0360022603255031,-0.037172384519072,-0.0187148698046751,-0.0308670959125025,-0.0405820313672573,-0.0275289754537563,-0.0402138047136914,-0.0536559663346969,-0.0372276454946509,-0.0402138047136914,-0.0536559663346969,-0.0372276454946509,-0.0007309328694804,-0.0025205599550206,-8.047947926766261e-05,-0.0007309328694804,-0.0025205599550206,-8.047947926766261e-05,-0.0033719904297142,-0.007314547169477,-0.002303812440477,-0.0033719904297142,-0.007314547169477,-0.002303812440477,-0.0214362607132534,-0.0257786047559571,-0.019331192416036
BUS_A_to_BUS_B,BUS_A,BUS_B,ACC,ZSCORE,FIVE_PARTITION_UNLABELED_BUDGET,3,5,-0.0176910634856449,-0.0355543113101903,-0.0170010200612036,-0.0163633610105457,-0.0352505438477689,-0.0133524289998769,-0.0222848403664021,-0.0407933384574842,-0.0096576615942218,-0.0227298504850473,-0.0513118779662031,-0.0046871916518984,-0.0227298504850473,-0.0513118779662031,-0.0046871916518984,0.0,0.0,0.0,0.0,0.0,0.0,-0.0176613446198903,-0.0240969817755018,-0.0121316074547082,-0.0176613446198903,-0.0240969817755018,-0.0121316074547082,-0.0080230830775139,-0.0139076660891895,-0.0054491738131824
BUS_A_to_BUS_B,BUS_A,BUS_B,ACC,QUANTILE,FIVE_PARTITION_UNLABELED_BUDGET,3,5,-0.05515117581187,-0.0594479830148619,-0.0453927235634137,-0.0598372865315103,-0.0605809044106094,-0.0580971597457008,-0.0753205351594615,-0.0772702456137806,-0.0657175830508905,-0.0920900368580127,-0.0957690724307033,-0.0785902087479881,-0.0920900368580127,-0.0957690724307033,-0.0785902087479881,-0.116793558717786,-0.119956851282888,-0.1166038946828539,-0.116793558717786,-0.119956851282888,-0.1166038946828539,-0.0145399823350819,-0.0219916006835967,-0.0123995597237367,-0.0145399823350819,-0.0219916006835967,-0.0123995597237367,-0.0979488648447852,-0.0997859861737397,-0.0829552190416857
BUS_A_to_BUS_B,BUS_A,BUS_B,ACC,CORAL,FIVE_PARTITION_UNLABELED_BUDGET,3,5,-0.0250093318402389,-0.0265871411241407,-0.0120990433314575,-0.0152982645502547,-0.0179824822592019,-0.0039152629988673,-0.0202415599708609,-0.0339581873641952,-0.0077848476560714,-0.0276251707553888,-0.0479358002516136,-0.0139121138405082,-0.0276251707553888,-0.0479358002516136,-0.0139121138405082,0.0091479207650667,0.0037790676720366,0.0189218597993709,0.0091479207650667,0.0037790676720366,0.0189218597993709,-0.0006211125199527,-0.0008746475675043,0.0019269732713316,-0.0006211125199527,-0.0008746475675043,0.0019269732713316,-0.0096411247203664,-0.0176863346679021,-0.0046714865241543
BUS_A_to_BUS_B,BUS_A,BUS_B,ACC,ZSCORE,FIVE_PARTITION_UNLABELED_BUDGET,7,5,-0.0224897349757371,-0.0476458450572125,-0.0142539425798625,-0.0170566144750033,-0.0389443554561639,-0.0119834778691113,-0.0431429213623739,-0.0434752010843567,-0.0096983673187089,-0.0539728016878474,-0.0546995245822822,-0.0088644498952832,-0.0539728016878474,-0.0546995245822822,-0.0088644498952832,-0.0104437626664166,-0.0109705667046426,0.0032183830307256,-0.0104437626664166,-0.0109705667046426,0.0032183830307256,-0.0192187769030458,-0.0199129704470242,-0.0187735241217866,-0.0192187769030458,-0.0199129704470242,-0.0187735241217866,-0.0112471494022491,-0.0332117313817068,-0.0040910041764032
BUS_A_to_BUS_B,BUS_A,BUS_B,ACC,QUANTILE,FIVE_PARTITION_UNLABELED_BUDGET,7,5,-0.0071281185518664,-0.060523631417885,0.0003184713375796,-0.0019066669619249,-0.0677640027129273,-0.0003849107181585,0.0024001738773364,-0.0890184902277826,0.0066457475273613,0.0035589438182938,-0.1170877293725972,0.015959872548809,0.0035589438182938,-0.1170877293725972,0.015959872548809,0.0157821385079274,-0.171955289641096,0.0167760635871949,0.0157821385079274,-0.171955289641096,0.0167760635871949,-0.0140859912661044,-0.014813369290611,-0.0090618145568924,-0.0140859912661044,-0.014813369290611,-0.0090618145568924,0.0045551328807111,-0.1137034119535517,0.0130544071946191
BUS_A_to_BUS_B,BUS_A,BUS_B,ACC,CORAL,FIVE_PARTITION_UNLABELED_BUDGET,7,5,-0.0332213512504666,-0.0531847133757961,-0.0287000562746201,-0.036108844219972,-0.0416444960704291,-0.0083475024335856,-0.0497888286906819,-0.065412685533402,-0.0238045155324012,-0.0659109368673275,-0.0868448957012586,-0.0325839088777579,-0.0659109368673275,-0.0868448957012586,-0.0325839088777579,-0.0433992587726511,-0.0712400450668577,0.0110668589489254,-0.0433992587726511,-0.0712400450668577,0.0110668589489254,-0.001272579563719,-0.001518360002956,0.0027763107687696,-0.001272579563719,-0.001518360002956,0.0027763107687696,-0.038951353684095,-0.0713573436197257,-0.017322147404382
BUS_A_to_BUS_B,BUS_A,BUS_B,ACC,ZSCORE,FIVE_PARTITION_UNLABELED_BUDGET,14,5,-0.0412951167728237,-0.0471257932064203,-0.0385923155389323,-0.0095355089258272,-0.0262626987399036,0.0069315445216029,-0.0370962217663929,-0.0402416666265603,0.0052959613212532,-0.0397447457507531,-0.0506703594164528,0.0132868296769896,-0.0397447457507531,-0.0506703594164528,0.0132868296769896,-0.0121660788256272,-0.0148481369343461,-0.0080171040959148,-0.0121660788256272,-0.0148481369343461,-0.0080171040959148,-0.01807389667231,-0.020093054855372,-0.0174934409846816,-0.01807389667231,-0.020093054855372,-0.0174934409846816,-0.0162377845424757,-0.0234068793303593,-0.0160623579810458
BUS_A_to_BUS_B,BUS_A,BUS_B,ACC,QUANTILE,FIVE_PARTITION_UNLABELED_BUDGET,14,5,-0.0373673036093418,-0.0813736468831653,0.0197128993125758,-0.0230033689752476,-0.080364156875954,0.003872693476018,-0.0332812281609408,-0.0923088745974914,0.0205339880434208,-0.0359138209038575,-0.1195334302984109,0.0303851449252605,-0.0359138209038575,-0.1195334302984109,0.0303851449252605,-0.0534953538957581,-0.1872696627385255,0.0182274271865018,-0.0534953538957581,-0.1872696627385255,0.0182274271865018,-0.0112022155745864,-0.0167782799523536,-0.0102766029979718,-0.0112022155745864,-0.0167782799523536,-0.0102766029979718,-0.0413668784548677,-0.130293189853905,0.0196113637006532
BUS_A_to_BUS_B,BUS_A,BUS_B,ACC,CORAL,FIVE_PARTITION_UNLABELED_BUDGET,14,5,-0.0307634590133183,-0.0323779193205944,-0.0177304964539007,-0.0332354028148356,-0.0335335319258805,-0.0055989008857174,-0.0294823560638824,-0.04060499464818,-0.0257445121990345,-0.0406493460235711,-0.0543650995825724,-0.0342077736062952,-0.0406493460235711,-0.0543650995825724,-0.0342077736062952,-0.0117852866173353,-0.0765447504396252,0.0128283872765658,-0.0117852866173353,-0.0765447504396252,0.0128283872765658,-0.0003817157981408,-0.0017164889882044,0.0016060936156068,-0.0003817157981408,-0.0017164889882044,0.0016060936156068,-0.0248591915393342,-0.0549808969647581,-0.0155614341350549
BUS_A_to_BUS_B,BUS_A,BUS_B,ACC,ZSCORE,FIVE_PARTITION_UNLABELED_BUDGET,18,5,-0.0447928331466964,-0.0500844119302195,-0.0445859872611464,-0.0302451030909109,-0.032966970231832,0.0006203337603658,-0.0426646185363456,-0.044644678478819,-0.0300180712069755,-0.0478953110594499,-0.0531141575424169,-0.0369314059293675,-0.0478953110594499,-0.0531141575424169,-0.0369314059293675,-0.0024081878386513,-0.0219306564752141,0.0010058232065013,-0.0024081878386513,-0.0219306564752141,0.0010058232065013,-0.019236241288025,-0.0218973840588851,-0.0189993506505251,-0.019236241288025,-0.0218973840588851,-0.0189993506505251,-0.0263844778046908,-0.0265620462572679,-0.0085148291898305
BUS_A_to_BUS_B,BUS_A,BUS_B,ACC,QUANTILE,FIVE_PARTITION_UNLABELED_BUDGET,18,5,-0.067515923566879,-0.070362075401269,-0.000202183582693,-0.0425803993050243,-0.0628809952808615,-0.0143292626625942,-0.0609578256851752,-0.0755207299815432,-0.0025285820954509,-0.0737909382019528,-0.0960013990967174,-0.000236793198437,-0.0737909382019528,-0.0960013990967174,-0.000236793198437,-0.1449730962634496,-0.1695027041287429,-0.0407318373915228,-0.1449730962634496,-0.1695027041287429,-0.0407318373915228,-0.0140787226360205,-0.0152291705124167,-0.0135258978830778,-0.0140787226360205,-0.0152291705124167,-0.0135258978830778,-0.1033016764943057,-0.1043757770626022,-0.0178098842138797
BUS_A_to_BUS_B,BUS_A,BUS_B,ACC,CORAL,FIVE_PARTITION_UNLABELED_BUDGET,18,5,-0.0444569499155881,-0.0543524416135882,-0.0238895110115714,-0.0415601333079573,-0.0478895545465821,-0.029727253646252,-0.0490305884707726,-0.0638771446064574,-0.0379224416965482,-0.0660664422927953,-0.0845628370620139,-0.0494628405250644,-0.0660664422927953,-0.0845628370620139,-0.0494628405250644,-0.0532595928787057,-0.1035087241533584,-0.0168305452579843,-0.0532595928787057,-0.1035087241533584,-0.0168305452579843,-0.0018200672397881,-0.0022061605549048,0.0008965675966379,-0.0018200672397881,-0.0022061605549048,0.0008965675966379,-0.0507221902339459,-0.0797297764252178,-0.0294856831211227
BUS_A_to_BUS_B,BUS_A,BUS_B,ACC_MAG,RAW,FIVE_PARTITION_UNLABELED_BUDGET,0,5,0.1452229299363058,0.1442702500933184,0.1498180347755762,0.1421791817523989,0.1178378837820411,0.1498635007081941,0.1722174301282453,0.1513432893125267,0.1767656422345451,0.2352033398819951,0.2099618250817154,0.2397814077878603,0.2352033398819951,0.2099618250817154,0.2397814077878603,0.340075199408837,0.3327411673712014,0.3459657805670357,0.340075199408837,0.3327411673712014,0.3459657805670357,-0.0122816544254005,-0.0167402991330039,-0.0113621142981911,-0.0122816544254005,-0.0167402991330039,-0.0113621142981911,0.2444456975675413,0.2268360533510508,0.2491878831313031
BUS_A_to_BUS_B,BUS_A,BUS_B,ACC_MAG,CAUSAL,FIVE_PARTITION_UNLABELED_BUDGET,0,5,-0.0927584919746173,-0.1314225053078557,-0.0770319450060654,-0.0797304688597477,-0.1072150260434584,-0.0496858953798959,-0.1163634274343127,-0.1491003510807705,-0.0850108255691792,-0.149934976943261,-0.19100263996809,-0.1073506583027883,-0.149934976943261,-0.19100263996809,-0.1073506583027883,-0.3241579538547942,-0.3277741588889789,-0.2224738982977698,-0.3241579538547942,-0.3277741588889789,-0.2224738982977698,-0.0179913273683519,-0.0212611453258572,-0.0156487789074679,-0.0179913273683519,-0.0212611453258572,-0.0156487789074679,-0.2009277200161791,-0.21912339219038,-0.1399960546606155
BUS_A_to_BUS_B,BUS_A,BUS_B,ACC_MAG,ZSCORE,FIVE_PARTITION_UNLABELED_BUDGET,1,5,-0.0580566497842806,-0.0891719745222929,-0.0340679336837849,-0.0594494162972331,-0.0866346735453996,-0.0318711894747918,-0.0737977375696412,-0.1122121763578964,-0.0642459331882061,-0.0949381682853197,-0.1410147838974309,-0.0820547035827387,-0.0949381682853197,-0.1410147838974309,-0.0820547035827387,-0.1799220521742967,-0.2402570602732642,-0.0923651079560983,-0.1799220521742967,-0.2402570602732642,-0.0923651079560983,-0.0147536503547735,-0.0156566674009993,-0.0114189953094364,-0.0147536503547735,-0.0156566674009993,-0.0114189953094364,-0.1306421869451627,-0.1544956147742608,-0.0658709768844667
BUS_A_to_BUS_B,BUS_A,BUS_B,ACC_MAG,QUANTILE,FIVE_PARTITION_UNLABELED_BUDGET,1,5,-0.018850317282568,-0.0346072186836518,-0.0160382667416995,-0.0235923293179017,-0.0268392133086048,-0.0234055516754881,-0.0422438169616098,-0.0450587628953424,-0.042015090497874,-0.0560675828614585,-0.0607488041173589,-0.0521254671588307,-0.0560675828614585,-0.0607488041173589,-0.0521254671588307,-0.1634382614579766,-0.2109664545849818,-0.1047806479983746,-0.1634382614579766,-0.2109664545849818,-0.1047806479983746,0.0028705808213078,-0.0140286809125399,0.006869270451399,0.0028705808213078,-0.0140286809125399,0.006869270451399,-0.0885561196920108,-0.0924299358985929,-0.0825093018868395
BUS_A_to_BUS_B,BUS_A,BUS_B,ACC_MAG,CORAL,FIVE_PARTITION_UNLABELED_BUDGET,1,5,-0.0228850121928343,-0.0432059447983015,-0.0088960776384957,-0.0024453137403744,-0.0191518111774093,0.0004500095637326,-0.0173961658701196,-0.0215698742671925,-0.0103464461593779,0.0103029442803194,0.0061298760824501,0.0204260145516758,0.0103029442803194,0.0061298760824501,0.0204260145516758,0.0,0.0,0.0,0.0,0.0,0.0,-0.0829752690090767,-0.0834189287101841,-0.068851632567338,-0.0829752690090767,-0.0834189287101841,-0.068851632567338,-0.0101747859466936,-0.0129419245603155,-0.0080291539790644
BUS_A_to_BUS_B,BUS_A,BUS_B,ACC_MAG,ZSCORE,FIVE_PARTITION_UNLABELED_BUDGET,3,5,-0.0209112546752805,-0.0210899589399029,-0.0181965224423776,-0.043929500745434,-0.0764106458346842,-0.0243882027399061,-0.0408200819198154,-0.0671556944015251,-0.0343104458783544,-0.0525346583529132,-0.0828636893554201,-0.042290069538725,-0.0525346583529132,-0.0828636893554201,-0.042290069538725,-0.0012690355329949,-0.0072220177554717,-0.000551596855551,-0.0012690355329949,-0.0072220177554717,-0.000551596855551,-0.0145276390885501,-0.0229242123980247,-0.0112909190540244,-0.0145276390885501,-0.0229242123980247,-0.0112909190540244,-0.0273808562540779,-0.0310679442936995,-0.0135682144545824
BUS_A_to_BUS_B,BUS_A,BUS_B,ACC_MAG,QUANTILE,FIVE_PARTITION_UNLABELED_BUDGET,3,5,-0.0460978568540234,-0.0573908174692049,-0.0289814293753516,-0.0492011201716702,-0.0544012097128033,-0.0385663908091808,-0.0549337154671026,-0.0694917627588398,-0.0524680950316539,-0.0718083429172357,-0.0850423965920715,-0.0596035998431084,-0.0718083429172357,-0.0850423965920715,-0.0596035998431084,-0.1694800884873428,-0.1854580435082347,-0.1252158911801909,-0.1694800884873428,-0.1854580435082347,-0.1252158911801909,-0.01577878367995,-0.0225008649686744,-0.0113888357265606,-0.01577878367995,-0.0225008649686744,-0.0113888357265606,-0.0954592493269048,-0.1186829757027621,-0.0780662915717635
BUS_A_to_BUS_B,BUS_A,BUS_B,ACC_MAG,CORAL,FIVE_PARTITION_UNLABELED_BUDGET,3,5,-0.0120052522978803,-0.0192235908921238,0.0065709664375252,-0.0101513981621191,-0.0164486068646611,-0.0077051307579844,-0.0122822432777532,-0.0186074806576137,-0.009440312674306,-0.0110651990185434,-0.0129221325346769,-0.006483507157979,-0.0110651990185434,-0.0129221325346769,-0.006483507157979,-0.0062444331596277,-0.0670359367166694,-0.0024799665442827,-0.0062444331596277,-0.0670359367166694,-0.0024799665442827,-0.0140765172237961,-0.0150034840299573,0.0068653465822842,-0.0140765172237961,-0.0150034840299573,0.0068653465822842,-0.0192889625152228,-0.0360725495250437,-0.0049058942727047
BUS_A_to_BUS_B,BUS_A,BUS_B,ACC_MAG,ZSCORE,FIVE_PARTITION_UNLABELED_BUDGET,7,5,-0.0263157894736842,-0.0444798301486199,-0.0192271618833239,-0.0716679174545411,-0.0877056533679748,-0.0329146618194096,-0.0828187648485262,-0.0872892393470812,-0.0322412065221158,-0.1036131820741907,-0.1113904175311533,-0.0398351271556618,-0.1036131820741907,-0.1113904175311533,-0.0398351271556618,-0.0148456286195906,-0.0247511848764632,-0.0054160386740432,-0.0148456286195906,-0.0247511848764632,-0.0054160386740432,-0.0182880591063946,-0.0212138159031256,-0.0172579387982732,-0.0182880591063946,-0.0212138159031256,-0.0172579387982732,-0.0473564095726412,-0.0631208581085266,-0.0451511873672818
BUS_A_to_BUS_B,BUS_A,BUS_B,ACC_MAG,QUANTILE,FIVE_PARTITION_UNLABELED_BUDGET,7,5,-0.0173877881116054,-0.0185774946921443,0.0043143875445507,-0.0266685447342425,-0.0356675636403551,-0.0147496411037046,-0.0272517660609995,-0.0307782366028436,0.0133060967388778,-0.0273946374392138,-0.0402617250625692,0.0188401158892964,-0.0273946374392138,-0.0402617250625692,0.0188401158892964,-0.005028289613522,-0.0264977768083248,0.004165218003592,-0.005028289613522,-0.0264977768083248,0.004165218003592,-0.0134935915454916,-0.0137814907550834,-0.0084762785370431,-0.0134935915454916,-0.0137814907550834,-0.0084762785370431,-0.0146849724351629,-0.0409527999677361,0.0002457737848793
BUS_A_to_BUS_B,BUS_A,BUS_B,ACC_MAG,CORAL,FIVE_PARTITION_UNLABELED_BUDGET,7,5,-0.0399523971438286,-0.0496815286624203,-0.0384148807116862,-0.064771190138618,-0.0674587091527179,-0.0226939776355954,-0.0446744902381876,-0.0570684866060601,-0.0308575198092287,-0.0439821484475021,-0.0608711571840091,-0.0287759393655077,-0.0439821484475021,-0.0608711571840091,-0.0287759393655077,-0.1022122512101463,-0.1310438607673223,-0.0775740317117362,-0.1022122512101463,-0.1310438607673223,-0.0775740317117362,-0.0100118655148032,-0.0217490994723514,-0.009117815721319,-0.0100118655148032,-0.0217490994723514,-0.009117815721319,-0.064974023763647,-0.0748730278868126,-0.054236342565118
BUS_A_to_BUS_B,BUS_A,BUS_B,ACC_MAG,ZSCORE,FIVE_PARTITION_UNLABELED_BUDGET,14,5,-0.0420865994774169,-0.070488322717622,-0.0124742074657662,-0.1142581789994655,-0.1380702071412576,-0.0111909535731932,-0.1066589728022829,-0.1318815707056537,-0.0140243044143253,-0.1359282479916663,-0.1660221600315962,-0.0157436378249602,-0.1359282479916663,-0.1660221600315962,-0.0157436378249602,-0.0019879266363657,-0.0830252457009912,0.0027156496331902,-0.0019879266363657,-0.0830252457009912,0.0027156496331902,-0.017264204399249,-0.0208651767733603,-0.0150707730550362,-0.017264204399249,-0.0208651767733603,-0.0150707730550362,-0.0655770092681951,-0.1123390407037887,-0.0181849046309609
BUS_A_to_BUS_B,BUS_A,BUS_B,ACC_MAG,QUANTILE,FIVE_PARTITION_UNLABELED_BUDGET,14,5,0.0451134871506284,-0.004590275416525,0.0518850317282568,0.0285508930865895,-0.0087395949814333,0.0541393104042086,0.0697024465776988,-0.0024397814572067,0.0703951127011887,0.0946624915600636,0.0023781071516236,0.0963222737858147,0.0946624915600636,0.0023781071516236,0.0963222737858147,0.116701161933598,0.0745890878273685,0.2432122675123065,0.116701161933598,0.0745890878273685,0.2432122675123065,-0.0134270872090835,-0.0174249458992645,-0.0110290858109514,-0.0134270872090835,-0.0174249458992645,-0.0110290858109514,0.0870566160783427,0.0283717662566234,0.1418880031153447
BUS_A_to_BUS_B,BUS_A,BUS_B,ACC_MAG,CORAL,FIVE_PARTITION_UNLABELED_BUDGET,14,5,-0.0390658174097664,-0.0907804286291953,-0.0277116626997619,-0.0391449899412542,-0.0918690610432325,0.0029871927251769,-0.027488474383372,-0.1167791524164302,-0.0132540757270674,-0.0337409873935131,-0.1549832885072017,-0.0120219644339303,-0.0337409873935131,-0.1549832885072017,-0.0120219644339303,-0.1554728448477134,-0.2872350831481437,-0.0061382559359479,-0.1554728448477134,-0.2872350831481437,-0.0061382559359479,-0.0111487573750742,-0.0133760910236601,-0.0026692210951306,-0.0111487573750742,-0.0133760910236601,-0.0026692210951306,-0.0766202883771959,-0.1793731260737513,-0.0139318139280704
BUS_A_to_BUS_B,BUS_A,BUS_B,ACC_MAG,ZSCORE,FIVE_PARTITION_UNLABELED_BUDGET,18,5,-0.0451661067562523,-0.0953290870488322,0.0144438191708873,-0.0720013181640337,-0.1640080826427744,0.0195885213630434,-0.0799221173412731,-0.1589698588291889,0.0245946880285553,-0.1005458926750368,-0.2022641330762512,0.0361579481331088,-0.1005458926750368,-0.2022641330762512,0.0361579481331088,-0.0827429158765883,-0.1119166751761462,0.0437024487166527,-0.0827429158765883,-0.1119166751761462,0.0437024487166527,-0.0180507913399823,-0.020096224527379,-0.0166656934728391,-0.0180507913399823,-0.020096224527379,-0.0166656934728391,-0.0927199404752223,-0.1284790816481487,0.0322377923037942
BUS_A_to_BUS_B,BUS_A,BUS_B,ACC_MAG,QUANTILE,FIVE_PARTITION_UNLABELED_BUDGET,18,5,0.0440817857812793,-0.0121019108280254,0.1022769690182904,0.0544145214964604,-0.0291681821517234,0.0994236563670594,0.0719222396396431,-0.0067353462993181,0.1472502102162467,0.1007053032705915,-0.0005138173320666,0.2005640218157638,0.1007053032705915,-0.0005138173320666,0.2005640218157638,0.2362598266564936,0.0565374306716556,0.4944582329545272,0.2362598266564936,0.0565374306716556,0.4944582329545272,-0.0128547383029909,-0.014426951253202,-0.012691224582305,-0.0128547383029909,-0.014426951253202,-0.012691224582305,0.1376572744463834,0.0185737644890713,0.2876153141895032
BUS_A_to_BUS_B,BUS_A,BUS_B,ACC_MAG,CORAL,FIVE_PARTITION_UNLABELED_BUDGET,18,5,-0.0390658174097664,-0.0660288876383418,-0.0289017341040461,-0.0411159828442694,-0.1033231423903976,0.0032341011416002,-0.0199546967003965,-0.1084590599308786,-0.0114538651118684,-0.0239472936485235,-0.1452842117672743,-0.0095955043289798,-0.0239472936485235,-0.1452842117672743,-0.0095955043289798,-0.1060540664910304,-0.2301182847013907,-0.0466015082166627,-0.1060540664910304,-0.2301182847013907,-0.0466015082166627,-0.007976905856015,-0.0132391003963004,-0.004660096083223,-0.007976905856015,-0.0132391003963004,-0.004660096083223,-0.0543944446166499,-0.1571227498390835,-0.0255129223537861
BUS_A_to_BUS_B,BUS_A,BUS_B,ACC_GYR,RAW,FIVE_PARTITION_UNLABELED_BUDGET,0,5,0.1597250303275373,0.1480029861888765,0.1927813163481954,0.1997138736902648,0.1676373600548081,0.2012422900094422,0.1926167670051909,0.1713214306457254,0.2381097955799088,0.259317222538235,0.2304724734909612,0.3195061995060443,0.259317222538235,0.2304724734909612,0.3195061995060443,0.3109925226430167,0.2479236452071765,0.3437220682986713,0.3109925226430167,0.2479236452071765,0.3437220682986713,-0.0061316978899816,-0.0074845995939412,-0.0060794161984973,-0.0061316978899816,-0.0074845995939412,-0.0060794161984973,0.2271898674446419,0.2008393983370796,0.2803547046674138
BUS_A_to_BUS_B,BUS_A,BUS_B,ACC_GYR,CAUSAL,FIVE_PARTITION_UNLABELED_BUDGET,0,5,-0.0218683651804671,-0.0335946248600224,0.0186008896077638,-0.0101057916149135,-0.0260051545350824,0.0372190335056895,-0.0225105741501597,-0.0439311481303764,0.0122326177758278,-0.0286340202084421,-0.0567786816295828,0.0179637676083539,-0.0286340202084421,-0.0567786816295828,0.0179637676083539,-0.0552210588848703,-0.1565065358643691,0.0021220477161011,-0.0552210588848703,-0.1565065358643691,0.0021220477161011,-0.0051638587583661,-0.0053885476327574,-0.0049608317217506,-0.0051638587583661,-0.0053885476327574,-0.0049608317217506,-0.035594768044044,-0.0889613032239734,0.0081883897519371
BUS_A_to_BUS_B,BUS_A,BUS_B,ACC_GYR,ZSCORE,FIVE_PARTITION_UNLABELED_BUDGET,1,5,-0.0334079880552445,-0.0649033952354155,-0.0089171974522292,-0.0038145160552364,-0.0333063705142498,0.0180357673774598,-0.0400732052663307,-0.0908965967475949,-0.024038943959867,-0.0505966003549872,-0.12148570144135,-0.0270930946161657,-0.0505966003549872,-0.12148570144135,-0.0270930946161657,-0.1212568765755434,-0.1436157043751964,-0.0452174426429239,-0.1212568765755434,-0.1436157043751964,-0.0452174426429239,-0.0064728104615891,-0.0074442326928174,-0.005099371790044,-0.0064728104615891,-0.0074442326928174,-0.005099371790044,-0.0757270850233874,-0.1129732431729496,-0.0239174325845398
BUS_A_to_BUS_B,BUS_A,BUS_B,ACC_GYR,QUANTILE,FIVE_PARTITION_UNLABELED_BUDGET,1,5,0.0066720582288718,-0.024198086662915,0.0172639044419559,0.0127637985880988,-0.0114374180321429,0.0294404967079166,0.0275405217660288,-0.0097949691615412,0.032659057930943,0.0391632106739164,-0.0121517993922835,0.0444240759700966,0.0391632106739164,-0.0121517993922835,0.0444240759700966,0.0238197672739872,0.0209147623966497,0.0704791231939751,0.0238197672739872,0.0209147623966497,0.0704791231939751,-0.0087538356433471,-0.0095938840566991,-0.0034511810427548,-0.0087538356433471,-0.0095938840566991,-0.0034511810427548,0.0279613397172257,0.0266899390782533,0.0423782199310085
BUS_A_to_BUS_B,BUS_A,BUS_B,ACC_GYR,CORAL,FIVE_PARTITION_UNLABELED_BUDGET,1,5,-0.0252729478366356,-0.0318215752146323,-0.0134121178015381,-0.0064356964231594,-0.012249014848261,-0.0004830439301289,-0.0104645860409764,-0.0201649369129958,-0.0097397446898525,-0.0110915006073941,-0.0232649500222073,-0.0103211441496929,-0.0110915006073941,-0.0232649500222073,-0.0103211441496929,-0.009228740936058,-0.0894713258730684,0.0,-0.009228740936058,-0.0894713258730684,0.0,0.0052541520155829,0.003110462639412,0.0071089514603897,0.0052541520155829,0.003110462639412,0.0071089514603897,-0.0066727787513785,-0.0478874924970248,-0.0056373430146623
BUS_A_to_BUS_B,BUS_A,BUS_B,ACC_GYR,ZSCORE,FIVE_PARTITION_UNLABELED_BUDGET,3,5,-0.0114649681528662,-0.0117238791971487,-0.0042458552365547,-0.0087062975616666,-0.0155361003827018,0.0318222555962388,-0.0186896529497006,-0.0378268590745838,0.0191026184728075,-0.0248072201277357,-0.0459343127178839,0.027852802221987,-0.0248072201277357,-0.0459343127178839,0.027852802221987,0.0,-0.0036171910122895,0.0016214542592034,0.0,-0.0036171910122895,0.0016214542592034,-0.0082005976123226,-0.0096898353269576,-0.0046234598289615,-0.0082005976123226,-0.0096898353269576,-0.0046234598289615,-0.0232156862703478,-0.0266897646340993,0.0238029814643662
BUS_A_to_BUS_B,BUS_A,BUS_B,ACC_GYR,QUANTILE,FIVE_PARTITION_UNLABELED_BUDGET,3,5,0.0559447983014862,0.0177265053460889,0.0589365143550343,0.0733382552538373,0.0356554138540831,0.0963306409203202,0.0704730112681276,0.0331931911496344,0.0818521653254198,0.0975437514185482,0.0426884912839022,0.1137407323719645,0.0975437514185482,0.0426884912839022,0.1137407323719645,0.0915466165842234,0.053691320197982,0.2201604684969902,0.0915466165842234,0.053691320197982,0.2201604684969902,-0.0082765171513854,-0.0100678659004486,-0.0057637644900233,-0.0082765171513854,-0.0100678659004486,-0.0057637644900233,0.0793639220367492,0.0400915548945104,0.1391865620032145
BUS_A_to_BUS_B,BUS_A,BUS_B,ACC_GYR,CORAL,FIVE_PARTITION_UNLABELED_BUDGET,3,5,-0.0111048898842852,-0.0115606936416185,0.0052016985138004,0.0193965154010135,-0.0102448365333448,0.0374112536084964,-0.0110600071400324,-0.0136805635068739,0.0249508945755591,-0.0181187871872595,-0.0208130419606643,0.0289332824043602,-0.0181187871872595,-0.0208130419606643,0.0289332824043602,0.0154762249880376,0.0107718863684566,0.023911814846199,0.0154762249880376,0.0107718863684566,0.023911814846199,0.007468713612678,0.0026537477590548,0.0089593721128123,0.007468713612678,0.0026537477590548,0.0089593721128123,0.0061627339024896,-0.0089449756443393,0.02066320387489
BUS_A_to_BUS_B,BUS_A,BUS_B,ACC_GYR,ZSCORE,FIVE_PARTITION_UNLABELED_BUDGET,7,5,-0.0245222929936305,-0.0286062652410429,-0.0200634565136245,-0.0128157178563061,-0.0267502844557233,0.015283894074217,-0.0291043552554966,-0.0296040595468119,-0.0040304630079141,-0.0345739806344205,-0.0372209930979376,-0.0042927642816814,-0.0345739806344205,-0.0372209930979376,-0.0042927642816814,0.0040452139205651,-0.0007057163020465,0.0168320924927368,0.0040452139205651,-0.0007057163020465,0.0168320924927368,-0.0061589356275905,-0.0070979474965019,-0.0044798098952762,-0.0061589356275905,-0.0070979474965019,-0.0044798098952762,-0.0126516414030792,-0.012899523168751,0.0188832267538837
BUS_A_to_BUS_B,BUS_A,BUS_B,ACC_GYR,QUANTILE,FIVE_PARTITION_UNLABELED_BUDGET,7,5,0.0180467091295116,0.0061590145576707,0.024198086662915,0.0448227775961056,0.0429356403710929,0.0534695105675187,0.0270465549859853,0.0196912939835788,0.0464155659000364,0.0403027802415546,0.026012538992309,0.0663470924812057,0.0403027802415546,0.026012538992309,0.0663470924812057,0.0879021833064567,0.0252534044055249,0.1401374547772825,0.0879021833064567,0.0252534044055249,0.1401374547772825,-0.0068105690510997,-0.0078982002060261,-0.0048938459933638,-0.0068105690510997,-0.0078982002060261,-0.0048938459933638,0.0500461934672751,0.0219161381523573,0.0932564613092566
BUS_A_to_BUS_B,BUS_A,BUS_B,ACC_GYR,CORAL,FIVE_PARTITION_UNLABELED_BUDGET,7,5,0.0025323579065841,-0.0004665920119447,0.0025501530091805,0.033535760546997,0.0055868505383934,0.0497838547685973,0.017951290782994,0.0100017379175998,0.0393736304715533,0.0231873452437202,0.0090190732634114,0.0563102966716223,0.0231873452437202,0.0090190732634114,0.0563102966716223,0.0854430493776006,0.0365938001950099,0.152976746637601,0.0854430493776006,0.0365938001950099,0.152976746637601,0.0089049583915466,0.0039179373490723,0.009261866602035,0.0089049583915466,0.0039179373490723,0.009261866602035,0.0223551213492194,0.0201725980813912,0.0877515296933209
BUS_A_to_BUS_B,BUS_A,BUS_B,ACC_GYR,ZSCORE,FIVE_PARTITION_UNLABELED_BUDGET,14,5,-0.0153042179917879,-0.0173036093418259,-0.0069753336029114,-0.0096838955542193,-0.02394975215583,0.030001156036873,-0.0046813778498046,-0.0329673001148155,0.0113022624257269,-0.0047906282641946,-0.0391734472208851,0.0159311484775482,-0.0047906282641946,-0.0391734472208851,0.0159311484775482,-0.0058049740115772,-0.0294413781774776,0.0282471829905268,-0.0058049740115772,-0.0294413781774776,0.0282471829905268,-0.0054192480004197,-0.0056269440213644,-0.0018957705347876,-0.0054192480004197,-0.0056269440213644,-0.0018957705347876,-0.0141873594176692,-0.0227369362366405,0.0180802306516468
BUS_A_to_BUS_B,BUS_A,BUS_B,ACC_GYR,QUANTILE,FIVE_PARTITION_UNLABELED_BUDGET,14,5,0.0185774946921443,0.004760285617137,0.0229788032264116,0.0375389117163679,0.0312707317100445,0.0376716082209424,0.0284824982984188,0.0112941376011572,0.0321629869729899,0.0386052162502766,0.0203202716391439,0.0416243923003852,0.0386052162502766,0.0203202716391439,0.0416243923003852,0.0818988108698245,0.0644011984705112,0.1106666899770348,0.0818988108698245,0.0644011984705112,0.1106666899770348,-0.0066903881026353,-0.0107032600249072,-0.0064640940819186,-0.0066903881026353,-0.0107032600249072,-0.0064640940819186,0.0473448681615424,0.0424465595217234,0.0568725124509034
BUS_A_to_BUS_B,BUS_A,BUS_B,ACC_GYR,CORAL,FIVE_PARTITION_UNLABELED_BUDGET,14,5,-0.0022509848058526,-0.0281035179943389,0.0045726017170585,0.0073558093708464,-0.0284509374743198,0.0582965428361437,0.0104026383191829,-0.035816023965707,0.0281423992588968,0.0114909460245143,-0.0487365818450793,0.0353683110658849,0.0114909460245143,-0.0487365818450793,0.0353683110658849,0.0194058890865189,0.0058399116710404,0.1170496652973849,0.0194058890865189,0.0058399116710404,0.1170496652973849,0.0101501227506071,0.0059242127474888,0.0136179364179725,0.0101501227506071,0.0059242127474888,0.0136179364179725,0.0296436628403253,-0.0156096423438406,0.063441009371272
BUS_A_to_BUS_B,BUS_A,BUS_B,ACC_GYR,ZSCORE,FIVE_PARTITION_UNLABELED_BUDGET,18,5,-0.018758206715438,-0.0205300485255692,-0.0138004246284501,-0.019480920606454,-0.0248611972197203,0.0209049593068866,-0.0247120044304494,-0.0256169653804415,0.0003305918655346,-0.029671650395712,-0.0318205192051608,0.0004331271205456,-0.029671650395712,-0.0318205192051608,0.0004331271205456,-0.0013910864978903,-0.0662512267557842,0.0062221484782403,-0.0013910864978903,-0.0662512267557842,0.0062221484782403,-0.003386460106315,-0.0052224998760339,-0.0020456227710113,-0.003386460106315,-0.0052224998760339,-0.0020456227710113,-0.0159266138274211,-0.0413276933605832,0.02692528347638
BUS_A_to_BUS_B,BUS_A,BUS_B,ACC_GYR,QUANTILE,FIVE_PARTITION_UNLABELED_BUDGET,18,5,0.0388535031847134,0.0200612036722203,0.0425531914893616,0.0534911426837607,0.0425938385062364,0.0639202299618336,0.0461279541466692,0.02949966518264,0.0582602888917149,0.0656723795437813,0.0423548637473427,0.0815758329598803,0.0656723795437813,0.0423548637473427,0.0815758329598803,0.1486084425223465,0.1291598408094594,0.1535415099906362,0.1486084425223465,0.1291598408094594,0.1535415099906362,-0.0090659305114682,-0.0116863433127812,-0.007587438789394,-0.0090659305114682,-0.0116863433127812,-0.007587438789394,0.0793407088117852,0.0729604411303392,0.096471037817112
BUS_A_to_BUS_B,BUS_A,BUS_B,ACC_GYR,CORAL,FIVE_PARTITION_UNLABELED_BUDGET,18,5,-0.0459126539753639,-0.0516831009860591,0.0144438191708872,-0.0009382157662111,-0.0380850759153006,0.0319443405829912,-0.0289909744141112,-0.0568967612309276,0.028214539425174,-0.0404762165637471,-0.0759656500019334,0.0337984506320412,-0.0404762165637471,-0.0759656500019334,0.0337984506320412,-0.0751439130077987,-0.1007240117615284,0.1027591372299551,-0.0751439130077987,-0.1007240117615284,0.1027591372299551,0.0114628058045725,0.0054647520347961,0.0118610617100363,0.0114628058045725,0.0054647520347961,0.0118610617100363,-0.057684189353078,-0.0641956219416761,0.0728688126188191
BUS_A_to_BUS_B,BUS_A,BUS_B,ACC_MAG_GYR,RAW,FIVE_PARTITION_UNLABELED_BUDGET,0,5,0.2118883946623533,0.2112728630085852,0.2277246295254174,0.2404180445526602,0.2368311894228761,0.2455948524419369,0.2956143931953798,0.2928443411981952,0.295738021486197,0.3967433369858202,0.3930366715150969,0.3969885518590164,0.3967433369858202,0.3930366715150969,0.3969885518590164,0.7470006535273278,0.6866820565778876,0.7616775944600839,0.7470006535273278,0.6866820565778876,0.7616775944600839,-0.0077326497525097,-0.0077724381759414,-0.0077219994733186,-0.0077326497525097,-0.0077724381759414,-0.0077219994733186,0.476168897328159,0.4503794273500722,0.4821138506757517
BUS_A_to_BUS_B,BUS_A,BUS_B,ACC_MAG_GYR,CAUSAL,FIVE_PARTITION_UNLABELED_BUDGET,0,5,0.0182904068682344,-0.0008492569002123,0.0365952284674484,0.0097527890551948,0.0039623446148294,0.054667141333064,0.0383966893571451,0.0143845686566799,0.0523372748011371,0.0527577678186331,0.0204661021267967,0.0711978517061114,0.0527577678186331,0.0204661021267967,0.0711978517061114,0.0697449561352476,0.0198488883609126,0.1620864648631186,0.0697449561352476,0.0198488883609126,0.1620864648631186,-0.0046865460273189,-0.0062126631384052,-0.0042444559137857,-0.0046865460273189,-0.0062126631384052,-0.0042444559137857,0.0509359960683861,0.0165702965383731,0.0962369508259297
BUS_A_to_BUS_B,BUS_A,BUS_B,ACC_MAG_GYR,ZSCORE,FIVE_PARTITION_UNLABELED_BUDGET,1,5,-0.0010615711252653,-0.0097542674920277,-0.0008087343307723,0.0170167701918881,0.0014299866845028,0.0240852802729733,0.0015455660775021,-0.0131604200085245,0.0121911092617595,0.0061922049776189,-0.0161852672263047,0.0187514795810166,0.0061922049776189,-0.0161852672263047,0.0187514795810166,0.0,-0.0008334344782942,0.0,0.0,-0.0008334344782942,0.0,-0.0077035758586251,-0.0081672903949245,-0.0053321504767772,-0.0077035758586251,-0.0081672903949245,-0.0053321504767772,0.0005939658551835,-0.0011525201273021,0.0098552442444233
BUS_A_to_BUS_B,BUS_A,BUS_B,ACC_MAG_GYR,QUANTILE,FIVE_PARTITION_UNLABELED_BUDGET,1,5,0.008592802264456,-0.018758206715438,0.0177304964539006,0.0285598423112164,-0.0050635519021474,0.0386737601576687,0.0217430386424235,-0.0098726754055236,0.0239971905641552,0.0361490056255397,-0.0039755541502725,0.0411110700059083,0.0361490056255397,-0.0039755541502725,0.0411110700059083,0.0225896155733507,0.0152155656023984,0.027954406451113,0.0225896155733507,0.0152155656023984,0.027954406451113,-0.0101628338834151,-0.0103333828811292,-0.0051721714657411,-0.0101628338834151,-0.0103333828811292,-0.0051721714657411,0.0280419032037574,-0.0012180181790715,0.0363686915414897
BUS_A_to_BUS_B,BUS_A,BUS_B,ACC_MAG_GYR,CORAL,FIVE_PARTITION_UNLABELED_BUDGET,1,5,-0.0327537403962798,-0.0371549893842887,-0.0283687943262411,0.0139605502174405,-0.0124638191178326,0.0168901370785373,-0.0011560429509461,-0.0192725206028389,0.0024249300994001,-0.001580099307483,-0.0067443535256048,-5.166681748225216e-05,-0.001580099307483,-0.0067443535256048,-5.166681748225216e-05,0.0,-0.0007987220447284,0.0006944444444444,0.0,-0.0007987220447284,0.0006944444444444,-0.0880726911761256,-0.1006748525107679,-0.0757072848795269,-0.0880726911761256,-0.1006748525107679,-0.0757072848795269,-0.0113065735298293,-0.0139387310716477,-0.0007320773416549
BUS_A_to_BUS_B,BUS_A,BUS_B,ACC_MAG_GYR,ZSCORE,FIVE_PARTITION_UNLABELED_BUDGET,3,5,-0.0180104516610675,-0.0260115606936415,-0.0115711252653927,-0.0118418475146493,-0.0196680990656992,-0.0096726158537774,-0.0215531906710592,-0.0387639344190643,-0.0178598986879715,-0.0234762579391024,-0.0494012706667168,-0.0198934463145903,-0.0234762579391024,-0.0494012706667168,-0.0198934463145903,0.0,-0.0106064961195745,0.0,0.0,-0.0106064961195745,0.0,-0.0108420329486787,-0.0111593515490216,-0.0056818494851393,-0.0108420329486787,-0.0111593515490216,-0.0056818494851393,-0.0130700458639874,-0.0174895740613432,-0.0117002979401726
BUS_A_to_BUS_B,BUS_A,BUS_B,ACC_MAG_GYR,QUANTILE,FIVE_PARTITION_UNLABELED_BUDGET,3,5,0.0176910634856449,-0.0032301938116287,0.0272823779193205,0.020962135168213,0.0134004512400675,0.0649693774235602,0.0372197755436383,-0.0095178156464048,0.0518528098416992,0.0579896536764931,-0.0127955701685436,0.0727520953945161,0.0579896536764931,-0.0127955701685436,0.0727520953945161,0.1101043152078249,0.0227716355693449,0.1164935570588423,0.1101043152078249,0.0227716355693449,0.1164935570588423,-0.0081567197803992,-0.0115881837867285,-0.0023911767531142,-0.0081567197803992,-0.0115881837867285,-0.0023911767531142,0.0689292881497199,0.001425711004975,0.0812639187908783
BUS_A_to_BUS_B,BUS_A,BUS_B,ACC_MAG_GYR,CORAL,FIVE_PARTITION_UNLABELED_BUDGET,3,5,-0.0126326963906581,-0.0130408410837039,-0.0117581187010078,-0.0026379290934682,-0.0040306988808944,0.012822627645205,-0.0039218066438683,-0.0089418457431337,0.0114187403028296,0.0129683992111837,-0.0069992921716052,0.0222187520523015,0.0129683992111837,-0.0069992921716052,0.0222187520523015,-0.0007406911843413,-0.0125363991258211,0.0005614281723395,-0.0007406911843413,-0.0125363991258211,0.0005614281723395,-0.0227674469903709,-0.0279384815438443,-0.0111863457818508,-0.0227674469903709,-0.0279384815438443,-0.0111863457818508,-0.0084475733836883,-0.0129368320711761,-0.0016523294989813
BUS_A_to_BUS_B,BUS_A,BUS_B,ACC_MAG_GYR,ZSCORE,FIVE_PARTITION_UNLABELED_BUDGET,7,5,-0.0072788353863381,-0.0112526539278131,0.0101294316263365,0.0015502391627299,-0.0231867774656322,0.0039306819856994,0.0035872848637849,-0.0316718639188427,0.0066846368461064,0.0073472041686576,-0.0361842502366173,0.0086594101096579,0.0073472041686576,-0.0361842502366173,0.0086594101096579,0.0320823244552058,0.0189441651491761,0.0516945781332272,0.0320823244552058,0.0189441651491761,0.0516945781332272,-0.0088691037185511,-0.0103343573036635,-0.0086094481246525,-0.0088691037185511,-0.0103343573036635,-0.0086094481246525,0.0081064330455322,-0.0061701885692233,0.0233616414100665
BUS_A_to_BUS_B,BUS_A,BUS_B,ACC_MAG_GYR,QUANTILE,FIVE_PARTITION_UNLABELED_BUDGET,7,5,0.0529115341545352,0.0454886512849371,0.0693489688637282,0.075299881282614,0.0484866017664696,0.0867890667592509,0.0755987341366909,0.0717395595422576,0.0808246690306728,0.1004834983980081,0.0967313207877219,0.1094074565733768,0.1004834983980081,0.0967313207877219,0.1094074565733768,0.18800890893913,0.143108922937358,0.2666018685276209,0.18800890893913,0.143108922937358,0.2666018685276209,-0.0080313926911396,-0.0112382532093797,-0.0076318861855255,-0.0080313926911396,-0.0112382532093797,-0.0076318861855255,0.1140809749217351,0.1057383705933469,0.1646563193839907
BUS_A_to_BUS_B,BUS_A,BUS_B,ACC_MAG_GYR,CORAL,FIVE_PARTITION_UNLABELED_BUDGET,7,5,-0.0263849575414476,-0.0425025501530091,-0.0240761478163494,-0.0243764971050184,-0.0524487151834426,0.011907596814467,-0.0379651426119997,-0.0612828821296745,-0.0033545866604627,-0.0481098714073713,-0.0554095211762589,0.0003873254785754,-0.0481098714073713,-0.0554095211762589,0.0003873254785754,-0.0727848053246107,-0.0799106265550959,-0.035832407329999,-0.0727848053246107,-0.0799106265550959,-0.035832407329999,-0.004836021724734,-0.0197193904222489,-0.0014160128914709,-0.004836021724734,-0.0197193904222489,-0.0014160128914709,-0.0494358904732792,-0.0547433361892381,-0.0308291428662386
BUS_A_to_BUS_B,BUS_A,BUS_B,ACC_MAG_GYR,ZSCORE,FIVE_PARTITION_UNLABELED_BUDGET,14,5,0.0189457887825924,-0.0430997876857749,0.0259425158641283,0.0185993997846543,-0.049248911855537,0.036794286774315,0.0284809086809825,-0.0662035467588529,0.0366983284582057,0.0396715506728754,-0.0827072096698021,0.0511459671202484,0.0396715506728754,-0.0827072096698021,0.0511459671202484,0.0645802720515711,-0.0461926198977777,0.1040997648985892,0.0645802720515711,-0.0461926198977777,0.1040997648985892,-0.0068655162838102,-0.0086921945350291,-0.0051771783411538,-0.0068655162838102,-0.0086921945350291,-0.0051771783411538,0.0376681716778647,-0.0598801817657441,0.0636589030343591
BUS_A_to_BUS_B,BUS_A,BUS_B,ACC_MAG_GYR,QUANTILE,FIVE_PARTITION_UNLABELED_BUDGET,14,5,0.0794581479983825,0.073954437266236,0.0807204180664427,0.0960224878746048,0.079118963300145,0.1257598373883543,0.0986212246984533,0.0959197752010226,0.1103182953266824,0.1346035354668224,0.1306472564585633,0.1494199028138723,0.1346035354668224,0.1306472564585633,0.1494199028138723,0.2821438175203051,0.2675447870065071,0.284401831399304,0.2821438175203051,0.2675447870065071,0.284401831399304,-0.0083637234857236,-0.0100674976040815,-0.0070583812391226,-0.0083637234857236,-0.0100674976040815,-0.0070583812391226,0.1689812743200968,0.1552444631496989,0.1732995442705237
BUS_A_to_BUS_B,BUS_A,BUS_B,ACC_MAG_GYR,CORAL,FIVE_PARTITION_UNLABELED_BUDGET,14,5,-0.0443726623597415,-0.0626769106348564,-0.0097051138484509,-0.034503413828937,-0.0763172503138439,0.0188239887756491,-0.0438384106128902,-0.0865253523323784,0.0023159734312245,-0.0471892735515342,-0.118131465718602,0.0060913805983047,-0.0471892735515342,-0.118131465718602,0.0060913805983047,-0.1000190830735199,-0.2314011948933577,-0.0930966223219698,-0.1000190830735199,-0.2314011948933577,-0.0930966223219698,-0.0029208905698605,-0.0118730720791102,0.0007131352107738,-0.0029208905698605,-0.0118730720791102,0.0007131352107738,-0.0648050954871049,-0.1444756893567702,-0.0213744335699581
BUS_A_to_BUS_B,BUS_A,BUS_B,ACC_MAG_GYR,ZSCORE,FIVE_PARTITION_UNLABELED_BUDGET,18,5,-0.0437367303609341,-0.0462859275849197,0.0097542674920277,-0.0484013121543392,-0.0486267545258609,0.0028974714668457,-0.0525513128449242,-0.05855270068961,-0.0012804471362478,-0.0677226466250061,-0.0728741426269541,-0.0006825177954825,-0.0677226466250061,-0.0728741426269541,-0.0006825177954825,-0.0279185822625642,-0.1250971856709605,0.0607408405777567,-0.0279185822625642,-0.1250971856709605,0.0607408405777567,-0.007037311504678,-0.0085871608470714,-0.0040980630306212,-0.007037311504678,-0.0085871608470714,-0.0040980630306212,-0.0462990533187916,-0.0815696619753387,0.0235280679493539
BUS_A_to_BUS_B,BUS_A,BUS_B,ACC_MAG_GYR,QUANTILE,FIVE_PARTITION_UNLABELED_BUDGET,18,5,0.0998786898503841,0.075583864118896,0.1033662019721183,0.1169896747920387,0.1007194266779601,0.1265627198209243,0.1292807237597402,0.0940856881553576,0.1322026766159715,0.1749717235651245,0.1299952761382975,0.1791686415178383,0.1749717235651245,0.1299952761382975,0.1791686415178383,0.3470422395884855,0.3354488563991804,0.3730912733238849,0.3470422395884855,0.3354488563991804,0.3730912733238849,-0.0086952180896288,-0.011934760502346,-0.0085980776029034,-0.0086952180896288,-0.011934760502346,-0.0085980776029034,0.213501148529255,0.1909363396016293,0.2268049435853981
BUS_A_to_BUS_B,BUS_A,BUS_B,ACC_MAG_GYR,CORAL,FIVE_PARTITION_UNLABELED_BUDGET,18,5,-0.0600262614894017,-0.0634856449656288,-0.0076433121019108,-0.0614579294872592,-0.0701566538715865,0.0280639496295959,-0.0930859883229829,-0.096708552077089,-0.001455892671344,-0.1275947492173607,-0.130858500636157,-0.0021837629621863,-0.1275947492173607,-0.130858500636157,-0.0021837629621863,-0.2205423870399928,-0.3636109845180275,-0.0619376982682406,-0.2205423870399928,-0.3636109845180275,-0.0619376982682406,0.000727718201183,-0.0062246887655617,0.0057412936001144,0.000727718201183,-0.0062246887655617,0.0057412936001144,-0.1440685478097869,-0.2034695250534645,-0.0205110230922402
BUS_B_to_BUS_A,BUS_B,BUS_A,ACC,RAW,FIVE_PARTITION_UNLABELED_BUDGET,0,5,-0.0006059381943042,-0.0152941176470587,0.0064716541548019,-0.0042547789532556,-0.0095746033708954,0.0024323561267649,0.006838379400736,0.003103656071062,0.0072761271348069,0.009117399751032,0.0043161735886932,0.0093783593710933,0.009117399751032,0.0043161735886932,0.0093783593710933,0.0051070539039828,0.0038924061233376,0.0121580547112462,0.0051070539039828,0.0038924061233376,0.0121580547112462,-0.0005338964818316,-0.0018184262855176,1.3183498478452904e-06,-0.0005338964818316,-0.0018184262855176,1.3183498478452904e-06,0.0064084978424772,0.0056599900897766,0.0190902574208939
BUS_B_to_BUS_A,BUS_B,BUS_A,ACC,CAUSAL,FIVE_PARTITION_UNLABELED_BUDGET,0,5,-0.0068924773532886,-0.0131372549019608,-0.0062613613411431,-0.0114472827307541,-0.0183932785942955,-0.0051592170305887,0.0012065864407229,-0.007946910749652,0.0012738372065806,0.0015365688703072,-0.0097850743536953,0.0018756591838842,0.0015365688703072,-0.0097850743536953,0.0018756591838842,0.0108869107621862,-0.0186443224115771,0.0143850652325228,0.0108869107621862,-0.0186443224115771,0.0143850652325228,-0.0017747185058143,-0.0019893892651808,-0.0008006317887611,-0.0017747185058143,-0.0019893892651808,-0.0008006317887611,0.0065183284169575,-0.0122258754144221,0.008203677806459
BUS_B_to_BUS_A,BUS_B,BUS_A,ACC,ZSCORE,FIVE_PARTITION_UNLABELED_BUDGET,1,5,-0.0133597883597883,-0.0154901960784313,-0.0102402520677432,-0.0142317153722617,-0.0177072507610731,0.0021839632783501,-0.0122850333477812,-0.0203642208281063,-0.0050274122066712,-0.0133965519970722,-0.025447052158415,-0.0068872351248537,-0.0133965519970722,-0.025447052158415,-0.0068872351248537,0.0,0.0,0.0,0.0,0.0,0.0,-0.0039567268592303,-0.0078408010244866,-0.0016553657919941,-0.0039567268592303,-0.0078408010244866,-0.0016553657919941,-0.0087967630303514,-0.0122185324968637,-0.006416704382018
BUS_B_to_BUS_A,BUS_B,BUS_A,ACC,QUANTILE,FIVE_PARTITION_UNLABELED_BUDGET,1,5,-0.0107142857142856,-0.0288635775304167,0.0179411764705882,-0.0268900399816204,-0.0277319795434874,0.0013055035607924,-0.0126193423668924,-0.036104316756149,0.012862649988709,-0.0228778075440164,-0.0277664951716072,-0.0061777650792425,-0.0228778075440164,-0.0277664951716072,-0.0061777650792425,0.0,0.0,0.0030449340062111,0.0,0.0,0.0030449340062111,0.0027832905056365,0.0023750129645639,0.0145850349953208,0.0027832905056365,0.0023750129645639,0.0145850349953208,-0.0002179120524979,-0.025980324039793,0.0082579113608628
BUS_B_to_BUS_A,BUS_B,BUS_A,ACC,CORAL,FIVE_PARTITION_UNLABELED_BUDGET,1,5,-0.0105029287012724,-0.0314522391923375,0.005026455026455,-0.0234642500480663,-0.0324086533880149,-0.0061104695697739,-0.0309653545517523,-0.0311357762171739,-0.0046775158197928,-0.0153889093503121,-0.0454036732841725,-0.0121809686628126,-0.0153889093503121,-0.0454036732841725,-0.0121809686628126,0.0,0.0,0.0,0.0,0.0,0.0,0.0070148976534746,0.0015677631519872,0.0172867298956358,0.0070148976534746,0.0015677631519872,0.0172867298956358,-0.0186814657303043,-0.0193325083996013,-0.004939842825209
BUS_B_to_BUS_A,BUS_B,BUS_A,ACC,ZSCORE,FIVE_PARTITION_UNLABELED_BUDGET,3,5,-0.01005291005291,-0.0107843137254902,-0.0046278062229224,-0.0112607529502605,-0.0124659369385349,-0.0008798886745492,-0.0186285282888914,-0.024399558351602,-0.0051543883794046,-0.0208672413490288,-0.0257375934021671,-0.0093817548237438,-0.0208672413490288,-0.0257375934021671,-0.0093817548237438,0.0,0.0,0.0,0.0,0.0,0.0,-0.0018639554977351,-0.0039786759938417,0.0016714402326546,-0.0018639554977351,-0.0039786759938417,0.0016714402326546,-0.0111771169733348,-0.0146397350109612,-0.0032995386818283
BUS_B_to_BUS_A,BUS_B,BUS_A,ACC,QUANTILE,FIVE_PARTITION_UNLABELED_BUDGET,3,5,-0.0076719576719576,-0.0114118359927287,0.0079411764705882,-0.0124715181434691,-0.0228218815300893,0.015946780936016,-0.0096826857514136,-0.0228741193127927,0.01653806726819,-0.0109050965281483,-0.0342128716649784,0.0226554882710971,-0.0109050965281483,-0.0342128716649784,0.0226554882710971,-0.004914509575899,-0.0124562138519387,0.0133113909420322,-0.004914509575899,-0.0124562138519387,0.0133113909420322,-0.0066186386863662,-0.0069499314935576,0.0010029058622949,-0.0066186386863662,-0.0069499314935576,0.0010029058622949,-0.0045800898263408,-0.0080078462463624,0.0017038545518583
BUS_B_to_BUS_A,BUS_B,BUS_A,ACC,CORAL,FIVE_PARTITION_UNLABELED_BUDGET,3,5,-0.0257571835361118,-0.0453443748737628,-0.021031746031746,-0.0410624907688146,-0.0554294390274009,-0.0125946074759747,-0.0203043936304155,-0.0314044341776975,-0.0123936519888239,-0.0350079052050376,-0.0564507730786514,-0.0200638812322054,-0.0350079052050376,-0.0564507730786514,-0.0200638812322054,0.0,0.0,0.0,0.0,0.0,0.0,0.0059835221680102,-0.0023943208438316,0.0088209666333368,0.0059835221680102,-0.0023943208438316,0.0088209666333368,-0.0132199842231203,-0.0188426605066185,-0.0048905451520769
BUS_B_to_BUS_A,BUS_B,BUS_A,ACC,ZSCORE,FIVE_PARTITION_UNLABELED_BUDGET,7,5,-0.0126844421434119,-0.0212962962962963,0.0031508467900748,-0.0164706332064959,-0.0285154114775999,0.0130071120470787,-0.0184720177383907,-0.0256529511323287,0.006718285725732,-0.0258346904362009,-0.0344655584048967,0.010862400049584,-0.0258346904362009,-0.0344655584048967,0.010862400049584,0.0,0.0,0.0,0.0,0.0,0.0,0.0004170120935134,-0.0018894670935221,0.0016552565519199,0.0004170120935134,-0.0018894670935221,0.0016552565519199,-0.0104976027025878,-0.0153917706793972,0.0009492170683366
BUS_B_to_BUS_A,BUS_B,BUS_A,ACC,QUANTILE,FIVE_PARTITION_UNLABELED_BUDGET,7,5,-0.0150474651585538,-0.0170342654588421,-0.0082010582010582,-0.0245036330605021,-0.0365431789627006,-0.0118000652942479,-0.0353731826986144,-0.0388260941818803,-0.0111963478580147,-0.0498816974553505,-0.0546273114612925,-0.01414781638772,-0.0498816974553505,-0.0546273114612925,-0.01414781638772,-0.0198881397168058,-0.028751179862312,-0.0057514691923527,-0.0198881397168058,-0.028751179862312,-0.0057514691923527,-0.0012591890637699,-0.0015808793239308,0.0002172231702334,-0.0012591890637699,-0.0015808793239308,0.0002172231702334,-0.0247666507529072,-0.0348279958758696,-0.012120056143799
BUS_B_to_BUS_A,BUS_B,BUS_A,ACC,CORAL,FIVE_PARTITION_UNLABELED_BUDGET,7,5,-0.0431216931216931,-0.0721066451221975,-0.0355940978514108,-0.0610663287154522,-0.0766750496390651,-0.0322086055284268,-0.0475453146370971,-0.074317568034177,-0.0304627774357607,-0.0641268973272968,-0.0972043135733689,-0.037543044937834,-0.0641268973272968,-0.0972043135733689,-0.037543044937834,0.0,0.0,0.0,0.0,0.0,0.0,0.0019848770404691,0.0015629518281039,0.0044245960539394,0.0019848770404691,0.0015629518281039,0.0044245960539394,-0.028386098855253,-0.0388213100512754,-0.0190157905156264
BUS_B_to_BUS_A,BUS_B,BUS_A,ACC,ZSCORE,FIVE_PARTITION_UNLABELED_BUDGET,14,5,-0.0016826300802484,-0.0179894179894179,0.0012745098039215,0.0006476945750396,-0.0242061930077436,0.002269768438492,0.0017566752835229,-0.0314959968666322,0.0048402220545253,0.0035798949570745,-0.0425907894312112,0.0051674911326309,0.0035798949570745,-0.0425907894312112,0.0051674911326309,0.0,0.0,0.0,0.0,0.0,0.0,0.0020049766347975,-0.001435314819015,0.0020489702504785,0.0020049766347975,-0.001435314819015,0.0020489702504785,0.001652997912497,-0.0188975981199793,0.0029041332327152
BUS_B_to_BUS_A,BUS_B,BUS_A,ACC,QUANTILE,FIVE_PARTITION_UNLABELED_BUDGET,14,5,-0.0250454453645728,-0.0279637652619141,-0.0175490196078431,-0.0475117985566253,-0.0475675122409957,-0.0247394256866517,-0.0517077642307153,-0.0528681700182818,-0.0244497402345547,-0.0692861829255955,-0.0710136032147285,-0.0363042557051986,-0.0692861829255955,-0.0710136032147285,-0.0363042557051986,-0.0252872266915332,-0.0750619308080434,-0.0098169056449955,-0.0252872266915332,-0.0750619308080434,-0.0098169056449955,-0.0014990290990943,-0.0025027349591077,-0.0007035996525853,-0.0014990290990943,-0.0025027349591077,-0.0007035996525853,-0.0472713418232159,-0.0538142324955119,-0.0367308914650606
BUS_B_to_BUS_A,BUS_B,BUS_A,ACC,CORAL,FIVE_PARTITION_UNLABELED_BUDGET,14,5,-0.0442661144188454,-0.0600630169358015,-0.0334656084656084,-0.0483584141714886,-0.0563923544821625,-0.0442478309347298,-0.0354163129590061,-0.0528418941044166,-0.0337492368083433,-0.0506207478275486,-0.0653947931354037,-0.0490157566261713,-0.0506207478275486,-0.0653947931354037,-0.0490157566261713,0.0,-0.0010548912887323,0.0200569673682613,0.0,-0.0010548912887323,0.0200569673682613,0.0077603079729639,-0.0029204355734968,0.0117710006782183,0.0077603079729639,-0.0029204355734968,0.0117710006782183,-0.0210932323606561,-0.0291412486202399,-0.0102375747059856
BUS_B_to_BUS_A,BUS_B,BUS_A,ACC,ZSCORE,FIVE_PARTITION_UNLABELED_BUDGET,18,5,-0.006989386487186,-0.029287012724702,-0.006078431372549,-0.0109974061392357,-0.0298633940678252,-0.0081346686843575,-0.0062631735568055,-0.0413900972886436,-0.0047558970128509,-0.0098025639728032,-0.055938031456756,-0.0060492448808263,-0.0098025639728032,-0.055938031456756,-0.0060492448808263,0.0,0.0,0.0,0.0,0.0,0.0,0.0022537052156937,-0.0008758534089245,0.0035501613413522,0.0022537052156937,-0.0008758534089245,0.0035501613413522,-0.0037579041340832,-0.0248340583731861,-0.0028535382077105
BUS_B_to_BUS_A,BUS_B,BUS_A,ACC,QUANTILE,FIVE_PARTITION_UNLABELED_BUDGET,18,5,-0.0231372549019607,-0.0334777471445451,-0.0098969905069682,-0.0344406949983521,-0.0622357979718228,-0.0312574755771537,-0.0351696651994951,-0.0557861181105122,-0.0285685530941219,-0.0468023111721953,-0.0717516724906498,-0.0349394517575318,-0.0468023111721953,-0.0717516724906498,-0.0349394517575318,-0.0211452867777692,-0.0441735773889081,-0.0089776553412917,-0.0211452867777692,-0.0441735773889081,-0.0089776553412917,-0.0019860973187686,-0.0078894549700995,-0.0002717272813944,-0.0019860973187686,-0.0078894549700995,-0.0002717272813944,-0.0387712300752603,-0.0398794712029055,-0.037062733002824
BUS_B_to_BUS_A,BUS_B,BUS_A,ACC,CORAL,FIVE_PARTITION_UNLABELED_BUDGET,18,5,-0.0359823971006989,-0.0748326112642773,-0.0246031746031746,-0.0400994015582409,-0.0684562594058243,-0.0362069829530928,-0.0285039349037137,-0.0647618553939007,-0.0254702140264351,-0.0425864241059634,-0.0797936109770268,-0.0366282829706343,-0.0425864241059634,-0.0797936109770268,-0.0366282829706343,0.0,-0.004617087674601,0.028673835125448,0.0,-0.004617087674601,0.028673835125448,0.0080039928061622,-0.0136750249240069,0.0137435327030351,0.0080039928061622,-0.0136750249240069,0.0137435327030351,-0.0152821284158611,-0.0296931085714723,-0.005632826892049
BUS_B_to_BUS_A,BUS_B,BUS_A,ACC_MAG,RAW,FIVE_PARTITION_UNLABELED_BUDGET,0,5,-0.0093191819829148,-0.0115686274509803,-0.0017723513194169,-0.0102617058957374,-0.0173995883503357,-0.006966893058987,-0.0026592874349213,-0.0074952014437833,-0.0002525954140375,-0.0022998103940252,-0.0098832693948103,0.0006433552801962,-0.0022998103940252,-0.0098832693948103,0.0006433552801962,0.0075046904315197,0.0,0.0098039215686274,0.0075046904315197,0.0,0.0098039215686274,-0.0024374342920574,-0.002940447496739,-0.0003309975907023,-0.0024374342920574,-0.002940447496739,-0.0003309975907023,-0.0001515572484225,-0.0014952446936621,0.0107598528146945
BUS_B_to_BUS_A,BUS_B,BUS_A,ACC_MAG,CAUSAL,FIVE_PARTITION_UNLABELED_BUDGET,0,5,-0.0094930317107655,-0.0096078431372549,-0.0044007248252653,-0.0080786737374513,-0.0147038441750687,-0.0066445055279746,-0.0036279235626991,-0.0069545297860665,0.0005808582766425,-0.004168041780643,-0.0091935339782592,0.0014498878764065,-0.004168041780643,-0.0091935339782592,0.0014498878764065,0.0,0.0,0.0071090047393364,0.0,0.0,0.0071090047393364,-0.0020262305226492,-0.002967141333955,-0.0020075689088675,-0.0020262305226492,-0.002967141333955,-0.0020075689088675,0.0017195111169109,-0.0021767541376194,0.0031921168617201
BUS_B_to_BUS_A,BUS_B,BUS_A,ACC_MAG,ZSCORE,FIVE_PARTITION_UNLABELED_BUDGET,1,5,-0.0144415269642496,-0.0192004726270184,-0.0079365079365079,-0.009475317572581,-0.0100323999165617,-0.0005723367736378,-0.012733024043808,-0.0130013109187694,-0.0053347446888653,-0.0104946158487003,-0.0141061711577241,-0.0055245747420415,-0.0104946158487003,-0.0141061711577241,-0.0055245747420415,0.0,0.0,0.0,0.0,0.0,0.0,-0.0148823635534529,-0.0182649630946676,-0.0119740896453155,-0.0148823635534529,-0.0182649630946676,-0.0119740896453155,-0.0076398144262848,-0.0078007865512616,-0.0032008468133192
BUS_B_to_BUS_A,BUS_B,BUS_A,ACC_MAG,QUANTILE,FIVE_PARTITION_UNLABELED_BUDGET,1,5,-0.0033652601604969,-0.0137566137566136,0.0055882352941176,0.009000487165368,-0.0128737584865565,0.0091682721908545,0.0082971273089544,0.0079489711359264,0.0088775680378537,0.011394560341981,0.0107651304934882,0.0143201636157572,0.011394560341981,0.0107651304934882,0.0143201636157572,0.0029761904761904,0.0,0.0069767441860465,0.0029761904761904,0.0,0.0069767441860465,0.0009845957931428,-0.006256039580994,0.0036972704820145,0.0009845957931428,-0.006256039580994,0.0036972704820145,0.004320720433699,0.003493873336558,0.0115424118732927
BUS_B_to_BUS_A,BUS_B,BUS_A,ACC_MAG,CORAL,FIVE_PARTITION_UNLABELED_BUDGET,1,5,-0.0094486150660109,-0.0211068471015956,-0.0024509803921568,-0.00833337857776,-0.0128955641225521,-0.0055966798171315,-0.01870670582528,-0.0196805676389073,-0.0180426419949533,-0.0097266401679285,-0.012365985388391,0.0030159363927897,-0.0097266401679285,-0.012365985388391,0.0030159363927897,0.0,0.0,0.0,0.0,0.0,0.0,0.024260459487217,-0.0059716132238392,0.0310752337942741,0.024260459487217,-0.0059716132238392,0.0310752337942741,-0.011224023495168,-0.0118083405833444,-0.0108255851969719
BUS_B_to_BUS_A,BUS_B,BUS_A,ACC_MAG,ZSCORE,FIVE_PARTITION_UNLABELED_BUDGET,3,5,-0.0108465608465608,-0.0151960784313725,-0.0097074812322029,-0.0088569358932194,-0.0126830269698517,-0.0075035599569783,-0.013499557544936,-0.0150691040184567,-0.0131595190504958,-0.0173990513845907,-0.018045650266161,-0.013765408582476,-0.0173990513845907,-0.018045650266161,-0.013765408582476,0.0,0.0,0.0,0.0,0.0,0.0,-0.0031265414099842,-0.0092077486423073,-0.001957458916252,-0.0031265414099842,-0.0092077486423073,-0.001957458916252,-0.0078957114302974,-0.009041462411074,-0.0068764929367475
BUS_B_to_BUS_A,BUS_B,BUS_A,ACC_MAG,QUANTILE,FIVE_PARTITION_UNLABELED_BUDGET,3,5,0.0082352941176471,-0.0134316299737426,0.0143670722236603,0.0150835184987701,-0.008007867519822,0.0154873401387516,0.0196126485566743,-0.0042688078537335,0.0247234487174784,0.0267290104314621,-0.0052866219824952,0.0311578275058806,0.0267290104314621,-0.0052866219824952,0.0311578275058806,0.0214160894160294,0.005576887047981,0.0295541700002758,0.0214160894160294,0.005576887047981,0.0295541700002758,-0.0068743816985138,-0.0071524963610781,-0.0047526484706002,-0.0068743816985138,-0.0071524963610781,-0.0047526484706002,0.01997014643644,0.0065167213991846,0.038933136550936
BUS_B_to_BUS_A,BUS_B,BUS_A,ACC_MAG,CORAL,FIVE_PARTITION_UNLABELED_BUDGET,3,5,-0.0263725490196078,-0.0483458054352107,-0.0060593819430418,-0.0310774115370296,-0.0311039873455795,-0.0134954263428484,-0.0183552386952692,-0.0425029418594389,-0.0018661926398289,-0.0100568400291981,-0.023588100388054,-0.0091672801064356,-0.0100568400291981,-0.023588100388054,-0.0091672801064356,0.0,0.0,0.0,0.0,0.0,0.0,-0.0462371232046223,-0.0510028387558768,-0.0148342133396844,-0.0462371232046223,-0.0510028387558768,-0.0148342133396844,-0.0110131432171615,-0.0255017651156633,-0.0011197155838973
BUS_B_to_BUS_A,BUS_B,BUS_A,ACC_MAG,ZSCORE,FIVE_PARTITION_UNLABELED_BUDGET,7,5,-0.0362433862433862,-0.0469673099645529,-0.0224197131892546,-0.0299985670528842,-0.042626858091775,-0.0209557325933296,-0.0386327298894349,-0.0401057529716714,-0.0316934296989324,-0.0485125755583232,-0.0502081513788223,-0.0417830060584891,-0.0485125755583232,-0.0502081513788223,-0.0417830060584891,0.0,0.0,0.0,0.0,0.0,0.0,-0.0036477715837616,-0.0038934497210509,-0.0033342472579528,-0.0036477715837616,-0.0038934497210509,-0.0033342472579528,-0.0231796379336609,-0.0240634517830028,-0.0190160578193594
BUS_B_to_BUS_A,BUS_B,BUS_A,ACC_MAG,QUANTILE,FIVE_PARTITION_UNLABELED_BUDGET,7,5,-0.0001960784313725,-0.0031306806705715,0.0156614030546208,-0.0009517817189715,-0.0052502403170058,0.0214319750677687,-0.0034278769360763,-0.0054697838517883,0.0383596999547832,-0.0010635530940794,-0.0053044600223099,0.0534878274224884,-0.0010635530940794,-0.0053044600223099,0.0534878274224884,0.0263246908196164,0.0207437864745364,0.0412027832720947,0.0263246908196164,0.0207437864745364,0.0412027832720947,-0.0023231723484954,-0.0031352360911631,-0.0006087507688599,-0.0023231723484954,-0.0031352360911631,-0.0006087507688599,0.0048691750793029,-0.0041764679045176,0.0280613051650723
BUS_B_to_BUS_A,BUS_B,BUS_A,ACC_MAG,CORAL,FIVE_PARTITION_UNLABELED_BUDGET,7,5,-0.0227450980392157,-0.040079365079365,-0.0193900222177337,-0.0265869627789968,-0.03198055335554,-0.0174808059578084,-0.0145135240366169,-0.0357924019674564,-0.0133788592339688,-0.0120507467306976,-0.0345381013396997,-0.0114542130623773,-0.0120507467306976,-0.0345381013396997,-0.0114542130623773,0.0,0.0,0.0,0.0,0.0,0.0,-0.0271549311768986,-0.03815502650754,-0.0259812538627045,-0.0271549311768986,-0.03815502650754,-0.0259812538627045,-0.0165120588940123,-0.0214754411804738,-0.0096582331868157
BUS_B_to_BUS_A,BUS_B,BUS_A,ACC_MAG,ZSCORE,FIVE_PARTITION_UNLABELED_BUDGET,14,5,-0.0168627450980392,-0.0201915609629821,-0.0164021164021164,-0.0166932066572754,-0.0273252748859456,-0.0144862464095292,-0.0245771234818,-0.0280290340626203,-0.0180270448107637,-0.0324794574233799,-0.0358721252846419,-0.0248220398308738,-0.0324794574233799,-0.0358721252846419,-0.0248220398308738,0.0,0.0,0.0,0.0,0.0,0.0,-0.0042814416955624,-0.0044698962096487,-0.002544156939542,-0.0042814416955624,-0.0044698962096487,-0.002544156939542,-0.0158560229590328,-0.0168174204375722,-0.0100657578433062
BUS_B_to_BUS_A,BUS_B,BUS_A,ACC_MAG,QUANTILE,FIVE_PARTITION_UNLABELED_BUDGET,14,5,-0.0003882992492881,-0.0046296296296295,0.0007843137254902,0.0019887029080224,-0.0007793922704483,0.0036544108927527,0.0046257249896798,0.0008281709644491,0.0052563462234613,0.0072071726361789,0.0050039989162379,0.0078192870019006,0.0072071726361789,0.0050039989162379,0.0078192870019006,0.0175334777995522,0.010895742053932,0.0527441029952563,0.0175334777995522,0.010895742053932,0.0527441029952563,-0.0032229114254901,-0.0040160694577187,-0.0012380274163047,-0.0032229114254901,-0.0040160694577187,-0.0012380274163047,0.01125591418001,0.0088286766216131,0.0243402693534983
BUS_B_to_BUS_A,BUS_B,BUS_A,ACC_MAG,CORAL,FIVE_PARTITION_UNLABELED_BUDGET,14,5,-0.0653439153439153,-0.0678650777620682,-0.0530675640693761,-0.0607233809762284,-0.06994969660353,-0.0500016064581056,-0.0572692961880595,-0.0673650921643029,-0.0506283741971877,-0.0616654009515513,-0.0673720342750224,-0.0600827689161844,-0.0616654009515513,-0.0673720342750224,-0.0600827689161844,0.0,0.0,0.0,0.0,0.0,0.0,-0.0208539754716576,-0.0448935573020125,-0.0186016364748111,-0.0208539754716576,-0.0448935573020125,-0.0186016364748111,-0.0343615777128357,-0.0399050463972594,-0.0307412208073348
BUS_B_to_BUS_A,BUS_B,BUS_A,ACC_MAG,ZSCORE,FIVE_PARTITION_UNLABELED_BUDGET,18,5,-0.0383597883597883,-0.0429302875147695,-0.0276711775398909,-0.0305517712411947,-0.0435069738031715,-0.0257034793393891,-0.032780193357182,-0.0462737411502564,-0.0285936934954326,-0.0418297563396342,-0.0616689058205617,-0.0366481407664204,-0.0418297563396342,-0.0616689058205617,-0.0366481407664204,0.0,0.0,0.0,0.0,0.0,0.0,-0.0049891833423472,-0.0056315044098258,-0.000876621031583,-0.0049891833423472,-0.0056315044098258,-0.000876621031583,-0.0196681160143092,-0.0277642446901538,-0.0171562160972595
BUS_B_to_BUS_A,BUS_B,BUS_A,ACC_MAG,QUANTILE,FIVE_PARTITION_UNLABELED_BUDGET,18,5,-0.0033652601604969,-0.0092910523126641,-0.0009846396218983,-0.0085133890261807,-0.0158887012985805,-0.0013633389507281,-0.0067245065399271,-0.0101632896043035,-2.146772215039228e-05,-0.0080812086751533,-0.0121564898267267,0.0073639077289038,-0.0080812086751533,-0.0121564898267267,0.0073639077289038,0.0076363032703298,-0.0140645956428752,0.0322211724926657,0.0076363032703298,-0.0140645956428752,0.0322211724926657,-0.0027223791108718,-0.0041836889370339,-0.0026544001342482,-0.0027223791108718,-0.0041836889370339,-0.0026544001342482,-0.0030434524544501,-0.0142865050356763,0.0157938706084422
BUS_B_to_BUS_A,BUS_B,BUS_A,ACC_MAG,CORAL,FIVE_PARTITION_UNLABELED_BUDGET,18,5,-0.056173958063681,-0.0571428571428571,-0.0500908907291456,-0.0453593346553927,-0.0555925041905811,-0.0433517502209248,-0.0409166076831396,-0.0582998594467915,-0.0406376584144769,-0.0508455026303936,-0.0649453286857926,-0.0446429346548303,-0.0508455026303936,-0.0649453286857926,-0.0446429346548303,0.0,0.0,0.0,0.0,0.0,0.0,-0.0383634517297883,-0.0433574427108853,-0.0111299228413775,-0.0383634517297883,-0.0433574427108853,-0.0111299228413775,-0.0245499646098837,-0.0349799156680749,-0.0243825950486861
BUS_B_to_BUS_A,BUS_B,BUS_A,ACC_GYR,RAW,FIVE_PARTITION_UNLABELED_BUDGET,0,5,0.0001960784313725,-0.0078771965259544,0.0045293422607325,-0.0046181806043092,-0.0053323764280249,0.0071725087534534,0.0050804585571396,3.085374760747328e-05,0.0131076391750827,0.0066387185047613,0.0001214013988048,0.0176974562374453,0.0066387185047613,0.0001214013988048,0.0176974562374453,0.0075187969924812,0.0,0.0098280098280098,0.0075187969924812,0.0,0.0098280098280098,-0.0002407892059851,-0.0006618120120051,0.0,-0.0002407892059851,-0.0006618120120051,0.0,0.0039497161797684,0.0030482751342837,0.0078645835050496
BUS_B_to_BUS_A,BUS_B,BUS_A,ACC_GYR,CAUSAL,FIVE_PARTITION_UNLABELED_BUDGET,0,5,-0.013936578468996,-0.0191020086648286,-0.0049184571576494,-0.0171923294394543,-0.0334286486043722,-0.0114749091062127,-0.0089117864926967,-0.0200645014565116,-0.0035574813732789,-0.0118023501162294,-0.0266170044791371,-0.0046328238312474,-0.0118023501162294,-0.0266170044791371,-0.0046328238312474,0.0,0.0,0.0074349442379182,0.0,0.0,0.0074349442379182,-0.0003314539993735,-0.0004069923886349,-0.0002400956220984,-0.0003314539993735,-0.0004069923886349,-0.0002400956220984,0.0008394888711998,-0.005347071895618,0.0039581996641525
BUS_B_to_BUS_A,BUS_B,BUS_A,ACC_GYR,ZSCORE,FIVE_PARTITION_UNLABELED_BUDGET,1,5,-0.011520283576211,-0.0138235294117647,-0.0046595909914574,-0.0109389027309443,-0.0118059473181739,-0.0067186941137587,-0.0169967162121358,-0.0207456354557991,-0.0104204311203993,-0.0149513799526298,-0.0213350743356898,-0.0097137156713002,-0.0149513799526298,-0.0213350743356898,-0.0097137156713002,0.0,0.0,0.0,0.0,0.0,0.0,-0.0015821412226574,-0.0046842541442425,0.0014051284133241,-0.0015821412226574,-0.0046842541442425,0.0014051284133241,-0.0088220036299749,-0.0116097944331638,-0.007720173146678
BUS_B_to_BUS_A,BUS_B,BUS_A,ACC_GYR,QUANTILE,FIVE_PARTITION_UNLABELED_BUDGET,1,5,-0.0101960784313725,-0.0187081528160692,-0.0006471654154801,-0.0098770644426787,-0.0177406810472297,0.0016020476589639,-0.0127762217018655,-0.0226875669518499,-0.0113449490970154,-0.0166029741115157,-0.0218485585077716,-0.0165542088333121,-0.0166029741115157,-0.0218485585077716,-0.0165542088333121,-0.0024652849511554,-0.0025426058273776,0.0,-0.0024652849511554,-0.0025426058273776,0.0,-0.0005725965645615,-0.0014609633106028,-0.0004621288333404,-0.0005725965645615,-0.0014609633106028,-0.0004621288333404,-0.0120242088040518,-0.0252553590256938,-0.0092051293836987
BUS_B_to_BUS_A,BUS_B,BUS_A,ACC_GYR,CORAL,FIVE_PARTITION_UNLABELED_BUDGET,1,5,-0.0460513027671177,-0.0478835978835979,-0.0236862542065752,-0.0272955720546666,-0.0274029591682118,-0.0210777065445089,-0.0227797435746403,-0.0528005385182329,-0.0148692444244152,-0.0343901432444704,-0.0360910907856848,-0.0132101234285435,-0.0343901432444704,-0.0360910907856848,-0.0132101234285435,0.0,0.0,0.0,0.0,0.0,0.0,-0.0090872844257671,-0.0229476044925731,-0.00777780850391,-0.0090872844257671,-0.0229476044925731,-0.00777780850391,-0.0136678461447842,-0.0266622878276561,-0.0089215466546491
BUS_B_to_BUS_A,BUS_B,BUS_A,ACC_GYR,ZSCORE,FIVE_PARTITION_UNLABELED_BUDGET,3,5,-0.0137345990708948,-0.0182158330051201,-0.0092156862745098,-0.011863646933021,-0.0178801359505257,-0.0101319352759484,-0.020053377863041,-0.0242393074382294,-0.0139959990417402,-0.0249386159956331,-0.0317676027155051,-0.0209874081064229,-0.0249386159956331,-0.0317676027155051,-0.0209874081064229,0.0,0.0,0.0,0.0,0.0,0.0,-0.001613660435713,-0.0016324022069901,-0.0009983279928201,-0.001613660435713,-0.0016324022069901,-0.0009983279928201,-0.0120320267178246,-0.0145435844629376,-0.0093443449871743
BUS_B_to_BUS_A,BUS_B,BUS_A,ACC_GYR,QUANTILE,FIVE_PARTITION_UNLABELED_BUDGET,3,5,-0.0174509803921568,-0.0276986797825524,-0.0026455026455026,-0.021559626671185,-0.0236060010718077,-0.0196520324736022,-0.0183726355386814,-0.0321662204478331,-0.0182025110559679,-0.0256712707883981,-0.0426734517968302,-0.0235348342668365,-0.0256712707883981,-0.0426734517968302,-0.0235348342668365,-0.0257844863455871,-0.0309311672576156,0.0375388177566024,-0.0257844863455871,-0.0309311672576156,0.0375388177566024,-0.0010406891334792,-0.0019720808713742,-0.0005051942911712,-0.0010406891334792,-0.0019720808713742,-0.0005051942911712,-0.0260263788536692,-0.0327899962025999,-0.0030087374468963
BUS_B_to_BUS_A,BUS_B,BUS_A,ACC_GYR,CORAL,FIVE_PARTITION_UNLABELED_BUDGET,3,5,-0.0489417989417989,-0.0711977378307412,-0.0270515143670722,-0.0394689717636356,-0.0598514089118261,-0.0252962137156541,-0.0373895555311057,-0.0440310281715667,-0.024108148438743,-0.0323715766764578,-0.0422893904241789,-0.0296749721768096,-0.0323715766764578,-0.0422893904241789,-0.0296749721768096,0.0,0.0,0.0,0.0,0.0,0.0,-0.0311300230961575,-0.0472620684798669,-0.0069903919609776,-0.0311300230961575,-0.0472620684798669,-0.0069903919609776,-0.0238827859506755,-0.02641861690294,-0.0149493498569097
BUS_B_to_BUS_A,BUS_B,BUS_A,ACC_GYR,ZSCORE,FIVE_PARTITION_UNLABELED_BUDGET,7,5,-0.0291224436966088,-0.0368255218589996,-0.0244395071702686,-0.0273642870545892,-0.035089293391685,-0.0242902265062917,-0.0334910083883339,-0.0434154987094803,-0.024890256241087,-0.0452875740741887,-0.0569909772073591,-0.0331076440990388,-0.0452875740741887,-0.0569909772073591,-0.0331076440990388,0.0,0.0,0.0,0.0,0.0,0.0,-0.0025314651908122,-0.0030236178241255,-0.0016545078570079,-0.0025314651908122,-0.0030236178241255,-0.0016545078570079,-0.0184895488964027,-0.0260492992256882,-0.0149341537446522
BUS_B_to_BUS_A,BUS_B,BUS_A,ACC_GYR,QUANTILE,FIVE_PARTITION_UNLABELED_BUDGET,7,5,-0.0167647058823529,-0.0321147242981216,0.0026585269791256,-0.0228132892591946,-0.0368555377346114,-0.0028838831865141,-0.0234026938689936,-0.0414383205963539,0.0017153946544596,-0.0313183196925595,-0.0553061175356774,0.0022864218313133,-0.0313183196925595,-0.0553061175356774,0.0022864218313133,0.0254405186842101,-0.0314909423256856,0.0358750537259178,0.0254405186842101,-0.0314909423256856,0.0358750537259178,-0.000522912784234,-0.0011476591143096,0.0,-0.000522912784234,-0.0011476591143096,0.0,-0.0207549540566669,-0.0227840852400735,0.0245606889206567
BUS_B_to_BUS_A,BUS_B,BUS_A,ACC_GYR,CORAL,FIVE_PARTITION_UNLABELED_BUDGET,7,5,-0.0579365079365079,-0.09757778653013,-0.0519026663215117,-0.0630033208913718,-0.0886053646215359,-0.0379633622779075,-0.052313997970764,-0.0789342631960199,-0.0406644919631182,-0.0585517987136971,-0.0825122395535811,-0.0495223087340764,-0.0585517987136971,-0.0825122395535811,-0.0495223087340764,0.0,-0.0011273957158962,0.0,0.0,-0.0011273957158962,0.0,-0.0255543727401517,-0.0470405364184091,-0.0106222957058021,-0.0255543727401517,-0.0470405364184091,-0.0106222957058021,-0.0321908098883235,-0.0473605579176119,-0.0242734245863871
BUS_B_to_BUS_A,BUS_B,BUS_A,ACC_GYR,ZSCORE,FIVE_PARTITION_UNLABELED_BUDGET,14,5,-0.0194444444444444,-0.0259803921568628,-0.0150142376391406,-0.0183173390010868,-0.0345435585432871,-0.0155687760209978,-0.0294188486657373,-0.0350685725510316,-0.0163695382206132,-0.0386995799009863,-0.0458169851839982,-0.0214956540914202,-0.0386995799009863,-0.0458169851839982,-0.0214956540914202,0.0,0.0,0.0,0.0,0.0,0.0,-0.0011415099905765,-0.0027981124896045,-0.0004958679856399,-0.0011415099905765,-0.0027981124896045,-0.0004958679856399,-0.0210411435306189,-0.0334572665742639,-0.0098217229323679
BUS_B_to_BUS_A,BUS_B,BUS_A,ACC_GYR,QUANTILE,FIVE_PARTITION_UNLABELED_BUDGET,14,5,-0.021308826499697,-0.0312745098039215,-0.0032493107522647,-0.0461312110226901,-0.0514947272635338,0.0050114214342055,-0.0481032557821571,-0.0539173925385365,0.0030300067591392,-0.0630072196084246,-0.0715599810775875,0.0039040033429127,-0.0630072196084246,-0.0715599810775875,0.0039040033429127,-0.0106157826864081,-0.1112145738687518,0.0597266902123895,-0.0106157826864081,-0.1112145738687518,0.0597266902123895,-0.0008194324923943,-0.0011983417850238,-0.0005346267084521,-0.0008194324923943,-0.0011983417850238,-0.0005346267084521,-0.0382895054843791,-0.0813365717444286,0.025977326987531
BUS_B_to_BUS_A,BUS_B,BUS_A,ACC_GYR,CORAL,FIVE_PARTITION_UNLABELED_BUDGET,14,5,-0.0761126427727451,-0.0934506859953404,-0.0407407407407406,-0.0707755854531593,-0.0829043131306615,-0.0358118005763053,-0.0658307403107799,-0.0825118991123883,-0.0324265581008484,-0.0751945031366438,-0.0957245460357591,-0.0336253251095557,-0.0751945031366438,-0.0957245460357591,-0.0336253251095557,0.0,-0.0142665490912447,0.0077412122437031,0.0,-0.0142665490912447,0.0077412122437031,-0.0300458942547683,-0.0350830188194801,-0.0248262734695736,-0.0300458942547683,-0.0350830188194801,-0.0248262734695736,-0.0387174092713488,-0.0456939137995286,-0.0327170591237863
BUS_B_to_BUS_A,BUS_B,BUS_A,ACC_GYR,ZSCORE,FIVE_PARTITION_UNLABELED_BUDGET,18,5,-0.0298941798941798,-0.0323167036962229,-0.0155319699715246,-0.029400861092645,-0.0354515947519731,-0.0143736147609014,-0.0370347339311503,-0.0402222462703154,-0.0147540246379656,-0.0465349739925823,-0.0534453780992809,-0.0194515013697519,-0.0465349739925823,-0.0534453780992809,-0.0194515013697519,0.0,0.0,0.0,0.0,0.0,0.0,-0.0006615944426067,-0.0011051670376003,-0.0006183318076432,-0.0006615944426067,-0.0011051670376003,-0.0006183318076432,-0.0222208403586902,-0.0241333477621892,-0.0088524147827793
BUS_B_to_BUS_A,BUS_B,BUS_A,ACC_GYR,QUANTILE,FIVE_PARTITION_UNLABELED_BUDGET,18,5,-0.0121187638860835,-0.0462745098039215,-0.0009846396218984,-0.0460352214113487,-0.0494962115411801,0.0036859241437374,-0.0525394930110876,-0.0530438681139087,0.0013968403119981,-0.0696110117062502,-0.0699875591164489,0.0015923294921725,-0.0696110117062502,-0.0699875591164489,0.0015923294921725,-0.0159351145038167,-0.1468261104117964,0.0823212143444939,-0.0159351145038167,-0.1468261104117964,0.0823212143444939,-0.0016293021105592,-0.0022127951062882,-0.0013249369255999,-0.0016293021105592,-0.0022127951062882,-0.0013249369255999,-0.0378977416081792,-0.0905567650330638,0.0337665899249964
BUS_B_to_BUS_A,BUS_B,BUS_A,ACC_GYR,CORAL,FIVE_PARTITION_UNLABELED_BUDGET,18,5,-0.0854667191807798,-0.1044233488184205,-0.0378306878306877,-0.0799555383904032,-0.0954238861311322,-0.0331240514861971,-0.0716566426670632,-0.0774586124964563,-0.0375594822530196,-0.0850048974837344,-0.0906000663581447,-0.0398765181438395,-0.0850048974837344,-0.0906000663581447,-0.0398765181438395,0.0,-0.0118289020728045,0.0078921734290201,0.0,-0.0118289020728045,0.0078921734290201,-0.0313164178321219,-0.0316118782170498,-0.03060837458056,-0.0313164178321219,-0.0316118782170498,-0.03060837458056,-0.0425727284734835,-0.0477255464293597,-0.0331031274482034
BUS_B_to_BUS_A,BUS_B,BUS_A,ACC_MAG_GYR,RAW,FIVE_PARTITION_UNLABELED_BUDGET,0,5,-0.0106341079165025,-0.0139787729743723,-0.0101960784313724,-0.0176867171625891,-0.0210973282420838,-0.0072770635224665,-0.0110963952565646,-0.0113459826038393,-0.0050015719932207,-0.0146842707219627,-0.015263642518104,-0.0065884996537885,-0.0146842707219627,-0.015263642518104,-0.0065884996537885,0.0,0.0,0.0,0.0,0.0,0.0,-0.0003327688603707,-0.000531348431734,-0.0002407890115171,-0.0003327688603707,-0.000531348431734,-0.0002407890115171,-0.0030009431959324,-0.0066578371539388,0.000602029025995
BUS_B_to_BUS_A,BUS_B,BUS_A,ACC_MAG_GYR,CAUSAL,FIVE_PARTITION_UNLABELED_BUDGET,0,5,-0.0082352941176471,-0.0105029287012724,-0.0023297954957287,-0.012139368159509,-0.0139435253697731,-0.0069236796783833,3.945369025604162e-05,-0.0006889067381818,0.0036164744738361,0.0003834749961096,-0.0009185423175758,0.0053649055191271,0.0003834749961096,-0.0009185423175758,0.0053649055191271,0.0,0.0,0.0087133213941314,0.0,0.0,0.0087133213941314,-0.000992610227305,-0.0016288186620369,-0.0005313490666843,-0.000992610227305,-0.0016288186620369,-0.0005313490666843,0.002838768541848,0.0021698846843016,0.0030719845147434
BUS_B_to_BUS_A,BUS_B,BUS_A,ACC_MAG_GYR,ZSCORE,FIVE_PARTITION_UNLABELED_BUDGET,1,5,-0.0154588420638046,-0.0223919233756147,-0.0085294117647058,-0.0161426916334786,-0.0180341474504949,-0.0074012820514081,-0.0153453905845351,-0.0213425120192935,-0.0106689899990373,-0.013891144608547,-0.0176505849942599,-0.0049692554863877,-0.013891144608547,-0.0176505849942599,-0.0049692554863877,0.0,0.0,0.0,0.0,0.0,0.0,-0.0084506489681877,-0.0145147145029929,-0.0048652164868112,-0.0084506489681877,-0.0145147145029929,-0.0048652164868112,-0.0092072343507211,-0.0128055072115761,-0.0059872130362704
BUS_B_to_BUS_A,BUS_B,BUS_A,ACC_MAG_GYR,QUANTILE,FIVE_PARTITION_UNLABELED_BUDGET,1,5,-0.0141534391534391,-0.0195443955475019,-0.0058823529411764,-0.0039405964306824,-0.0119268293313278,-0.002116005335588,-0.0106861316051495,-0.0129080885031426,0.0115963724632487,-0.0084891966212687,-0.0121138740275682,0.0133246040210794,-0.0084891966212687,-0.0121138740275682,0.0133246040210794,0.0023640661938534,0.0,0.0046122890795838,0.0023640661938534,0.0,0.0046122890795838,-0.0056295371780898,-0.0058900827607118,-0.0046549944266356,-0.0056295371780898,-0.0058900827607118,-0.0046549944266356,-0.0020870785131484,-0.0027491900465746,0.0041245460815196
BUS_B_to_BUS_A,BUS_B,BUS_A,ACC_MAG_GYR,CORAL,FIVE_PARTITION_UNLABELED_BUDGET,1,5,0.0107049080993738,0.0018708152816069,0.0137199068081801,-0.0055224755856669,-0.0082775426771559,0.0054567966551894,0.0028473669089928,-0.005507466116414,0.0088816681755397,-0.0120953682362283,-0.0158914504238998,0.0005161315147748,-0.0120953682362283,-0.0158914504238998,0.0005161315147748,0.0,0.0,0.0,0.0,0.0,0.0,0.0068539987220842,0.0020562722874384,0.0396868055402198,0.0068539987220842,0.0020562722874384,0.0396868055402198,0.0017084201453957,-0.0001633010012996,0.0018622771898217
BUS_B_to_BUS_A,BUS_B,BUS_A,ACC_MAG_GYR,ZSCORE,FIVE_PARTITION_UNLABELED_BUDGET,3,5,-0.0120372767279316,-0.0142156862745098,-0.0019841269841269,-0.0101865067776734,-0.0262071142627767,-0.0040994536146997,-0.0168740117004888,-0.029713294478621,-0.016063382747193,-0.0245325406529382,-0.0363978255717463,-0.0231818919823138,-0.0245325406529382,-0.0363978255717463,-0.0231818919823138,0.0,0.0,0.0,0.0,0.0,0.0,0.0014342652859798,-4.164838369852264e-05,0.0022381659654523,0.0014342652859798,-4.164838369852264e-05,0.0022381659654523,-0.0101244070202933,-0.0154232996249979,-0.0096380296483158
BUS_B_to_BUS_A,BUS_B,BUS_A,ACC_MAG_GYR,QUANTILE,FIVE_PARTITION_UNLABELED_BUDGET,3,5,-0.0058201058201058,-0.0282164121149365,0.0012745098039215,-0.0087481248896187,-0.0112090342065855,0.000799087633354,-0.007397399335595,-0.0110029771735168,0.0096869379241684,-0.0057317772098745,-0.0152913877777229,0.0109485979174499,-0.0057317772098745,-0.0152913877777229,0.0109485979174499,0.0010185773558105,0.0,0.0374483314850287,0.0010185773558105,0.0,0.0374483314850287,2.012591596878277e-06,-0.0033178543162037,0.0003957495382757,2.012591596878277e-06,-0.0033178543162037,0.0003957495382757,0.0148981588321823,-0.0116246795630086,0.0210838537572484
BUS_B_to_BUS_A,BUS_B,BUS_A,ACC_MAG_GYR,CORAL,FIVE_PARTITION_UNLABELED_BUDGET,3,5,-0.0296909715209048,-0.0375147695943284,-0.0046078431372549,-0.0254105129532023,-0.0361688410622401,-0.0185945586851777,-0.0252012555500184,-0.0416670425223334,0.0017636262251946,-0.0159120097791869,-0.031216291552813,-0.007518438739955,-0.0159120097791869,-0.031216291552813,-0.007518438739955,0.0,0.0,0.0,0.0,0.0,0.0,-0.0332986791587337,-0.0676834228898667,0.0077559241510503,-0.0332986791587337,-0.0676834228898667,0.0077559241510503,-0.015120753330011,-0.0228623911300135,0.0048096411512949
BUS_B_to_BUS_A,BUS_B,BUS_A,ACC_MAG_GYR,ZSCORE,FIVE_PARTITION_UNLABELED_BUDGET,7,5,-0.026984126984127,-0.0740357235309345,-0.021308826499697,-0.0522694598250288,-0.0542426882083746,-0.0197661686683177,-0.0374678015629763,-0.0703557160795062,-0.0206858596332839,-0.0518057671787451,-0.0937046225666697,-0.0277061340699012,-0.0518057671787451,-0.0937046225666697,-0.0277061340699012,0.0,0.0,0.0,0.0,0.0,0.0,0.0019885446493524,0.0003497593743338,0.0021388209840517,0.0019885446493524,0.0003497593743338,0.0021388209840517,-0.0224806809377858,-0.0422134296477037,-0.0124115157799703
BUS_B_to_BUS_A,BUS_B,BUS_A,ACC_MAG_GYR,QUANTILE,FIVE_PARTITION_UNLABELED_BUDGET,7,5,-0.0078431372549019,-0.0161583518481114,-0.0006613756613756,-0.0114099548383078,-0.011664415458177,0.0055635406940645,-0.0096369908757739,-0.0125424510127902,0.0081268739938645,-0.0123178114918347,-0.0172378306715463,0.01111991941239,-0.0123178114918347,-0.0172378306715463,0.01111991941239,0.0416958672898397,0.0274742218568779,0.0791262076899716,0.0416958672898397,0.0274742218568779,0.0791262076899716,-0.0007823739152054,-0.0012096309664985,1.3531978998893024e-05,-0.0007823739152054,-0.0012096309664985,1.3531978998893024e-05,0.0213009390574887,0.0017969372161072,0.0335376967652853
BUS_B_to_BUS_A,BUS_B,BUS_A,ACC_MAG_GYR,CORAL,FIVE_PARTITION_UNLABELED_BUDGET,7,5,-0.0488790143405372,-0.0658730158730158,-0.0134313725490196,-0.036523460597845,-0.0536171119870473,-0.0191289057556953,-0.0293078269410358,-0.0488470400892232,-0.003745496198666,-0.0135617500469926,-0.0379577782266289,-0.0075971090698408,-0.0135617500469926,-0.0379577782266289,-0.0075971090698408,0.0,0.0,0.0,0.0,0.0,0.0,-0.0627386288296584,-0.096191312819483,0.0101085218447189,-0.0627386288296584,-0.096191312819483,0.0101085218447189,-0.0166043040077587,-0.0293082240535339,-0.0017346714010609
BUS_B_to_BUS_A,BUS_B,BUS_A,ACC_MAG_GYR,ZSCORE,FIVE_PARTITION_UNLABELED_BUDGET,14,5,-0.0332808192201654,-0.0542324618172405,-0.0278431372549019,-0.0340506834774715,-0.0449414409143049,-0.0336548545021005,-0.0300056192333979,-0.0578631431349213,-0.0285355707819902,-0.0413404783419737,-0.076474284129847,-0.0381642743381066,-0.0413404783419737,-0.076474284129847,-0.0381642743381066,0.0,0.0,0.0,0.0,0.0,0.0,0.0015962631054403,-0.0006607008315415,0.0026463831363858,0.0015962631054403,-0.0006607008315415,0.0026463831363858,-0.0334535427645475,-0.0344231613508087,-0.0180033715400387
BUS_B_to_BUS_A,BUS_B,BUS_A,ACC_MAG_GYR,QUANTILE,FIVE_PARTITION_UNLABELED_BUDGET,14,5,-0.0091176470588235,-0.0092910523126641,-0.0025132275132274,-0.0037579332122452,-0.0160358251984263,0.0064858310507802,-0.0023506389887669,-0.0286728145591714,0.0074497403751078,-0.0011448831060546,-0.0371310946783022,0.0100771072012546,-0.0011448831060546,-0.0371310946783022,0.0100771072012546,0.0414820823967815,0.0169953585298853,0.0476177169244993,0.0414820823967815,0.0169953585298853,0.0476177169244993,-0.0010955399526008,-0.0013355535028439,-0.0006589173161473,-0.0010955399526008,-0.0013355535028439,-0.0006589173161473,0.0156569622133334,-0.0101938572370641,0.0208767260697491
BUS_B_to_BUS_A,BUS_B,BUS_A,ACC_MAG_GYR,CORAL,FIVE_PARTITION_UNLABELED_BUDGET,14,5,-0.092989417989418,-0.1350925561244585,-0.0340196078431372,-0.0856203906071086,-0.1163062548432455,-0.0538031560576959,-0.0667832646383673,-0.1100617225883595,-0.0323570985630692,-0.0665318945123825,-0.1046349256693322,-0.0465309654440032,-0.0665318945123825,-0.1046349256693322,-0.0465309654440032,0.0,0.0,0.0,0.0,0.0,0.0,-0.053391868374274,-0.1022387611195813,0.0037208382487908,-0.053391868374274,-0.1022387611195813,0.0037208382487908,-0.0391756990798216,-0.0650542325702147,-0.0194142591378415
BUS_B_to_BUS_A,BUS_B,BUS_A,ACC_MAG_GYR,ZSCORE,FIVE_PARTITION_UNLABELED_BUDGET,18,5,-0.0529100529100529,-0.0854258348433859,-0.0374509803921568,-0.0622025910387057,-0.0649219467401286,-0.048153413193074,-0.0585897583143412,-0.0779675519525493,-0.0427369622353601,-0.0796165597278549,-0.1037367147766457,-0.0569121826884482,-0.0796165597278549,-0.1037367147766457,-0.0569121826884482,0.0,0.0,0.0,0.0,0.0,0.0,-0.0002113008760956,-0.0006600634802601,0.003562126057355,-0.0002113008760956,-0.0006600634802601,0.003562126057355,-0.0351538549886047,-0.0467805311715295,-0.0256421773412161
BUS_B_to_BUS_A,BUS_B,BUS_A,ACC_MAG_GYR,QUANTILE,FIVE_PARTITION_UNLABELED_BUDGET,18,5,-0.0078771965259543,-0.0205882352941175,-0.0052910052910053,-0.0068534831742022,-0.0279465620020672,-0.0008363525269975,-0.0054986305094243,-0.0322278295269603,0.0005886768783415,-0.007331507345899,-0.0426386919021948,0.0008757852233425,-0.007331507345899,-0.0426386919021948,0.0008757852233425,0.0107674519439225,0.0070835639180963,0.0126452494873547,0.0107674519439225,0.0070835639180963,0.0126452494873547,-0.0002726481566612,-0.0009952424012569,0.0,-0.0002726481566612,-0.0009952424012569,0.0,-0.000465752738416,-0.0150297169386071,0.0054113059219468
BUS_B_to_BUS_A,BUS_B,BUS_A,ACC_MAG_GYR,CORAL,FIVE_PARTITION_UNLABELED_BUDGET,18,5,-0.0817460317460317,-0.1108866895576651,-0.0152941176470587,-0.0778207917507127,-0.0919708085919768,-0.0378845965635999,-0.0601709669217127,-0.0734433277708566,-0.0256238791316701,-0.0586971186533559,-0.0602968978953635,-0.0411051527692163,-0.0586971186533559,-0.0602968978953635,-0.0411051527692163,0.0,0.0,0.0,0.0,0.0,0.0,-0.0597931740007603,-0.1176819551233584,0.0199870307855366,-0.0597931740007603,-0.1176819551233584,0.0199870307855366,-0.0361025801530276,-0.0440659966625139,-0.0153743274790021
