vehicle,sensor_configuration,method,protocol,n_folds,n_features,rows,operating_days,accuracy,balanced_accuracy,macro_f1,charging_f1,driving_f1,stationary_state_macro_f1,objective_score,stationary_off_precision,stationary_off_recall,stationary_off_f1,stationary_off_support,stationary_on_precision,stationary_on_recall,stationary_on_f1,stationary_on_support,charging_precision,charging_recall,charging_f1.1,charging_support,driving_precision,driving_recall,driving_f1.1,driving_support,macro_f1_bootstrap_center,macro_f1_ci_low,macro_f1_ci_high,charging_f1_bootstrap_center,charging_f1_ci_low,charging_f1_ci_high,delta_macro_f1,delta_macro_f1_ci_low,delta_macro_f1_ci_high,delta_charging_f1,delta_charging_f1_ci_low,delta_charging_f1_ci_high
Bus A,A,RAW,IN_DOMAIN_GROUPED_CV_TEST_X_UNLABELED,5,54,99879,254,0.8719350414000941,0.8296018860342242,0.8195863025207223,0.7215995829765052,0.9984779640530922,0.759955748676599,0.7803916147030354,0.7588565022421525,0.6460202328688681,0.6979070007217238,20956,0.8569711538461539,0.8637770897832817,0.860360662331568,22287,0.6505538771399798,0.8100652064872095,0.7215995829765052,11962,0.9984109221128021,0.9985450149975377,0.9984779640530922,44674,0.8195863025207223,0.7989487625542782,0.838879949710514,0.7215995829765051,0.6751566994229967,0.7647373874583909,0.0,0.0,0.0,0.0,0.0,0.0
Bus A,A,ZSCORE,IN_DOMAIN_GROUPED_CV_TEST_X_UNLABELED,5,54,99879,254,0.8310555772484707,0.7390922532578761,0.7448600045912543,0.4940151249561777,0.9983435184563383,0.6603654999695597,0.6445220527372237,0.591728280961183,0.7332506203473945,0.6549313783991134,20956,0.8527832721107658,0.8124915870238255,0.8321499965533881,22287,0.6161149281698938,0.4123056345092794,0.4940151249561777,11962,0.9983658667621776,0.998321171151005,0.9983435184563383,44674,0.7448600045912543,0.7210031612620402,0.7667214623431132,0.49401512495617766,0.42714907451480266,0.5547873058332297,-0.07472629792946794,-0.0963438653459348,-0.05503848398567723,-0.2275844580203274,-0.2865774609910312,-0.17305714771275085
Bus A,A,CORAL,IN_DOMAIN_GROUPED_CV_TEST_X_UNLABELED,5,54,99879,254,0.8447421379869642,0.7746214062210575,0.7751625882084121,0.6119052698954555,0.9983332028234873,0.7007723833367203,0.7098596608832295,0.6569673928936979,0.6432048100782592,0.6500132616401032,20956,0.8243849805783341,0.8570467088437206,0.8403986184746024,22287,0.6249455242743833,0.5993980939642201,0.6119052698954555,11962,0.9978308996176122,0.9988360119980302,0.9983332028234873,44674,0.7751625882084121,0.75396051307582,0.7955856544806081,0.6119052698954556,0.5589836046222435,0.6645474304848527,-0.04442371431231018,-0.06283659973755856,-0.025012623391449676,-0.10969431308104949,-0.15378865887545387,-0.06537109924862831
Bus A,A,QUANTILE,IN_DOMAIN_GROUPED_CV_TEST_X_UNLABELED,5,54,99879,254,0.8511799277125321,0.8049358161459688,0.7956756242900005,0.6989101841413002,0.9890398063474987,0.7312208969375011,0.7569694482305204,0.7271007234279354,0.623496850543997,0.6713250783537995,20956,0.8158833634321455,0.8311123076232781,0.8234274283174039,22287,0.6348306936100492,0.7773783648219361,0.6989101841413002,11962,0.9903272139683109,0.9877557415946636,0.9890398063474987,44674,0.7956756242900005,0.7742756107710338,0.8160421599887184,0.6989101841413002,0.6503536781246528,0.7435373268046812,-0.023910678230721794,-0.03535292606984713,-0.012667447291860139,-0.02268939883520482,-0.052206539668240806,0.0029012254240747336
Bus A,A,CAUSAL,IN_DOMAIN_GROUPED_CV_TEST_X_UNLABELED,5,54,99879,254,0.8982869271818901,0.8670517562468709,0.8618257546284396,0.8180523692745827,0.9985452429444283,0.8162525918564434,0.8443164004868968,0.7916500399042299,0.7573487306737927,0.7741195980879915,20956,0.8656921596480777,0.8476690447345987,0.8565858082067558,22287,0.7763513513513514,0.8644875438889817,0.8180523692745827,11962,0.9983888292158969,0.9987017056901106,0.9985452429444283,44674,0.8618257546284395,0.8435458832639564,0.8782347918058537,0.8180523692745828,0.7818786463461452,0.8494563848532127,0.04223945210771718,0.02822630592882592,0.05678622563574921,0.09645278629807774,0.06494745419703456,0.12883220914305304
Bus A,M,RAW,IN_DOMAIN_GROUPED_CV_TEST_X_UNLABELED,5,41,99879,254,0.8026311837323161,0.7358003310665259,0.7305930056140716,0.578195829555757,0.982326309317534,0.6466819043795842,0.6696341351907458,0.6986178518674826,0.6319431189158237,0.6636099418721186,20956,0.7088110207100592,0.6879795396419437,0.6982399417108769,22287,0.5274293590627154,0.639775957197793,0.578195829555757,11962,0.9811527210200754,0.983502708510543,0.982326309317534,44674,0.7305930056140716,0.7058321874067686,0.7532590991958978,0.578195829555757,0.5207892311157309,0.628426816855399,0.0,0.0,0.0,0.0,0.0,0.0
Bus A,M,ZSCORE,IN_DOMAIN_GROUPED_CV_TEST_X_UNLABELED,5,41,99879,254,0.7626728341292964,0.6766901641204095,0.67592447515795,0.4975337060177573,0.9782730554496738,0.5751416150607086,0.6045681675018728,0.6075751659508005,0.5940064897881275,0.6007142167744426,20956,0.6241944802453224,0.6301880019742451,0.6271769223899258,22287,0.4894064370046903,0.5059354622972747,0.4975337060177573,11962,0.9799209415146887,0.9766307024219905,0.9782730554496738,44674,0.6759244751579498,0.650706668298004,0.6999052447051842,0.49753370601775737,0.43283410805969186,0.5564239810020847,-0.054668530456121744,-0.07314994649376583,-0.03790844914963933,-0.08066212353799962,-0.11392041599156068,-0.050557302673385936
Bus A,M,CORAL,IN_DOMAIN_GROUPED_CV_TEST_X_UNLABELED,5,41,99879,254,0.7503178846404149,0.6602819153841581,0.6585801074745161,0.47338845628963633,0.9793825947105075,0.551645945062519,0.5845034470005642,0.580922200789933,0.6035980148883374,0.5920430610812076,20956,0.6185008131683998,0.563108538609952,0.5895063178167128,22287,0.45529647930821493,0.49297776291590034,0.47338845628963633,11962,0.9773304801390932,0.9814433451224426,0.9793825947105075,44674,0.6585801074745161,0.628956232950616,0.685899879781162,0.47338845628963633,0.40361969050586555,0.5375813815966405,-0.07201289813955547,-0.09905258777892682,-0.04796210854808414,-0.10480737326612066,-0.16242296319269675,-0.05297527216598184
Bus A,M,QUANTILE,IN_DOMAIN_GROUPED_CV_TEST_X_UNLABELED,5,41,99879,254,0.7650657295327347,0.6841183748186499,0.6811376102078949,0.5226395779195212,0.9782718205326258,0.5820928734329845,0.6177383972925454,0.612647599055366,0.5570719602977667,0.5835395266301767,20956,0.6338480489199771,0.6464755238479831,0.6400995157492558,22287,0.49397142006549566,0.5548403277043973,0.5226395779195212,11962,0.978458024497839,0.9780856874244527,0.9782718205326258,44674,0.6811376102078949,0.6572025039177565,0.7034536107312243,0.5226395779195213,0.46738419891982835,0.5737151142490402,-0.049455395406176716,-0.06630187313999421,-0.03361756142299938,-0.055556251636235676,-0.08748564858718978,-0.02507389633232189
Bus A,M,CAUSAL,IN_DOMAIN_GROUPED_CV_TEST_X_UNLABELED,5,41,99879,254,0.8337688603209884,0.7795031199951031,0.7754823706591889,0.6660114788898498,0.9834193649303926,0.7061700392354543,0.7316940139514532,0.740104115509282,0.7191257873640008,0.7294641560578925,20956,0.7413378588601329,0.705613137703594,0.7230344827586207,22287,0.6285989907984565,0.7081591707072395,0.6660114788898498,11962,0.9817301686445972,0.9851143842055782,0.9834193649303926,44674,0.7754823706591889,0.7541219051851231,0.7962565242986842,0.6660114788898498,0.6209422716325457,0.7066768841496881,0.04488936504511731,0.02944782619773212,0.06162939812887659,0.0878156493340928,0.04891275763490162,0.13020479342844238
Bus A,G,RAW,IN_DOMAIN_GROUPED_CV_TEST_X_UNLABELED,5,42,99879,254,0.7846894742638593,0.7018677901399997,0.6972873854010568,0.497061667782489,0.9976156093629311,0.5971779774137653,0.6171970983536297,0.6431497251266574,0.5694311891582363,0.6040496076942546,20956,0.6990434142752023,0.6820119352088662,0.6904226567645523,22287,0.44773519163763065,0.5586022404280221,0.497061667782489,11962,0.9978054952191145,0.9974257957648744,0.9976156093629311,44674,0.6972873854010568,0.6761963580214743,0.716501122929869,0.49706166778248895,0.45375220505281133,0.5394675763627608,0.0,0.0,0.0,0.0,0.0,0.0
Bus A,G,ZSCORE,IN_DOMAIN_GROUPED_CV_TEST_X_UNLABELED,5,42,99879,254,0.7129326485046906,0.5785208626220408,0.5708860823360817,0.211047080569751,0.9892086732359473,0.4314452187027931,0.42695048162954946,0.4807653233999323,0.677467073869059,0.5624133423127203,20956,0.5662206300705932,0.4822542289226904,0.5208752332259081,22287,0.30177238805970147,0.16226383547901688,0.211047080569751,11962,0.9863358184043619,0.9920983122173972,0.9892086732359473,44674,0.5708860823360817,0.5495165252530114,0.5909645048812232,0.211047080569751,0.16328505240843816,0.2566878538077398,-0.1264013030649751,-0.1516006474540973,-0.10205720471220228,-0.286014587212738,-0.33925502985343864,-0.23384801449210374
Bus A,G,CORAL,IN_DOMAIN_GROUPED_CV_TEST_X_UNLABELED,5,42,99879,254,0.742888895563632,0.6305606795262378,0.6314720551259069,0.3759090909090909,0.9944390363980173,0.5104830613685367,0.5292468694391805,0.563358395989975,0.5363141820958198,0.5495037402825992,20956,0.5710939980946332,0.6455332705164446,0.6060363529139199,22287,0.411934648336322,0.3456779802708577,0.3759090909090909,11962,0.9941609431978344,0.9947172852218292,0.9944390363980173,44674,0.6314720551259069,0.6082662403377478,0.6530238038642936,0.3759090909090909,0.32399243547483153,0.4231810396131882,-0.06581533027514996,-0.08755191314977605,-0.045811190909735136,-0.12115257687339803,-0.17121252394559902,-0.07511767052262104
Bus A,G,QUANTILE,IN_DOMAIN_GROUPED_CV_TEST_X_UNLABELED,5,42,99879,254,0.7666176073048389,0.6753188577627953,0.6734537820104018,0.4638707623746618,0.9909511902492627,0.5676213125974482,0.5896205741561058,0.5988789808917198,0.5608417636953618,0.5792365885512925,20956,0.6555481727574751,0.664019383497106,0.6597565868663903,22287,0.44259681093394077,0.4872930948002006,0.4638707623746618,11962,0.9927879754656361,0.9891211890585128,0.9909511902492627,44674,0.6734537820104018,0.6534634480239553,0.6925096061641914,0.46387076237466174,0.4184445993079331,0.5103850125293533,-0.02383360339065499,-0.040803480519217165,-0.006863003738146797,-0.03319090540782721,-0.060162583779826126,-0.006367861541474836
Bus A,G,CAUSAL,IN_DOMAIN_GROUPED_CV_TEST_X_UNLABELED,5,42,99879,254,0.8273611069393967,0.7680378763355113,0.7607657262291785,0.6267469521260779,0.997638420987834,0.6818081613096266,0.7071582165879382,0.7270462448746562,0.6684481771330406,0.6965169181811401,20956,0.744344430156689,0.7012608246960111,0.7221606136216616,22287,0.5642484272520413,0.7048152482862398,0.6267469521260779,11962,0.9976495869988584,0.9976272552267538,0.997638420987834,44674,0.7607657262291785,0.738971606095242,0.7802209896232039,0.626746952126078,0.5822398606136159,0.6657943557333427,0.06347834082812165,0.04723906027560426,0.07974240556992498,0.12968528434358906,0.09445134917244453,0.16491730908463856
Bus A,A+M,RAW,IN_DOMAIN_GROUPED_CV_TEST_X_UNLABELED,5,95,99879,254,0.886943201273541,0.8460585287115635,0.8396722887813254,0.7352408826587592,0.9985786392989446,0.7867035052754523,0.7978997263322989,0.7749393610982093,0.7165489597251384,0.7446011950511988,20956,0.8896883593033914,0.8710459011980078,0.8802684381163988,22287,0.6816137093895037,0.7980270857716101,0.7352408826587592,11962,0.9985451126978088,0.9986121681514976,0.9985786392989446,44674,0.8396722887813254,0.8203111708571748,0.8580168579356912,0.7352408826587592,0.6902776450596638,0.7775633121117554,0.0,0.0,0.0,0.0,0.0,0.0
Bus A,A+M,ZSCORE,IN_DOMAIN_GROUPED_CV_TEST_X_UNLABELED,5,95,99879,254,0.8589793650316884,0.7929530220410179,0.7960367365875199,0.6414828512305728,0.9984106019565266,0.7285787814645177,0.7342151824447412,0.6790923824959482,0.719793853788891,0.6988510007412898,20956,0.846143473570658,0.844662807914928,0.8454024924216909,22287,0.677611384987443,0.6090118709245945,0.6414828512305728,11962,0.9984776573833617,0.9983435555356583,0.9984106019565266,44674,0.7960367365875199,0.7732471459231105,0.8155250075481764,0.6414828512305728,0.5819741862822099,0.6948910625995423,-0.04363555219380544,-0.05656719682653765,-0.03089861854645341,-0.0937580314281864,-0.1285607389573991,-0.06228110728938293
Bus A,A+M,CORAL,IN_DOMAIN_GROUPED_CV_TEST_X_UNLABELED,5,95,99879,254,0.8591195346369107,0.8010936880419274,0.7996912377240029,0.6715514757337505,0.9975597197035843,0.7337350770641424,0.7484353329279019,0.7014717581543357,0.673220080167971,0.6870556150774325,20956,0.8335528626624517,0.8518418809171265,0.842598140381244,22287,0.6615035276944287,0.6819093797023908,0.6715514757337505,11962,0.9977160770264218,0.9974034113802211,0.9975597197035843,44674,0.7996912377240029,0.7782058054354763,0.8203201366913826,0.6715514757337504,0.6186887370093125,0.719436368297477,-0.039981051057322525,-0.05542678608858731,-0.024894225422543794,-0.0636894069250088,-0.10043018897456252,-0.02822993298312328
Bus A,A+M,QUANTILE,IN_DOMAIN_GROUPED_CV_TEST_X_UNLABELED,5,95,99879,254,0.8652569609227165,0.8186540062696203,0.8141099102506814,0.7169285856375572,0.9897304811874972,0.7555697199384094,0.7752373804054317,0.7431379724996079,0.6782782973849971,0.7092283511713195,20956,0.8265168929175521,0.855072463768116,0.8405522230063515,22287,0.6839747969331208,0.7532185253302124,0.7169285856375572,11962,0.9914199721486007,0.988046738595156,0.9897304811874972,44674,0.8141099102506814,0.7909662967161947,0.8341854193399447,0.7169285856375572,0.6696065267994841,0.7594823181418877,-0.025562378530644025,-0.03755442694978556,-0.013992476359792963,-0.018312297021201962,-0.03863403659663846,0.002270661527913719
Bus A,A+M,CAUSAL,IN_DOMAIN_GROUPED_CV_TEST_X_UNLABELED,5,95,99879,254,0.9085393325924368,0.8790290205750612,0.8746918721341186,0.8226673569352076,0.9985116882826226,0.8334186000846172,0.8538820660545542,0.8007185628742515,0.7976235922886047,0.7991680810881882,20956,0.901681942738354,0.8563288015435007,0.8784203622304559,22287,0.7855350216746521,0.8634843671626818,0.8226673569352076,11962,0.9983441115263264,0.9986793213054573,0.9985116882826226,44674,0.8746918721341186,0.8564857822288656,0.8909206509475723,0.8226673569352078,0.7871049722946821,0.8562216848139019,0.035019583352793204,0.01975656431340188,0.0509973907605761,0.08742647427644856,0.050693869137820605,0.12675321673806045
Bus A,A+G,RAW,IN_DOMAIN_GROUPED_CV_TEST_X_UNLABELED,5,96,99879,254,0.8751188938615725,0.8312464838893635,0.8240967329324701,0.7259674447174447,0.9988583197152515,0.765842870671543,0.7848450176464599,0.7516235494517194,0.6737927085321627,0.710583262040159,20956,0.8599758270289628,0.8619823215327321,0.860977905257025,22287,0.6712338492119835,0.7904196622638355,0.7259674447174447,11962,0.9989254052117847,0.9987912432287236,0.9988583197152515,44674,0.82409673293247,0.8016582336325387,0.844519497067705,0.7259674447174446,0.672692974652132,0.7709084735429923,0.0,0.0,0.0,0.0,0.0,0.0
Bus A,A+G,ZSCORE,IN_DOMAIN_GROUPED_CV_TEST_X_UNLABELED,5,96,99879,254,0.8408173890407393,0.7556429491468606,0.7626905838893205,0.5477190876350541,0.9986341856611884,0.6840427166320312,0.676701985387614,0.6156768491238952,0.757873640007635,0.6794147843942505,20956,0.8420314909124889,0.8086328352851438,0.8249942778667887,22287,0.6818181818181818,0.4576993813743521,0.5477190876350541,11962,0.998902575587906,0.9983659399203116,0.9986341856611884,44674,0.7626905838893205,0.7368601691007443,0.7876587612949504,0.5477190876350541,0.4752727490342957,0.6129353768243244,-0.06140614904314945,-0.0843435057049918,-0.03936523400791382,-0.1782483570823905,-0.2381872785164008,-0.12078795073709866
Bus A,A+G,CORAL,IN_DOMAIN_GROUPED_CV_TEST_X_UNLABELED,5,96,99879,254,0.8517806545920564,0.7948733986070209,0.7896887499056604,0.6653070829084634,0.998523159543522,0.7200772800263732,0.7399360831067816,0.6917397078353253,0.6213972132086276,0.6546843970739801,20956,0.8305716289672103,0.8501368510791044,0.8402403600966762,22287,0.6266252955082743,0.7090787493730145,0.6653070829084634,11962,0.9981657943005413,0.9988807807673367,0.998523159543522,44674,0.7896887499056604,0.7658424969366557,0.8111682533387733,0.6653070829084635,0.6078612770198369,0.7138699310289517,-0.034407983026809585,-0.05615729852377384,-0.014850672858016055,-0.060660361808981045,-0.10663050593570148,-0.01884250970953163
Bus A,A+G,QUANTILE,IN_DOMAIN_GROUPED_CV_TEST_X_UNLABELED,5,96,99879,254,0.8608516304728722,0.813772577152347,0.8082389863854692,0.7197852094602598,0.992809145062317,0.7467156001598533,0.7728574756153854,0.7259318001586043,0.6552300057262836,0.688771287401871,20956,0.816401521701539,0.8473549602907524,0.8315903036174288,22287,0.6820052375607931,0.7619963216853369,0.7197852094602598,11962,0.9951199766118695,0.9905090209070153,0.992809145062317,44674,0.8082389863854692,0.7868656704501502,0.8266123475496772,0.7197852094602598,0.6711337065895151,0.7604191098215696,-0.015857746547000784,-0.02826124223328149,-0.0028478558025100114,-0.006182235257184754,-0.03236007957992072,0.020006535296179004
Bus A,A+G,CAUSAL,IN_DOMAIN_GROUPED_CV_TEST_X_UNLABELED,5,96,99879,254,0.8955536198800549,0.8634250920174099,0.8586097509284235,0.8215110261921822,0.9989145395745442,0.8118414880463832,0.843770261033927,0.7878510843618264,0.7402175987783928,0.7632919178250708,20956,0.849693388836668,0.8517521425045991,0.8507215201218966,22287,0.7841185410334347,0.8626483865574318,0.8215110261921822,11962,0.9987468952091119,0.9990822402292161,0.9989145395745442,44674,0.8586097509284234,0.8397035146289682,0.8767974090049095,0.8215110261921821,0.7847578919061104,0.8549565467126229,0.03451301799595341,0.021020340758392885,0.04931401173376332,0.09554358147473752,0.062326220671919286,0.13266724353839146
Bus A,M+G,RAW,IN_DOMAIN_GROUPED_CV_TEST_X_UNLABELED,5,83,99879,254,0.8409875949899378,0.7815072661638555,0.7773857221588144,0.6449187389857058,0.9974930050363738,0.7040166278662946,0.7243989288895709,0.7271276321886423,0.6739358656232105,0.6995220287773347,20956,0.7689917593551583,0.7662314353659084,0.767609115835843,22287,0.6066455463051647,0.6883464303628156,0.6449187389857058,11962,0.9974706777688245,0.9975153333034875,0.9974930050363738,44674,0.7773857221588144,0.7546786155114142,0.7972019352959943,0.644918738985706,0.5976283697832484,0.6896857988255479,0.0,0.0,0.0,0.0,0.0,0.0
Bus A,M+G,ZSCORE,IN_DOMAIN_GROUPED_CV_TEST_X_UNLABELED,5,83,99879,254,0.7746773596051222,0.6828563180793848,0.6843021146735838,0.4949910554561717,0.9902023215023852,0.5823353790639834,0.608577690986619,0.5746654144165297,0.700753960679519,0.6314771016985594,20956,0.6724986904138293,0.5760308700139094,0.6205379800372187,22287,0.5322177341796499,0.46263166694532687,0.4949910554561717,11962,0.9884024354885474,0.9920087746787841,0.9902023215023852,44674,0.6843021146735838,0.6581660331832909,0.7100935526808023,0.4949910554561717,0.43267230066871165,0.5535589001983565,-0.09308360748523059,-0.1130252013673597,-0.07306386887686525,-0.14992768352953423,-0.19534910389941615,-0.10610273577569033
Bus A,M+G,CORAL,IN_DOMAIN_GROUPED_CV_TEST_X_UNLABELED,5,83,99879,254,0.7579771523543488,0.6653497642350877,0.6648385399908128,0.46884370507291023,0.9857937412048515,0.5578534729194665,0.5864406060236518,0.5759311008291722,0.5999236495514411,0.5876825990417203,20956,0.6390424458010864,0.5964912280701754,0.6170341146437689,22287,0.46087377856739076,0.47709413141615115,0.46884370507291023,11962,0.9837063124108416,0.9878900479025832,0.9857937412048515,44674,0.6648385399908127,0.6376880627230419,0.6897774205155198,0.4688437050729103,0.4033496324214731,0.5328470086381122,-0.11254718216800175,-0.13767407102499474,-0.08962934931169383,-0.17607503391279566,-0.22762443335014643,-0.13011962891611048
Bus A,M+G,QUANTILE,IN_DOMAIN_GROUPED_CV_TEST_X_UNLABELED,5,83,99879,254,0.812573213588442,0.7414518049512655,0.7396897445268655,0.5886044995109228,0.9904238618524333,0.6561117054183428,0.6792556465204884,0.676805498563808,0.6296526054590571,0.6523781271630574,20956,0.7114963738574432,0.7439314398528291,0.7273524895810485,22287,0.574280260855734,0.6036615950509948,0.5886044995109228,11962,0.9922931739540736,0.9885615794421811,0.9904238618524333,44674,0.7396897445268655,0.7169405787392821,0.759896188396296,0.5886044995109228,0.5369432839925299,0.6362725241818631,-0.037695977631948874,-0.049952091079312644,-0.02607039393270892,-0.0563142394747832,-0.08489971779508595,-0.030021862170550088
Bus A,M+G,CAUSAL,IN_DOMAIN_GROUPED_CV_TEST_X_UNLABELED,5,83,99879,254,0.8663482814205188,0.8212191066696753,0.8168113560449536,0.7365506329113924,0.9975045042020568,0.7565803066592526,0.7847070667915291,0.7530550395933131,0.7351593815613666,0.7439996136572173,20956,0.8052390735898394,0.773769462018217,0.7891906734091481,22287,0.6990539119987986,0.7782979434877111,0.7365506329113924,11962,0.997359411014389,0.9976496396114071,0.9975045042020568,44674,0.8168113560449536,0.7953690339944134,0.8361631509747323,0.7365506329113924,0.6943147421772896,0.7735816425962615,0.03942563388613918,0.024284109234354402,0.05441107811071945,0.09163189392568649,0.054640838804812485,0.12694857057043687
Bus A,A+M+G,RAW,IN_DOMAIN_GROUPED_CV_TEST_X_UNLABELED,5,137,99879,254,0.887133431452057,0.8468668531942272,0.8402229860891115,0.7415427294444016,0.9988248066527136,0.7873557125679108,0.8007508834312275,0.7776674159652883,0.709868295476236,0.7422227765997256,20956,0.8823183155988227,0.874321353255261,0.8783016316596052,22287,0.6877501429388222,0.8044641364320347,0.7415427294444016,11962,0.9988359859422917,0.9988136276133769,0.9988248066527136,44674,0.8402229860891115,0.8184440381493348,0.8600369723339946,0.7415427294444017,0.6919791135698221,0.7859276348868071,0.0,0.0,0.0,0.0,0.0,0.0
Bus A,A+M+G,ZSCORE,IN_DOMAIN_GROUPED_CV_TEST_X_UNLABELED,5,137,99879,254,0.8626237747674687,0.7933900888811001,0.7985993670027548,0.6336670203441436,0.9986342773984104,0.7319210635375363,0.7326264283393102,0.6801111448790865,0.7475186104218362,0.7122235104230603,20956,0.8463181312569522,0.8534571723426213,0.8498726598454046,22287,0.7069480185280494,0.5741514796856713,0.6336670203441436,11962,0.9988355428161949,0.9984330930742714,0.9986342773984104,44674,0.7985993670027548,0.7762530844086648,0.8184658063249635,0.6336670203441436,0.5718613014417278,0.6882914247378915,-0.0416236190863567,-0.060689559849725835,-0.02480261230786409,-0.10787570910025812,-0.16030990760603683,-0.061053571935734026
Bus A,A+M+G,CORAL,IN_DOMAIN_GROUPED_CV_TEST_X_UNLABELED,5,137,99879,254,0.8613322119764916,0.8061591735028071,0.8032553284960561,0.6841913697577546,0.9978961974888655,0.7383750388317862,0.7556297450007354,0.7148087037228009,0.6615289177323916,0.6871375464684015,20956,0.8301493574157693,0.8578992237627316,0.8437962002692028,22287,0.6626713670191932,0.7071559939809396,0.6841913697577546,11962,0.9977398854278553,0.9980525585351658,0.9978961974888655,44674,0.8032553284960562,0.7808477701885326,0.8252880941529414,0.6841913697577547,0.6308747848347088,0.7344715347284929,-0.036967657593055314,-0.054714108292985064,-0.01946389919394829,-0.05735135968664695,-0.09402553071426575,-0.022375424843062142
Bus A,A+M+G,QUANTILE,IN_DOMAIN_GROUPED_CV_TEST_X_UNLABELED,5,137,99879,254,0.874758457733858,0.8319827707972579,0.8270333103393698,0.7429662939233554,0.9927754094682522,0.7717859439630756,0.7934065037729641,0.7630743171712895,0.6879175415155564,0.7235494880546075,20956,0.8294510576346664,0.8691613945349307,0.848842049911264,22287,0.7089693931799195,0.7803878950008359,0.7429662939233554,11962,0.9950973777717806,0.9904642521377087,0.9927754094682522,44674,0.8270333103393698,0.8065787471810235,0.8464018040776564,0.7429662939233556,0.6996298835410366,0.7818107185132641,-0.013189675749741725,-0.025787738167151134,-0.0012142744203644848,0.0014235644789538648,-0.02293354362326438,0.024692138995969778
Bus A,A+M+G,CAUSAL,IN_DOMAIN_GROUPED_CV_TEST_X_UNLABELED,5,137,99879,254,0.9052453468697124,0.8734572207565041,0.8696059122509113,0.8150789199583367,0.998892059761625,0.8265105297473401,0.8477951153338814,0.800481359595265,0.7776770376025959,0.7889144378555004,20956,0.8845185219103439,0.8667384573966886,0.8755382314281829,22287,0.7825384615384615,0.8504430697207824,0.8150789199583367,11962,0.9988138134777645,0.9989703183059497,0.998892059761625,44674,0.8696059122509112,0.8502365180229965,0.8868567622384849,0.8150789199583367,0.776401856730731,0.8515340248276511,0.029382926161799716,0.01706763683611994,0.04362774569213453,0.07353619051393501,0.04040961655727064,0.11115507470486531
Bus B,A,RAW,IN_DOMAIN_GROUPED_CV_TEST_X_UNLABELED,5,54,13321,30,0.9009083402146986,0.8777223624296266,0.8834884628888726,0.8246185496314075,0.9871122566882944,0.8489471982890654,0.8599404975858866,0.9112244897959184,0.8644724104549855,0.8872329855936413,1033,0.7816377171215881,0.8961593172119487,0.8349900596421471,3515,0.9004118307749907,0.7605945604048071,0.8246185496314075,3162,0.9845744680851064,0.9896631616467653,0.9871122566882944,5611,0.8834884628888726,0.8160008641302617,0.9312945920697886,0.8246185496314075,0.6453147928956554,0.9209490025854019,0.0,0.0,0.0,0.0,0.0,0.0
Bus B,A,ZSCORE,IN_DOMAIN_GROUPED_CV_TEST_X_UNLABELED,5,54,13321,30,0.7477666841828692,0.7018496826554282,0.6468108110453472,0.4600407516413856,0.9861816885085138,0.5336871852242916,0.5721027872837625,0.29130598419269854,0.7492739593417231,0.4195121951219512,1033,0.6941887983171181,0.7510668563300142,0.7215086089095382,3515,0.8095617529880478,0.3213156230234029,0.4600407516413856,3162,0.9866214769889404,0.9857422919265728,0.9861816885085138,5611,0.6468108110453472,0.5312854517717905,0.7606560018352652,0.4600407516413854,0.13440044221243339,0.6922188011987858,-0.2366776518435254,-0.33410083075635283,-0.1352569455764237,-0.36457779799002205,-0.6393167528759763,-0.15347581586617148
Bus B,A,CORAL,IN_DOMAIN_GROUPED_CV_TEST_X_UNLABELED,5,54,13321,30,0.782523834546956,0.7398498111674806,0.6896683594018802,0.5361093038386467,0.9848915748311411,0.59126062092546,0.6282447371765868,0.32082324455205813,0.7696030977734754,0.4528624323554543,1033,0.7599253930189181,0.811379800853485,0.7848101265822784,3515,0.8530020703933747,0.3908918406072106,0.5361093038386467,3162,0.9822726466938486,0.9875245054357512,0.9848915748311411,5611,0.6896683594018801,0.5992300698386674,0.7766617902171737,0.5361093038386466,0.28223741700709165,0.7087695537690286,-0.19382010348699252,-0.28060501191960946,-0.11235995213837924,-0.2885092457927608,-0.528000883560099,-0.1141044738117129
Bus B,A,QUANTILE,IN_DOMAIN_GROUPED_CV_TEST_X_UNLABELED,5,54,13321,30,0.8728323699421965,0.8452897478755177,0.8483066884402619,0.8266932270916335,0.9614496358145319,0.8105923726488387,0.8396613039008105,0.8223099703849951,0.8063891577928364,0.8142717497556208,1033,0.7612529613056067,0.8227596017069702,0.7908121410992617,3515,0.870020964360587,0.7874762808349146,0.8266932270916335,3162,0.9583849831769081,0.9645339511673499,0.9614496358145319,5611,0.8483066884402619,0.7908208050066083,0.89222886249236,0.8266932270916335,0.6861943407590669,0.9032548631207097,-0.0351817744486107,-0.08024137115352878,0.012168567046049288,0.0020746774602260487,-0.11380852430275931,0.12979211554025089
Bus B,A,CAUSAL,IN_DOMAIN_GROUPED_CV_TEST_X_UNLABELED,5,54,13321,30,0.8984310487200661,0.8707630071224938,0.878298692347124,0.819867086393844,0.9870268349031456,0.8420559781617835,0.854926049965812,0.9061522419186653,0.8412391093901258,0.8724899598393574,1033,0.7689166466490511,0.9106685633001422,0.833810888252149,3515,0.917057902973396,0.7413029728020241,0.819867086393844,3162,0.9842282473861421,0.9898413829976831,0.9870268349031456,5611,0.878298692347124,0.8101944838970087,0.9256432367928175,0.8198670863938441,0.6659225722374512,0.9086996064256844,-0.005189770541748628,-0.036179601896553774,0.022211580338713455,-0.004751463237563369,-0.07761098876005175,0.06617369746627026
Bus B,M,RAW,IN_DOMAIN_GROUPED_CV_TEST_X_UNLABELED,5,41,13321,30,0.7807972374446362,0.7483642427667416,0.7029745445055173,0.5599133261105093,0.9790009829327138,0.6109657316964517,0.6457500571475141,0.42762823768410363,0.8151016456921588,0.5609593604263824,1033,0.645751331326696,0.7934566145092461,0.7120245085524636,3515,0.8891947694425327,0.40860215053763443,0.5599133261105093,3162,0.9817204301075269,0.9762965603279273,0.9790009829327138,5611,0.7029745445055172,0.5805796377870845,0.8243267973770545,0.5599133261105093,0.23766145639275166,0.7643784351682383,0.0,0.0,0.0,0.0,0.0,0.0
Bus B,M,ZSCORE,IN_DOMAIN_GROUPED_CV_TEST_X_UNLABELED,5,41,13321,30,0.6540800240222205,0.6206801685465655,0.5185454486932934,0.12345679012345678,0.9525386313465783,0.37388105447553177,0.36050998526535877,0.2447296058661778,0.7754114230396902,0.3720390153274501,1033,0.5550912689685507,0.7180654338549075,0.6261473579756884,3515,0.875,0.06641366223908918,0.12345679012345678,3162,0.9842235316479757,0.9228301550525753,0.9525386313465783,5611,0.5185454486932933,0.4428874560229537,0.6150621671630395,0.12345679012345678,0.0,0.31680106350630477,-0.1844290958122239,-0.2866726825320583,-0.0861028182482745,-0.4364565359870525,-0.6503220090310281,-0.18451522661967712
Bus B,M,CORAL,IN_DOMAIN_GROUPED_CV_TEST_X_UNLABELED,5,41,13321,30,0.6606861346745739,0.5705781581087437,0.49516867114683,0.0012574662055957245,0.9608534490552392,0.33994041184402696,0.29760418917033626,0.37574850299401197,0.48596321393998065,0.4238075137188687,1033,0.4577961939840393,0.8486486486486486,0.5947562556076164,3515,0.10526315789473684,0.0006325110689437065,0.0012574662055957245,3162,0.9750458715596331,0.9470682587774015,0.9608534490552392,5611,0.49516867114683,0.4502730366462042,0.5407571660555034,0.0012574662055957247,0.0,0.0037238296994675877,-0.20780587335868722,-0.3315119525292553,-0.07505860625922342,-0.5586558599049135,-0.7762336484913678,-0.24156949734640906
Bus B,M,QUANTILE,IN_DOMAIN_GROUPED_CV_TEST_X_UNLABELED,5,41,13321,30,0.7139854365287891,0.6735089695841877,0.608903968691477,0.3810440221313447,0.9562205843175562,0.49313176348278387,0.5177599900674241,0.2721584984358707,0.7579864472410455,0.40051150895140664,1033,0.6717557251908397,0.726031294452347,0.6978397593656002,3515,0.7959798994974875,0.2504743833017078,0.3810440221313447,3162,0.9529203539823009,0.9595437533416503,0.9562205843175562,5611,0.608903968691477,0.49740100545569865,0.716593239172332,0.3810440221313447,0.053059546116033446,0.6148275379895071,-0.09407057581404021,-0.1651458728861696,-0.03665946076972785,-0.17886930397916456,-0.33270606767362904,-0.043196746008162916
Bus B,M,CAUSAL,IN_DOMAIN_GROUPED_CV_TEST_X_UNLABELED,5,41,13321,30,0.8474588994820209,0.8120813788656729,0.7798935239974178,0.7748014040273415,0.982177864908216,0.712465410360485,0.7778566760093872,0.4197212183789365,0.78702807357212,0.5474747474747474,1033,0.8143100511073254,0.8159317211948791,0.8151200795793662,3515,0.9315859617947578,0.6631878557874763,0.7748014040273415,3162,0.982177864908216,0.982177864908216,0.982177864908216,5611,0.7798935239974178,0.6685289307831502,0.880143097988367,0.7748014040273417,0.5496085304985219,0.9036508796124959,0.07691897949190063,0.02875632428260968,0.13172684233261267,0.2148880779168324,0.0916836810391017,0.39885445368359057
Bus B,G,RAW,IN_DOMAIN_GROUPED_CV_TEST_X_UNLABELED,5,42,13321,30,0.7678102244576233,0.7269490678044481,0.6856453296317787,0.4754134509371555,0.9930394431554525,0.5831806251238875,0.6015525781539295,0.4790560471976401,0.7860600193610843,0.5953079178885631,1033,0.5955345641906398,0.7891891891891892,0.678820506545944,3515,0.7851420247632921,0.34092346616065783,0.4754134509371555,3162,0.9944593386952636,0.9916235965068615,0.9930394431554525,5611,0.6856453296317788,0.5996871315086836,0.7663220819881229,0.4754134509371554,0.2366849379769806,0.6572856813029642,0.0,0.0,0.0,0.0,0.0,0.0
Bus B,G,ZSCORE,IN_DOMAIN_GROUPED_CV_TEST_X_UNLABELED,5,42,13321,30,0.6019067637564748,0.558126631288952,0.4819557634024976,0.21879815100154082,0.9772069464544139,0.3168720357185255,0.3766927184421148,0.18039499036608864,0.7250726040658277,0.28891031822565094,1033,0.48161764705882354,0.40995732574679944,0.44290763792838483,3515,0.5819672131147541,0.1347248576850095,0.21879815100154082,3162,0.9921028466483012,0.9627517376581715,0.9772069464544139,5611,0.4819557634024976,0.39353811698142543,0.5636457209947451,0.21879815100154085,0.001777418624442727,0.47130473623644836,-0.20368956622928125,-0.3362566402460726,-0.08086269863117107,-0.2566152999356146,-0.6230980821019373,0.1197364910535753
Bus B,G,CORAL,IN_DOMAIN_GROUPED_CV_TEST_X_UNLABELED,5,42,13321,30,0.649801065986037,0.5579090179458714,0.5034109387531019,0.14109799897383274,0.9852481001341081,0.3427985516260999,0.3584857628413942,0.24975320829220138,0.4898354307841239,0.3308270676691729,1033,0.4744232698094283,0.6728307254623044,0.5564705882352942,3515,0.3736413043478261,0.08697027197975965,0.14109799897383274,3162,0.9885181198421241,0.9819996435572982,0.9852481001341081,5611,0.5034109387531019,0.4364024756853425,0.5798030622365983,0.14109799897383274,0.0029449270896365802,0.34184663564147405,-0.18223439087867688,-0.27592801935204875,-0.09333680209633051,-0.3343154519633227,-0.5538774245119991,-0.1031430370654234
Bus B,G,QUANTILE,IN_DOMAIN_GROUPED_CV_TEST_X_UNLABELED,5,42,13321,30,0.73500487951355,0.7009991590879638,0.6715502918638488,0.4651355265880406,0.9571183533447685,0.5763609380368756,0.5889843857535255,0.5468856947296372,0.7734753146176185,0.640737770649559,1033,0.5435104806267204,0.730298719772404,0.6232095168730274,3515,0.6726511071214841,0.35547122074636306,0.4651355265880406,3162,0.9698133918770582,0.9447513812154696,0.9571183533447685,5611,0.6715502918638488,0.589873434403674,0.7412857337465616,0.46513552658804047,0.26427783223676926,0.6234886521040646,-0.014095037767929974,-0.08650399380253328,0.05641407205172485,-0.010277924349114953,-0.22955867927768023,0.22837720704945447
Bus B,G,CAUSAL,IN_DOMAIN_GROUPED_CV_TEST_X_UNLABELED,5,42,13321,30,0.8052698746340364,0.744909514651831,0.7316396136520535,0.6534914361001317,0.9928635147190009,0.644564979963071,0.7003803426312849,0.5033358042994811,0.6573088092933205,0.5701091519731318,1033,0.6506395073424918,0.7815078236130868,0.7100943518159494,3515,0.8070664807066481,0.5490196078431373,0.6534914361001317,3162,0.9939274870512591,0.9918018178577793,0.9928635147190009,5611,0.7316396136520535,0.6333606932401593,0.8197727527685625,0.6534914361001318,0.42655093895755347,0.8044371351365561,0.04599428402027472,-0.022739367141483873,0.12511657716629446,0.1780779851629764,0.0253591294650807,0.38381326501912716
Bus B,A+M,RAW,IN_DOMAIN_GROUPED_CV_TEST_X_UNLABELED,5,95,13321,30,0.886194730125366,0.860401734584167,0.8586238259173709,0.7791266533792354,0.9882666666666666,0.8154095456676056,0.8268249569021167,0.8234200743494424,0.8576960309777347,0.8402086296823139,1033,0.7554718757354671,0.9132290184921764,0.8268933539412674,3515,0.9121764955451845,0.6799493991144845,0.7791266533792354,3162,0.9858130874268487,0.9907324897522723,0.9882666666666666,5611,0.8586238259173709,0.7643241861295553,0.9303597339132227,0.7791266533792354,0.5525636003318277,0.9149785283320818,0.0,0.0,0.0,0.0,0.0,0.0
Bus B,A+M,ZSCORE,IN_DOMAIN_GROUPED_CV_TEST_X_UNLABELED,5,95,13321,30,0.7721642519330381,0.7360647497347166,0.6748274331348822,0.4925969447708578,0.9864382583868665,0.5709571580508874,0.6019352377892724,0.3110367892976589,0.8102613746369797,0.44951664876476904,1033,0.7291878172588833,0.8173541963015647,0.7707578806170355,3515,0.958828911253431,0.3314358001265022,0.4925969447708578,3162,0.9876719671252456,0.9852076278738193,0.9864382583868665,5611,0.6748274331348822,0.5605531894056969,0.7906352415455941,0.49259694477085775,0.2100446721576194,0.7213067029723964,-0.1837963927824886,-0.26108685944140936,-0.10154154609979316,-0.2865297086083776,-0.5029312452149447,-0.10901430306535081
Bus B,A+M,CORAL,IN_DOMAIN_GROUPED_CV_TEST_X_UNLABELED,5,95,13321,30,0.7675099467006982,0.6662115287642778,0.6553719915135897,0.5120469306515818,0.9861505681818182,0.5451124659575136,0.5980419671687865,0.3882657463330457,0.4356243949661181,0.41058394160583944,1033,0.6120865659452838,0.8529160739687055,0.7127065256151195,3515,0.7585350713842334,0.3864642631246047,0.5120469306515818,3162,0.9824871749513533,0.9898413829976831,0.9861505681818182,5611,0.6553719915135897,0.5549407193361163,0.7532056111433905,0.5120469306515818,0.2412342802767306,0.7088160167762819,-0.20325183440378114,-0.3310268464060411,-0.08027008015773361,-0.26707972272765357,-0.5562559200715619,-0.0362900301672832
Bus B,A+M,QUANTILE,IN_DOMAIN_GROUPED_CV_TEST_X_UNLABELED,5,95,13321,30,0.8820659109676451,0.8522574364470491,0.8531157067672652,0.8157758173326414,0.9730212613900304,0.8131471885596767,0.8381797509934157,0.800383877159309,0.8073572120038722,0.803855421686747,1033,0.7633063527103262,0.8853485064011379,0.8198103266596417,3515,0.9003436426116839,0.74573055028463,0.8157758173326414,3162,0.9754612215654666,0.9705934770985564,0.9730212613900304,5611,0.8531157067672652,0.7978191142482877,0.8974347932518469,0.8157758173326414,0.6837634541884302,0.9004782432372546,-0.005508119150105628,-0.08086375995543042,0.08590245106053437,0.036649163953406005,-0.139568808319798,0.26137022893920664
Bus B,A+M,CAUSAL,IN_DOMAIN_GROUPED_CV_TEST_X_UNLABELED,5,95,13321,30,0.9211020193679154,0.8945724280927511,0.9004330954988694,0.8751050596738947,0.9879239921861126,0.8712694632697883,0.8903018811688794,0.8925281473899693,0.8441432720232332,0.8676616915422886,1033,0.8274449564772145,0.9194879089615932,0.8710416385931815,3515,0.9339791890922139,0.823213156230234,0.8751050596738947,3162,0.9844275349495665,0.9914453751559437,0.9879239921861126,5611,0.9004330954988694,0.8433072278531976,0.9423662940897076,0.875105059673895,0.7558448795878698,0.9471218187107041,0.041809269581498554,-0.005804446501012719,0.11090412652574408,0.09597840629465959,-0.003164303635325971,0.26722426975628205
Bus B,A+G,RAW,IN_DOMAIN_GROUPED_CV_TEST_X_UNLABELED,5,96,13321,30,0.8997822986262293,0.8777669876592609,0.8820387889160802,0.8075776179617611,0.9930394431554525,0.8450385708362895,0.8522543205343526,0.9105527638190954,0.8770571151984511,0.893491124260355,1033,0.7666984732824428,0.9143669985775249,0.8340469702867523,3515,0.9066561638440331,0.7280202403542062,0.8075776179617611,3162,0.9944593386952636,0.9916235965068615,0.9930394431554525,5611,0.8820387889160801,0.8190230830116199,0.9298666508545466,0.8075776179617611,0.6500288028281032,0.8988227978992663,0.0,0.0,0.0,0.0,0.0,0.0
Bus B,A+G,ZSCORE,IN_DOMAIN_GROUPED_CV_TEST_X_UNLABELED,5,96,13321,30,0.7356805044666316,0.6909811370670698,0.6197987548410724,0.3335872048743336,0.9888123154032041,0.49679423465369515,0.5053141348543768,0.3207928802588997,0.7676669893514037,0.45249643366619113,1033,0.6266075388026607,0.8039829302987198,0.7042990654205608,3515,0.8455598455598455,0.2077798861480076,0.3335872048743336,3162,0.9931679252067601,0.9844947424701479,0.9888123154032041,5611,0.6197987548410724,0.5177343686123259,0.7332938306017406,0.3335872048743336,0.07049565959462137,0.5899241133155405,-0.26224003407500773,-0.3634050497212023,-0.1433445424195535,-0.4739904130874275,-0.7322164053493432,-0.21178861854751593
Bus B,A+G,CORAL,IN_DOMAIN_GROUPED_CV_TEST_X_UNLABELED,5,96,13321,30,0.8024172359432475,0.7602472597465955,0.7181605455189367,0.5899310632964279,0.9862552097188969,0.6287956574522834,0.6668687526299332,0.3889970788704966,0.7734753146176185,0.517654680919987,1033,0.7336519114688129,0.8298719772403983,0.7788012281404352,3515,0.8689230769230769,0.4465528146742568,0.5899310632964279,3162,0.9814684080480056,0.991088932454108,0.9862552097188969,5611,0.7181605455189367,0.6259288647188262,0.8189805299875095,0.5899310632964277,0.33290755063781236,0.7697266550041741,-0.1638782433971434,-0.2608635548286326,-0.0648089178528202,-0.21764655466533334,-0.46680731820812527,-0.025648597590323462
Bus B,A+G,QUANTILE,IN_DOMAIN_GROUPED_CV_TEST_X_UNLABELED,5,96,13321,30,0.8726071616245027,0.8464605081519341,0.8471767468229167,0.8120920645826176,0.9687443865636788,0.8066542002426625,0.8331428739267971,0.8099808061420346,0.8170377541142304,0.8134939759036145,1033,0.738037109375,0.8600284495021338,0.7943765602417554,3515,0.8887218045112782,0.7476280834914611,0.8120920645826176,3162,0.9764620677168205,0.9611477454999109,0.9687443865636788,5611,0.8471767468229167,0.7823936047400627,0.8966814879344039,0.8120920645826177,0.6553837028246106,0.904587916405798,-0.03486204209316346,-0.06777113786355049,-0.005598500677687554,0.004514446620856649,-0.06928353604503859,0.0611203070418899
Bus B,A+G,CAUSAL,IN_DOMAIN_GROUPED_CV_TEST_X_UNLABELED,5,96,13321,30,0.9051122288116508,0.880861024179652,0.8858809804701677,0.8249912495624782,0.9918887601390498,0.8505450539138737,0.8615250881070919,0.902834008097166,0.8635043562439496,0.8827313211281543,1033,0.7773783848550204,0.9229018492176387,0.8439125910509886,3515,0.92358934169279,0.7454142947501581,0.8249912495624782,3162,0.9921540656205421,0.9916235965068615,0.9918887601390498,5611,0.8858809804701676,0.814425641920571,0.9332188510410485,0.824991249562478,0.6678243595411499,0.9110115254094966,0.003842191554087493,-0.014233127227153485,0.022287818667458426,0.01741363160071696,-0.02498786251470815,0.06603423471162834
Bus B,M+G,RAW,IN_DOMAIN_GROUPED_CV_TEST_X_UNLABELED,5,83,13321,30,0.8104496659409954,0.7832162070135092,0.7350865880868718,0.6049989318521684,0.9923296468069925,0.6493389018468315,0.6830515255929904,0.43944636678200694,0.8606001936108422,0.5818062827225131,1033,0.700813786500718,0.8330014224751067,0.7612114909658131,3515,0.9321922317314022,0.4478178368121442,0.6049989318521684,3162,0.993215497232637,0.9914453751559437,0.9923296468069925,5611,0.7350865880868718,0.6007864259339976,0.865665534401761,0.6049989318521684,0.2918249588029188,0.8081061153953403,0.0,0.0,0.0,0.0,0.0,0.0
Bus B,M+G,ZSCORE,IN_DOMAIN_GROUPED_CV_TEST_X_UNLABELED,5,83,13321,30,0.6030328053449441,0.5525618465089037,0.4554239732648447,0.028136663795578526,0.9752170767004341,0.2821596054529815,0.2845090494771382,0.17759295499021527,0.7028073572120038,0.28353837141183363,1033,0.5385059128929911,0.5311522048364153,0.5348037811515325,3515,0.1526479750778816,0.01549652118912081,0.028136663795578526,3162,0.9900826446280991,0.9607913027980752,0.9752170767004341,5611,0.45542397326484474,0.39982015536321525,0.5218011181740598,0.028136663795578526,0.0,0.06984835313435715,-0.27966261482202703,-0.3930299267455522,-0.16727143164838762,-0.5768622680565898,-0.784535157956391,-0.2583594478705003
Bus B,M+G,CORAL,IN_DOMAIN_GROUPED_CV_TEST_X_UNLABELED,5,83,13321,30,0.6704451617746415,0.5589664568049664,0.5031021471998438,0.02680965147453083,0.9806128830519074,0.3439319019158227,0.3125851489097186,0.43973941368078173,0.3920619554695063,0.41453428863868985,1033,0.45191001056922847,0.8514935988620199,0.5904517656342474,3515,0.23076923076923078,0.014231499051233396,0.02680965147453083,3162,0.983160157649588,0.9780787738371057,0.9806128830519074,5611,0.5031021471998438,0.4560455838798398,0.5477833784490967,0.02680965147453083,0.0,0.08476639194950718,-0.23198444088702797,-0.35175654228264375,-0.1043449481047101,-0.5781892803776375,-0.7714918063755195,-0.28555142584999865
Bus B,M+G,QUANTILE,IN_DOMAIN_GROUPED_CV_TEST_X_UNLABELED,5,83,13321,30,0.7798213347346296,0.7482634579196317,0.7050397815224855,0.5755514326942899,0.9616630669546437,0.6194986863784328,0.6532444419912072,0.41506572295247723,0.7947725072604066,0.5453337761541016,1033,0.680953527570431,0.804551920341394,0.7376108502869066,3515,0.8265245707519242,0.4414927261227071,0.5755514326942899,3162,0.9712779494637339,0.9522366779540189,0.9616630669546437,5611,0.7050397815224855,0.5930180574467437,0.8036159990019247,0.5755514326942898,0.3329520498696698,0.7484439626926594,-0.030046806564386297,-0.09672044403118062,0.0303834472512345,-0.029447499157878587,-0.1708769398535526,0.11009590814422578
Bus B,M+G,CAUSAL,IN_DOMAIN_GROUPED_CV_TEST_X_UNLABELED,5,83,13321,30,0.8642744538698296,0.8326955928365308,0.798000218071703,0.7541793313069909,0.9922439154854239,0.733252318933796,0.7804718633658181,0.4581545064377682,0.8267182962245886,0.5895754228512254,1033,0.8292878100826887,0.8844950213371267,0.8560022026431718,3515,0.9443387250237869,0.6277672359266288,0.7541793313069909,3162,0.9926864074206208,0.9918018178577793,0.9922439154854239,5611,0.798000218071703,0.6962389999158282,0.9018885811384655,0.7541793313069909,0.5227262558879565,0.9034807237705156,0.06291362998483119,0.019221082203910406,0.11667440509349515,0.14918039945482253,0.042183002050334865,0.309832009768844
Bus B,A+M+G,RAW,IN_DOMAIN_GROUPED_CV_TEST_X_UNLABELED,5,137,13321,30,0.8925756324600255,0.8683464609793318,0.8678833850804043,0.7838921282798834,0.9928635147190009,0.8262233418675388,0.8342868823601959,0.8528015194681862,0.8693126815101646,0.8609779482262704,1033,0.7543172921943357,0.9320056899004268,0.8337999490964622,3515,0.9247635425623387,0.6802656546489564,0.7838921282798834,3162,0.9939274870512591,0.9918018178577793,0.9928635147190009,5611,0.8678833850804042,0.7796164390400634,0.9373459431093334,0.7838921282798833,0.5548940354581141,0.9207295500373921,0.0,0.0,0.0,0.0,0.0,0.0
Bus B,A+M+G,ZSCORE,IN_DOMAIN_GROUPED_CV_TEST_X_UNLABELED,5,137,13321,30,0.7527963366113655,0.7134995903793354,0.6408757163033832,0.3680888664478667,0.9883762517882689,0.5250422044750881,0.5317609763611766,0.3284352660841938,0.8005808325266215,0.4657842861165869,1033,0.6646355224554277,0.8378378378378378,0.7412534608608105,3515,0.9123904881101377,0.23055028462998103,0.3680888664478667,3162,0.9917459178180513,0.9850294065229015,0.9883762517882689,5611,0.6408757163033834,0.5385179654570585,0.7648135592310047,0.36808886644786676,0.08684709268492158,0.6373102031268463,-0.22700766877702083,-0.315878848027037,-0.11700187466361411,-0.41580326183201655,-0.6809268474551154,-0.15150869082016222
Bus B,A+M+G,CORAL,IN_DOMAIN_GROUPED_CV_TEST_X_UNLABELED,5,137,13321,30,0.7701373770737933,0.7009183991306013,0.6650368961137266,0.4354802763539113,0.9862552097188969,0.5579641249120032,0.5732142482098005,0.4048507462686567,0.6302032913843175,0.4929950776221128,1033,0.6501482422702245,0.8733997155049786,0.7454170207599854,3515,0.7373584905660377,0.3089816571790006,0.4354802763539113,3162,0.9814684080480056,0.991088932454108,0.9862552097188969,5611,0.6650368961137265,0.5730387247328131,0.7561295992003005,0.4354802763539113,0.1884373235494519,0.6428463948840079,-0.20284648896667767,-0.3123019085883565,-0.08345776673691607,-0.348411851925972,-0.6516912632438627,-0.06605439686990772
Bus B,A+M+G,QUANTILE,IN_DOMAIN_GROUPED_CV_TEST_X_UNLABELED,5,137,13321,30,0.8840177163876586,0.8576819948701966,0.8598231575862192,0.8261843238587424,0.9700394689630427,0.8230843871272779,0.8463676240952285,0.8295788442703232,0.8199419167473379,0.824732229795521,1033,0.7582524271844661,0.8887624466571835,0.8183366077275704,3515,0.9073023079833522,0.7583807716635041,0.8261843238587424,3162,0.9765215820841611,0.9636428444127606,0.9700394689630427,5611,0.8598231575862192,0.790263770205553,0.9090410045961095,0.8261843238587424,0.6688201996609198,0.9159032055612532,-0.008060227494185002,-0.05532237309579808,0.05530776313966249,0.042292195578859104,-0.07639649013008558,0.22227146059429986
Bus B,A+M+G,CAUSAL,IN_DOMAIN_GROUPED_CV_TEST_X_UNLABELED,5,137,13321,30,0.9019593123639367,0.8763326833026025,0.8798692510215615,0.8170426065162907,0.991884419869794,0.8425308614054839,0.8547385932194531,0.878968253968254,0.8576960309777347,0.8682018618324351,1033,0.7665033823186378,0.934850640113798,0.8423481158677262,3515,0.9414191419141914,0.7216951296647691,0.8170426065162907,3162,0.9926811852909675,0.991088932454108,0.991884419869794,5611,0.8798692510215615,0.8070088581019151,0.933924892917757,0.8170426065162908,0.6655231784023213,0.9157846194769814,0.011985865941157359,-0.016478527384953385,0.05281863925354395,0.03315047823640749,-0.03734470727131743,0.15154878654639137
