orientation,direction,source_vehicle,target_vehicle,sensor_configuration,method,protocol,target_adaptation_days,uses_target_adaptation,normalizer_fit_days,n_features,test_rows,test_operating_days,adaptation_rows,adaptation_window_hours,adaptation_span_hours,accuracy,balanced_accuracy,macro_f1,charging_f1,driving_f1,stationary_state_macro_f1,objective_score,stationary_off_precision,stationary_off_recall,stationary_off_f1,stationary_off_support,stationary_on_precision,stationary_on_recall,stationary_on_f1,stationary_on_support,charging_precision,charging_recall,charging_f1.1,charging_support,driving_precision,driving_recall,driving_f1.1,driving_support,macro_f1_bootstrap_center,macro_f1_ci_low,macro_f1_ci_high,charging_f1_bootstrap_center,charging_f1_ci_low,charging_f1_ci_high,delta_macro_f1,delta_macro_f1_ci_low,delta_macro_f1_ci_high,delta_charging_f1,delta_charging_f1_ci_low,delta_charging_f1_ci_high,causal_warmup_rows_source,causal_warmup_rows_target
RECORDED,Bus A to Bus B,Bus A,Bus B,A,RAW,INDUCTIVE_FIXED_TEST,18,False,0,54,7059,12,0,0.0,0.0,0.8501204136563253,0.7904300542756071,0.7452712720394685,0.8671454219030521,0.9779643231899265,0.6677069216559826,0.794020931984902,0.3333333333333333,0.6694214876033058,0.44505494505494503,242,0.8223538119911177,0.5957104557640751,0.6909203980099502,1865,0.8370883882149047,0.8994413407821229,0.8671454219030521,2148,0.9595058339052849,0.9971469329529244,0.9779643231899265,2804,0.7452712720394685,0.6405150647843565,0.8603635310176101,0.8671454219030521,0.6985095849176172,0.9545783086585912,0.0,0.0,0.0,0.0,0.0,0.0,,
RECORDED,Bus A to Bus B,Bus A,Bus B,A,ZSCORE,INDUCTIVE_FIXED_TEST,18,True,18,54,7059,12,6262,104.36666666666666,197.27287666666666,0.8804363224252727,0.6907145940126147,0.6923646886875563,0.8936170212765957,0.9796348314606742,0.5966079744298503,0.7728656217231721,0.1554054054054054,0.09504132231404959,0.11794871794871795,242,0.9176984705025492,0.675603217158177,0.7782581840642372,1865,0.8095238095238095,0.9972067039106145,0.8936170212765957,2148,0.9647302904564315,0.9950071326676176,0.9796348314606742,2804,0.6923646886875563,0.6458717726902994,0.7597054100890748,0.8936170212765957,0.82925758850065,0.940899617388063,-0.05290658335191223,-0.16581487667534303,0.060002480771757016,0.026471599373543597,-0.04679056983317017,0.15665664172747784,,
RECORDED,Bus A to Bus B,Bus A,Bus B,A,QUANTILE,INDUCTIVE_FIXED_TEST,18,True,18,54,7059,12,6262,104.36666666666666,197.27287666666666,0.7574727298484204,0.7018592621934407,0.6520453459872411,0.7354284179425195,0.9558605341246291,0.5507736166081117,0.6853985747693525,0.10138584974471189,0.5743801652892562,0.17234965902045876,242,0.8275409836065574,0.6766756032171581,0.744542772861357,1865,0.8692063492063492,0.6373370577281192,0.7354284179425195,2148,0.9957496136012365,0.9190442225392297,0.9558605341246291,2804,0.6520453459872411,0.5839182846417524,0.7427651482155692,0.7354284179425195,0.4765189169139466,0.9024712827127676,-0.09322592605222746,-0.20284614502169235,0.0010253463189931328,-0.13171700396053265,-0.3400013893345204,0.0009409530999369122,,
RECORDED,Bus A to Bus B,Bus A,Bus B,A,CORAL,INDUCTIVE_FIXED_TEST,18,True,18,54,7059,12,6262,104.36666666666666,197.27287666666666,0.8343958067714974,0.7080938512509789,0.6877330033501663,0.8705084745762712,0.9761188749336636,0.5916043794890006,0.7608431918406082,0.11854951185495119,0.3512396694214876,0.1772679874869656,242,0.9210526315789473,0.6005361930294906,0.727036676403765,1865,0.8458498023715415,0.8966480446927374,0.8705084745762712,2148,0.9684099684099684,0.9839514978601998,0.9761188749336636,2804,0.6877330033501664,0.6385452136944431,0.7525883496835453,0.8705084745762712,0.6912963822911111,0.9473916340350091,-0.05753826868930212,-0.16652014945357493,0.03161503445951371,0.0033630526732191246,-0.05166138907851273,0.03825976060270491,,
RECORDED,Bus A to Bus B,Bus A,Bus B,A,CAUSAL,INDUCTIVE_FIXED_TEST,18,False,0,54,7059,12,0,0.0,0.0,0.7607309817254568,0.6796069908834963,0.645492540771352,0.6625595071408569,0.9836296426685442,0.5327801734722879,0.6523193273191539,0.08386638237384506,0.48760330578512395,0.14311704063068525,242,0.9430473372781065,0.6836461126005362,0.7926639726453217,1865,0.83134223471539,0.5507448789571695,0.6625595071408569,2148,0.9711505039972194,0.9964336661911555,0.9836296426685442,2804,0.645492540771352,0.5880824816645694,0.7257299910755959,0.6625595071408569,0.43281620794799963,0.822300212903471,-0.09977873126811654,-0.21025439267946766,-0.003615334335101161,-0.20458591476219523,-0.36173095346473116,-0.07768985119496416,254.0,12.0
RECORDED,Bus A to Bus B,Bus A,Bus B,M,RAW,INDUCTIVE_FIXED_TEST,18,False,0,41,7059,12,0,0.0,0.0,0.4952542853095339,0.43405662733884065,0.3715656557777107,0.004627487274409995,0.9806746310611384,0.16852933068323486,0.22479038837639043,0.030357679591223326,0.41735537190082644,0.05659848697114037,242,0.7208182912154031,0.32117962466487937,0.4443620178041543,1865,0.38461538461538464,0.0023277467411545625,0.004627487274409995,2148,0.9664127423822715,0.9953637660485022,0.9806746310611384,2804,0.3715656557777108,0.34443117665649514,0.40348369337332435,0.004627487274409996,0.0,0.014536475131556604,0.0,0.0,0.0,0.0,0.0,0.0,,
RECORDED,Bus A to Bus B,Bus A,Bus B,M,ZSCORE,INDUCTIVE_FIXED_TEST,18,True,18,41,7059,12,6262,104.36666666666666,197.27287666666666,0.5762855928601784,0.5015162816617891,0.4305417189586357,0.6404251131666995,0.8713256764648628,0.28361373312322663,0.5144950766418612,0.06610995128740431,0.3925619834710744,0.11316259678379988,242,0.30337078651685395,0.057908847184986595,0.09725348941918055,1865,0.5547221275144902,0.7574487895716946,0.6404251131666995,2148,0.9592798971281612,0.7981455064194009,0.8713256764648628,2804,0.43054171895863563,0.3708126337479339,0.4902923718161323,0.6404251131666994,0.3977857462950834,0.7690715320050079,0.058976063180924854,-0.02494758743390809,0.13407299687607124,0.6357976258922894,0.3977857462950834,0.7659894113439335,,
RECORDED,Bus A to Bus B,Bus A,Bus B,M,QUANTILE,INDUCTIVE_FIXED_TEST,18,True,18,41,7059,12,6262,104.36666666666666,197.27287666666666,0.6112763847570477,0.5355676062092343,0.4258643228747625,0.0,0.9660126138752628,0.24581489254126235,0.25551859372485747,0.10022271714922049,0.371900826446281,0.15789473684210525,242,0.4586066854108091,0.7871313672922252,0.5795499407816818,1865,0.0,0.0,0.0,2148,0.9493801652892562,0.9832382310984308,0.9660126138752628,2804,0.4258643228747625,0.3770342014359203,0.5331199931353794,0.0,0.0,0.0,0.05429866709705172,-0.005878541973105051,0.1862402572888014,-0.004627487274409996,-0.014603262409433732,0.0,,
RECORDED,Bus A to Bus B,Bus A,Bus B,M,CORAL,INDUCTIVE_FIXED_TEST,18,True,18,41,7059,12,6262,104.36666666666666,197.27287666666666,0.5306700665816688,0.46716199589907564,0.4046739925240386,0.0,0.9515991106550368,0.22236561981370587,0.24280439551442312,0.03342245989304813,0.4132231404958678,0.06184291898577613,242,0.8727272727272727,0.46327077747989276,0.6052539404553415,1865,0.0,0.0,0.0,2148,0.914229378902399,0.9921540656205421,0.9515991106550368,2804,0.4046739925240386,0.38036138416939536,0.43520950297699484,0.0,0.0,0.0,0.03310833674632779,-0.012362903898486764,0.07692511012244711,-0.004627487274409996,-0.014242967920421281,0.0,,
RECORDED,Bus A to Bus B,Bus A,Bus B,M,CAUSAL,INDUCTIVE_FIXED_TEST,18,False,0,41,7059,12,0,0.0,0.0,0.6136846578835529,0.5731891309914863,0.4530202808791033,0.00176522506619594,0.9829135106570371,0.27638920428645863,0.27251825855394035,0.0670762928827445,0.5413223140495868,0.1193621867881549,242,0.6661938534278959,0.7554959785522788,0.7080402010050251,1865,0.01694915254237288,0.000931098696461825,0.00176522506619594,2148,0.9711103376261747,0.9950071326676176,0.9829135106570371,2804,0.4530202808791033,0.42055112168739456,0.4953893593534618,0.0017652250661959403,0.0,0.00662929542155648,0.08145462510139251,0.03515538445621461,0.13519291338325257,-0.0028622622082140558,-0.013584557979140481,0.005914535531095411,254.0,12.0
RECORDED,Bus A to Bus B,Bus A,Bus B,G,RAW,INDUCTIVE_FIXED_TEST,18,False,0,42,7059,12,0,0.0,0.0,0.6177928885111206,0.6059295252567581,0.472035371799762,0.12949039264828738,0.9950035688793719,0.29771263943989207,0.33501738013917215,0.10751295336787564,0.6859504132231405,0.1858902575587906,242,0.5070878898339408,0.671313672922252,0.5777572681125981,1865,0.6300813008130082,0.07216014897579143,0.12949039264828738,2148,0.9957142857142857,0.9942938659058488,0.9950035688793719,2804,0.47203537179976196,0.4257622794834188,0.5573705412881543,0.12949039264828735,0.0,0.29740951472773214,0.0,0.0,0.0,0.0,0.0,0.0,,
RECORDED,Bus A to Bus B,Bus A,Bus B,G,ZSCORE,INDUCTIVE_FIXED_TEST,18,True,18,42,7059,12,6262,104.36666666666666,197.27287666666666,0.6502337441563961,0.496688410190291,0.40604142614219374,0.0,0.9852676967301474,0.21296600261287588,0.24362485568531622,0.5555555555555556,0.02066115702479339,0.0398406374501992,242,0.4298041044776119,0.9882037533512065,0.5990573703884284,1865,0.0,0.0,0.0,2148,0.9927588703837799,0.9778887303851641,0.9852676967301474,2804,0.40604142614219374,0.3802713429282597,0.4229330589604944,0.0,0.0,0.0,-0.06599394565756822,-0.14521812877232376,-0.02431816601244838,-0.12949039264828735,-0.29992540168324405,0.0,,
RECORDED,Bus A to Bus B,Bus A,Bus B,G,QUANTILE,INDUCTIVE_FIXED_TEST,18,True,18,42,7059,12,6262,104.36666666666666,197.27287666666666,0.47202153279501347,0.4221146770628166,0.35429821354110774,0.011480114801148012,0.9882946155231407,0.14296607954709675,0.21717097404512384,0.033659730722154224,0.45454545454545453,0.06267806267806268,242,0.6178428761651131,0.2487935656836461,0.3547400611620795,1865,0.048109965635738834,0.006517690875232775,0.011480114801148012,2148,0.9981811567842852,0.978601997146933,0.9882946155231407,2804,0.35429821354110774,0.31017462148415825,0.4032908321213139,0.01148011480114801,0.0,0.03157630378912473,-0.11773715825865422,-0.19954823303198413,-0.06371300774519319,-0.11801027784713934,-0.2823287041696198,0.01748667762047889,,
RECORDED,Bus A to Bus B,Bus A,Bus B,G,CORAL,INDUCTIVE_FIXED_TEST,18,True,18,42,7059,12,6262,104.36666666666666,197.27287666666666,0.6097180903810738,0.5100454772553196,0.41399614655459854,0.0,0.9697393737974462,0.22874840414031597,0.24839768793275913,0.07833537331701346,0.2644628099173554,0.12086874409820586,242,0.4411057692307692,0.7871313672922252,0.5653764683227421,1865,0.0,0.0,0.0,2148,0.9515962924819773,0.9885877318116976,0.9697393737974462,2804,0.4139961465545985,0.3721708351311344,0.5015932994211785,0.0,0.0,0.0,-0.05803922524516347,-0.12809921643677397,0.0339998862823826,-0.12949039264828735,-0.29624149718116666,0.0,,
RECORDED,Bus A to Bus B,Bus A,Bus B,G,CAUSAL,INDUCTIVE_FIXED_TEST,18,False,0,42,7059,12,0,0.0,0.0,0.6170845728856779,0.6082001709515165,0.48522737018239875,0.17602318000724376,0.9953588004284184,0.3151835601003922,0.3615456941123367,0.13083397092578425,0.7066115702479339,0.2207876049063912,242,0.4929517300299017,0.6187667560321716,0.5487398953875416,1865,0.3964110929853181,0.11312849162011174,0.17602318000724376,2148,0.9964260185847034,0.9942938659058488,0.9953588004284184,2804,0.4852273701823988,0.43192330384426264,0.5741072378728118,0.1760231800072438,0.0,0.3742690159697218,0.01319199838263685,-0.021591489755086832,0.04323835095587971,0.04653278735895644,0.0,0.08079030633401282,254.0,12.0
RECORDED,Bus A to Bus B,Bus A,Bus B,A+M,RAW,INDUCTIVE_FIXED_TEST,18,False,0,95,7059,12,0,0.0,0.0,0.7107238985692025,0.7419520010057139,0.6057006433561059,0.5104546963159642,0.9764356781288183,0.48212229843186843,0.5676022645400491,0.16066481994459833,0.9586776859504132,0.2752075919335706,242,0.667945205479452,0.6536193029490617,0.6607046070460705,1865,0.8890173410404625,0.3580074487895717,0.5104546963159642,2148,0.9562393162393162,0.9975035663338089,0.9764356781288183,2804,0.6057006433561059,0.49156861007052965,0.7463491300644893,0.5104546963159642,0.10520008544157493,0.7969930423072606,0.0,0.0,0.0,0.0,0.0,0.0,,
RECORDED,Bus A to Bus B,Bus A,Bus B,A+M,ZSCORE,INDUCTIVE_FIXED_TEST,18,True,18,95,7059,12,6262,104.36666666666666,197.27287666666666,0.8825612693016008,0.6970409779366455,0.7072043134544593,0.8629711751662971,0.9798139371599087,0.6163344388859763,0.7695110581391944,0.96,0.09917355371900827,0.1797752808988764,242,0.8257448004496908,0.7876675603217158,0.8062568605927553,1865,0.8238780694326842,0.9059590316573557,0.8629711751662971,2148,0.964742481852748,0.9953637660485022,0.9798139371599087,2804,0.7072043134544593,0.6278874963958498,0.7977155873293169,0.8629711751662972,0.7368395519847483,0.9415035368112782,0.10150367009835348,-0.03628679789602981,0.24183898282152871,0.352516478850333,0.10815016492826121,0.6790855134200775,,
RECORDED,Bus A to Bus B,Bus A,Bus B,A+M,QUANTILE,INDUCTIVE_FIXED_TEST,18,True,18,95,7059,12,6262,104.36666666666666,197.27287666666666,0.8342541436464088,0.7338134786556403,0.7043117772085994,0.8192709660973745,0.9660113907771449,0.6170785726857508,0.7502954527641095,0.12154031287605295,0.41735537190082644,0.18825722273998136,242,0.8555678059536935,0.832171581769437,0.8437075292198967,1865,0.9053521126760563,0.7481378026070763,0.8192709660973745,2148,0.9962106858658583,0.9375891583452212,0.9660113907771449,2804,0.7043117772085993,0.5937669396322436,0.855536647272243,0.8192709660973744,0.5017283455962701,0.9624107198118462,0.09861113385249343,-0.02110260442385789,0.2389556071104106,0.3088162697814102,0.051867863899459535,0.6030139376384631,,
RECORDED,Bus A to Bus B,Bus A,Bus B,A+M,CORAL,INDUCTIVE_FIXED_TEST,18,True,18,95,7059,12,6262,104.36666666666666,197.27287666666666,0.7947301317467064,0.640368553400163,0.6354709746399781,0.8328458002507313,0.9401163882110005,0.5339225034496373,0.7144209048842793,0.07272727272727272,0.1652892561983471,0.10101010101010101,242,0.7959940652818991,0.5753351206434316,0.6679116090880797,1865,0.7554965883244883,0.9278398510242085,0.8328458002507313,2148,0.9924692826000793,0.8930099857346647,0.9401163882110005,2804,0.6354709746399781,0.5876478799674677,0.6727571094971844,0.8328458002507314,0.7046406558234765,0.8928048336405836,0.029770331283872298,-0.10707805108934379,0.13468754097664956,0.3223911039347672,0.033191912144194285,0.6691178164232253,,
RECORDED,Bus A to Bus B,Bus A,Bus B,A+M,CAUSAL,INDUCTIVE_FIXED_TEST,18,False,0,95,7059,12,0,0.0,0.0,0.793596826745998,0.7447368318699009,0.6769851956339794,0.6866187050359712,0.9810326659641728,0.5756360388572483,0.6808385993947761,0.1471698113207547,0.6446280991735537,0.23963133640552994,242,0.819304152637486,0.7828418230563002,0.800658075130244,1865,0.8990203466465713,0.5554003724394786,0.6866187050359712,2148,0.9664359861591696,0.996077032810271,0.9810326659641728,2804,0.6769851956339794,0.6127541626040215,0.7738635322700705,0.6866187050359712,0.5634227982627548,0.8217471874027902,0.07128455227787356,-0.03819699518749638,0.18204184631316828,0.17616400872000704,-0.09354542660143436,0.5313761790000103,254.0,12.0
RECORDED,Bus A to Bus B,Bus A,Bus B,A+G,RAW,INDUCTIVE_FIXED_TEST,18,False,0,96,7059,12,0,0.0,0.0,0.6546253010341408,0.63573596924745,0.5563672705949162,0.35958395245170877,0.9904187366926899,0.411683448562325,0.4776539433376332,0.06958333333333333,0.6900826446280992,0.1264193792581378,242,0.9189399844115355,0.632171581769437,0.7490470139771284,1865,0.8897058823529411,0.22532588454376165,0.35958395245170877,2148,0.9855225988700564,0.9953637660485022,0.9904187366926899,2804,0.5563672705949162,0.4747132048446219,0.641764129442368,0.3595839524517088,0.0,0.6673773987206824,0.0,0.0,0.0,0.0,0.0,0.0,,
RECORDED,Bus A to Bus B,Bus A,Bus B,A+G,ZSCORE,INDUCTIVE_FIXED_TEST,18,True,18,96,7059,12,6262,104.36666666666666,197.27287666666666,0.8930443405581527,0.6819308711964813,0.6734590491087173,0.89125,0.983618108155716,0.570072696093051,0.7605754294652305,0.0,0.0,0.0,242,0.9227150537634409,0.7361930294906166,0.818968088279153,1865,0.8065610859728507,0.9958100558659218,0.89125,2148,0.9718064740689175,0.9957203994293866,0.983618108155716,2804,0.6734590491087172,0.648388849448745,0.697386596428723,0.89125,0.8238437733771488,0.938170058704009,0.11709177851380104,0.01912263982743208,0.20252816992333694,0.5316660475482912,0.1887297719288232,0.8630327162955275,,
RECORDED,Bus A to Bus B,Bus A,Bus B,A+G,QUANTILE,INDUCTIVE_FIXED_TEST,18,True,18,96,7059,12,6262,104.36666666666666,197.27287666666666,0.7441563960900978,0.6871027239857753,0.6381672729722898,0.710801393728223,0.9758049845370202,0.5256213691173797,0.6672209212746631,0.09270216962524655,0.5826446280991735,0.15995462280204198,242,0.8748019017432647,0.5919571045576407,0.706108090821874,1865,0.8376500315855969,0.61731843575419,0.710801393728223,2148,0.9959153360564427,0.956490727532097,0.9758049845370202,2804,0.6381672729722898,0.5375200673439019,0.7552073527768196,0.710801393728223,0.42565862545545924,0.8807638430342063,0.08180000237737362,-0.07588103488879541,0.2500134757934787,0.3512174412765142,-0.2242925295583867,0.8263500259903983,,
RECORDED,Bus A to Bus B,Bus A,Bus B,A+G,CORAL,INDUCTIVE_FIXED_TEST,18,True,18,96,7059,12,6262,104.36666666666666,197.27287666666666,0.7520895310950559,0.6746135810145704,0.6396377082268614,0.7385869565217391,0.9771046143008102,0.5271487395355451,0.6792174075448125,0.08147174770039421,0.512396694214876,0.14058956916099774,242,0.9301503094606542,0.5640750670241287,0.7022696929238985,1865,0.8870757180156658,0.63268156424581,0.7385869565217391,2148,0.965205288796103,0.9893009985734664,0.9771046143008102,2804,0.6396377082268614,0.5223854237406999,0.7327569080279409,0.738586956521739,0.32384310580632053,0.9332276362858879,0.0832704376319452,-0.10187103905638964,0.22303393889358797,0.3790030040700302,-0.27445474583211904,0.8500814983961906,,
RECORDED,Bus A to Bus B,Bus A,Bus B,A+G,CAUSAL,INDUCTIVE_FIXED_TEST,18,False,0,96,7059,12,0,0.0,0.0,0.7632809179770506,0.7557130641869032,0.6637727190386223,0.6111625038544557,0.9912950790548943,0.5545985990331983,0.6427286329649557,0.11680572109654351,0.8099173553719008,0.20416666666666666,242,0.9657768651608487,0.7565683646112601,0.8484666265784726,1865,0.9050228310502283,0.4613594040968343,0.6111625038544557,2148,0.9876106194690265,0.9950071326676176,0.9912950790548943,2804,0.6637727190386223,0.5863321720409744,0.7757956005283712,0.6111625038544558,0.36045448754368753,0.8276699742973916,0.10740544844370614,0.011585969154354567,0.2173670659886561,0.251578551402747,-0.08766450726216504,0.6002192379246473,254.0,12.0
RECORDED,Bus A to Bus B,Bus A,Bus B,M+G,RAW,INDUCTIVE_FIXED_TEST,18,False,0,83,7059,12,0,0.0,0.0,0.5264201728290127,0.5000887407437036,0.4091919697552516,0.02116889093419236,0.995718872636461,0.21368300212818184,0.25398273822682793,0.043319097010372176,0.5867768595041323,0.08068181818181819,242,0.7966457023060797,0.4075067024128686,0.539198297268535,1865,0.92,0.010707635009310988,0.02116889093419236,2148,0.9960742326909351,0.9953637660485022,0.995718872636461,2804,0.4091919697552516,0.36790032000611667,0.46365977659432994,0.02116889093419236,0.0,0.08493358070500921,0.0,0.0,0.0,0.0,0.0,0.0,,
RECORDED,Bus A to Bus B,Bus A,Bus B,M+G,ZSCORE,INDUCTIVE_FIXED_TEST,18,True,18,83,7059,12,6262,104.36666666666666,197.27287666666666,0.62657600226661,0.477405811901695,0.4004991250274548,0.0,0.9845552991301261,0.20581373365989775,0.2402994750164729,0.017985611510791366,0.04132231404958678,0.02506265664160401,242,0.4466230936819172,0.8793565683646113,0.5923785443380892,1865,0.0,0.0,0.0,2148,0.9802050194414987,0.988944365192582,0.9845552991301261,2804,0.40049912502745477,0.377088483306017,0.42977671125617445,0.0,0.0,0.0,-0.008692844727796856,-0.06240493999379839,0.032607322150841486,-0.02116889093419236,-0.0849256931608133,0.0,,
RECORDED,Bus A to Bus B,Bus A,Bus B,M+G,QUANTILE,INDUCTIVE_FIXED_TEST,18,True,18,83,7059,12,6262,104.36666666666666,197.27287666666666,0.6070264910043915,0.4894710558740749,0.40965659949396216,0.0,0.9866425992779784,0.21732793289929006,0.2457939596963773,0.04630650496141125,0.17355371900826447,0.0731070496083551,242,0.45047732696897375,0.8096514745308311,0.578876749089515,1865,0.0,0.0,0.0,2148,0.9989035087719298,0.974679029957204,0.9866425992779784,2804,0.40965659949396216,0.36737586343775414,0.45513399820588435,0.0,0.0,0.0,0.00046462973871053137,-0.037989964918242004,0.03767571161108506,-0.02116889093419236,-0.08194740599905338,0.0,,
RECORDED,Bus A to Bus B,Bus A,Bus B,M+G,CORAL,INDUCTIVE_FIXED_TEST,18,True,18,83,7059,12,6262,104.36666666666666,197.27287666666666,0.6240260660150163,0.47600808182545806,0.48286640371612155,0.24041122973507315,0.9697706740792217,0.3205649802617549,0.38588433412370216,0.009355509355509356,0.0743801652892562,0.01662049861495845,242,0.7169811320754716,0.6927613941018766,0.7046632124352331,1865,0.7979002624671916,0.14152700186219738,0.24041122973507315,2148,0.9454607046070461,0.9953637660485022,0.9697706740792217,2804,0.48286640371612155,0.3953022588000668,0.5741284534920418,0.24041122973507315,0.0,0.5483775318350296,0.07367443396086992,-0.02975868894199197,0.15095523211158876,0.2192423388008808,-0.053741464028540784,0.5286155564001129,,
RECORDED,Bus A to Bus B,Bus A,Bus B,M+G,CAUSAL,INDUCTIVE_FIXED_TEST,18,False,0,83,7059,12,0,0.0,0.0,0.6389006941493129,0.5860126554508114,0.4679493790925523,0.05649241146711636,0.9955396966993756,0.2920859398902778,0.3033665920423779,0.12269938650306748,0.49586776859504134,0.19672131147540983,242,0.5016361256544503,0.8219839142091153,0.6230440967283073,1865,0.29910714285714285,0.031191806331471134,0.05649241146711636,2148,0.9960728311317386,0.9950071326676176,0.9955396966993756,2804,0.46794937909255224,0.4202176872631612,0.5455138716877657,0.05649241146711636,0.0,0.13667360756259578,0.058757409337300615,0.017425489203210773,0.11253755326714457,0.035323520532923994,-0.053613645496556894,0.12407949715944167,254.0,12.0
RECORDED,Bus A to Bus B,Bus A,Bus B,A+M+G,RAW,INDUCTIVE_FIXED_TEST,18,False,0,137,7059,12,0,0.0,0.0,0.628417622892761,0.675820820611473,0.47071677257278893,0.010983981693363844,0.9914802981895634,0.29712893070053076,0.28682365622101885,0.15983321751216123,0.9504132231404959,0.27364663890541346,242,0.5088993824918271,0.7512064343163539,0.606756171502815,1865,0.32432432432432434,0.00558659217877095,0.010983981693363844,2148,0.9869257950530035,0.996077032810271,0.9914802981895634,2804,0.470716772572789,0.4242106381429343,0.5515884606818511,0.010983981693363844,0.0,0.025113024748697577,0.0,0.0,0.0,0.0,0.0,0.0,,
RECORDED,Bus A to Bus B,Bus A,Bus B,A+M+G,ZSCORE,INDUCTIVE_FIXED_TEST,18,True,18,137,7059,12,6262,104.36666666666666,197.27287666666666,0.7421731123388582,0.5629393784963008,0.5392915389730879,0.5085869237722206,0.9837914023960536,0.3911249178320994,0.527009692892741,1.0,0.004132231404958678,0.00823045267489712,242,0.5313432835820896,0.8589812332439678,0.6565573770491804,1865,0.7207514944491887,0.3929236499068901,0.5085869237722206,2148,0.9721448467966574,0.9957203994293866,0.9837914023960536,2804,0.5392915389730879,0.45147912889157266,0.6165093812725395,0.5085869237722205,0.22148015241731145,0.7256566292325534,0.06857476640029891,-0.04019229707864493,0.1351549199792022,0.49760294207885664,0.2024977646076257,0.7199201042753229,,
RECORDED,Bus A to Bus B,Bus A,Bus B,A+M+G,QUANTILE,INDUCTIVE_FIXED_TEST,18,True,18,137,7059,12,6262,104.36666666666666,197.27287666666666,0.8205128205128205,0.6813750184289924,0.675749691419931,0.786692759295499,0.9767272727272728,0.5754238309841505,0.7201269185701582,0.07509386733416772,0.24793388429752067,0.11527377521613832,242,0.8854679802955665,0.7710455764075067,0.824304958440814,1865,0.8288659793814434,0.7486033519553073,0.786692759295499,2148,0.9962908011869436,0.9579172610556348,0.9767272727272728,2804,0.675749691419931,0.5765548972966242,0.7929797140309354,0.786692759295499,0.47443434027964326,0.930300832390496,0.20503291884714203,0.06835996298355848,0.3197777887391807,0.7757087776021351,0.4511674797436573,0.9240769243273548,,
RECORDED,Bus A to Bus B,Bus A,Bus B,A+M+G,CORAL,INDUCTIVE_FIXED_TEST,18,True,18,137,7059,12,6262,104.36666666666666,197.27287666666666,0.8120130330075082,0.6540761365648925,0.6475081052779268,0.8555323590814197,0.959070796460177,0.5436538748838434,0.730717806799324,0.07992565055762081,0.17768595041322313,0.11025641025641025,242,0.8252581413820492,0.5571045576407506,0.6651728553137004,1865,0.77554882664648,0.9539106145251397,0.8555323590814197,2148,0.9927480916030534,0.9276034236804565,0.959070796460177,2804,0.6475081052779268,0.6006475900551393,0.6860672897995979,0.8555323590814198,0.7532265005949216,0.9083532182195391,0.1767913327051378,0.060834882554108946,0.23025620568556943,0.8445483773880559,0.7399035954864902,0.8992136875065395,,
RECORDED,Bus A to Bus B,Bus A,Bus B,A+M+G,CAUSAL,INDUCTIVE_FIXED_TEST,18,False,0,137,7059,12,0,0.0,0.0,0.7108655616942909,0.7014796613515224,0.5834562520840428,0.3659889094269871,0.9921708185053381,0.44721806327694447,0.4964693150212205,0.11994698475811796,0.7479338842975206,0.2067390062821245,242,0.7138263665594855,0.8332439678284183,0.7689262741217219,1865,0.8886894075403949,0.23044692737430167,0.3659889094269871,2148,0.9900568181818182,0.9942938659058488,0.9921708185053381,2804,0.5834562520840428,0.53037986914599,0.6724912515442316,0.36598890942698703,0.11491533644284849,0.5543592327146832,0.11273947951125385,0.038889422060361264,0.1710488804109773,0.3550049277336232,0.1145349588785326,0.5391342200294577,254.0,12.0
RECORDED,Bus B to Bus A,Bus B,Bus A,A,RAW,INDUCTIVE_FIXED_TEST,18,False,0,54,98280,236,0,0.0,0.0,0.7345848595848596,0.5761950258098136,0.5311949971246013,0.001501877346683354,0.9965557349835692,0.3760747511716119,0.3193177492134341,0.4938264644528387,0.44108167992748515,0.4659662189120894,19858,0.5332025854925142,0.8685264341957255,0.6607561572560631,22225,0.05625,0.0007610993657505285,0.001501877346683354,11825,0.9987098526515923,0.994410889750293,0.9965557349835692,44372,0.5311949971246013,0.5125036829771434,0.548535453965231,0.001501877346683354,0.0,0.0041633082456725805,0.0,0.0,0.0,0.0,0.0,0.0,,
RECORDED,Bus B to Bus A,Bus B,Bus A,A,ZSCORE,INDUCTIVE_FIXED_TEST,18,True,18,54,98280,236,1599,26.65,226.04062027777778,0.7067765567765568,0.5407375443292087,0.4933096485029832,0.000329733740004946,0.9935873679009019,0.326550408703677,0.29611768259779186,0.5660544150869267,0.2902104945110283,0.3837011884550085,19858,0.45130096006678727,0.8756355455568055,0.5956203039160176,22225,0.006535947712418301,0.00016913319238900633,0.000329733740004946,11825,0.9902621387477334,0.9969350040566123,0.9935873679009019,44372,0.4933096485029832,0.47175107946458866,0.5141075857271493,0.00032973374000494596,0.0,0.0010826856713464167,-0.037885348621618076,-0.05826216136688234,-0.01755218088846384,-0.001172143606678408,-0.0032236010362173633,0.0,,
RECORDED,Bus B to Bus A,Bus B,Bus A,A,QUANTILE,INDUCTIVE_FIXED_TEST,18,True,18,54,98280,236,1599,26.65,226.04062027777778,0.6500407000407,0.48751085963311247,0.4478631055403145,0.0025119316754584277,0.8651289803481738,0.3087744806043614,0.2697226359943721,0.42232359321168816,0.6666834525128412,0.5170878412686013,19858,0.7258120448503064,0.2825196850393701,0.4067236688690245,22225,0.1271186440677966,0.0012684989429175475,0.0025119316754584277,11825,0.7625638292385193,0.9995718020373209,0.8651289803481738,44372,0.4478631055403145,0.43243419025316443,0.46216089389675363,0.0025119316754584273,0.0003213419755118703,0.005608706411363158,-0.08333189158428678,-0.09849212024293494,-0.06769243095306285,0.0010100543287750732,-0.0024513838351614774,0.004657226360326275,,
RECORDED,Bus B to Bus A,Bus B,Bus A,A,CORAL,INDUCTIVE_FIXED_TEST,18,True,18,54,98280,236,1599,26.65,226.04062027777778,0.7504985754985755,0.6002273412550488,0.560061343464841,0.010532285505954793,0.9949408643252238,0.4151015031780468,0.3402497202812865,0.5178003332828359,0.688488266693524,0.5910682633695041,19858,0.5889403330595175,0.7096962879640045,0.6437039606586814,22225,0.12548262548262548,0.0054968287526427064,0.010532285505954793,11825,0.9926642139267767,0.9972279816100243,0.9949408643252238,44372,0.560061343464841,0.5430135371183041,0.5765751579516677,0.010532285505954793,0.004945831907642356,0.01754169851742583,0.028866346340239768,0.0030777804326168725,0.05561461091655823,0.009030408159271438,0.002530586857193241,0.01636375011308401,,
RECORDED,Bus B to Bus A,Bus B,Bus A,A,CAUSAL,INDUCTIVE_FIXED_TEST,18,False,0,54,98280,236,0,0.0,0.0,0.7374542124542125,0.5817627347459174,0.5420717034124423,0.037651721575427295,0.9967708427422997,0.39050532363582313,0.34030371067763626,0.49374657158529894,0.4532682042501763,0.4726423020373871,19858,0.5371963562753036,0.8597075365579303,0.6612219472946551,22225,0.7972027972027972,0.019281183932346724,0.037651721575427295,11825,0.9987555434880985,0.9947940142432165,0.9967708427422997,44372,0.5420717034124423,0.523600139388019,0.5590462457719625,0.0376517215754273,0.018218028386937306,0.06189058383782048,0.010876706287840987,0.004577696076147253,0.01808618575810832,0.03614984422874395,0.016580429688072613,0.0610755186103147,30.0,236.0
RECORDED,Bus B to Bus A,Bus B,Bus A,M,RAW,INDUCTIVE_FIXED_TEST,18,False,0,41,98280,236,0,0.0,0.0,0.5377085877085878,0.428231816313757,0.4066176734513023,0.022761400458389314,0.8347330923840973,0.2639125338070372,0.25307516425413706,0.290356458886761,0.47336086212105954,0.35993260836268953,19858,0.34424566580597565,0.5038920134983127,0.40904359260003287,22225,0.17391304347826086,0.012177589852008456,0.022761400458389314,11825,0.9863884962821852,0.7234967997836473,0.8347330923840973,44372,0.4066176734513023,0.3875764455549645,0.42611634609514254,0.022761400458389317,0.004611768082487156,0.04605534027020393,0.0,0.0,0.0,0.0,0.0,0.0,,
RECORDED,Bus B to Bus A,Bus B,Bus A,M,ZSCORE,INDUCTIVE_FIXED_TEST,18,True,18,41,98280,236,1599,26.65,226.04062027777778,0.3997049247049247,0.35253364009745414,0.3079212468891268,0.006928778601353529,0.6030669646297295,0.20953934097559257,0.1875242595740175,0.2351472320376914,0.7540034243126196,0.3584930506506411,19858,0.3481673454276194,0.21156355455568054,0.2631961936747831,22225,0.07325383304940375,0.0036363636363636364,0.006928778601353529,11825,0.9537854043777116,0.4409312178851528,0.6030669646297295,44372,0.3079212468891268,0.2809723119831282,0.335055560807594,0.006928778601353529,0.0,0.01614898423302046,-0.09869642656217548,-0.1211410951146555,-0.07506984916041516,-0.015832621857035788,-0.036013417403368275,-0.0010620468139455488,,
RECORDED,Bus B to Bus A,Bus B,Bus A,M,QUANTILE,INDUCTIVE_FIXED_TEST,18,True,18,41,98280,236,1599,26.65,226.04062027777778,0.43948921448921446,0.3731382635296248,0.3434769782258068,0.07093008501459205,0.6744070189034347,0.23316696466659756,0.2344582209413209,0.259922237457503,0.6968476180884279,0.37862018961106475,19858,0.33517481459058573,0.1992800899887514,0.24995061937413585,22225,0.14198628397256793,0.04727272727272727,0.07093008501459205,11825,0.8736823234134098,0.5491526187685928,0.6744070189034347,44372,0.3434769782258068,0.3138194801845292,0.37482867225301963,0.07093008501459205,0.03864091319502691,0.10662524918519911,-0.06314069522549548,-0.08906975378923183,-0.03669753418291846,0.04816868455620274,0.025221749932987078,0.07404693407416307,,
RECORDED,Bus B to Bus A,Bus B,Bus A,M,CORAL,INDUCTIVE_FIXED_TEST,18,True,18,41,98280,236,1599,26.65,226.04062027777778,0.4256613756613757,0.35651758298706837,0.3256669807445354,0.021666158071406774,0.6406117942146733,0.22068537625448936,0.20406665167528393,0.27740244481099036,0.6182395004532178,0.3829681041877876,19858,0.24913698745474447,0.2662767154105737,0.2574218665042737,22225,0.11067809820732658,0.01200845665961945,0.021666158071406774,11825,0.8106327192437729,0.5295456594248625,0.6406117942146733,44372,0.3256669807445354,0.296428138984294,0.3555421375491,0.021666158071406778,0.002472250221614003,0.05410945870988618,-0.08095069270676691,-0.10852767868519429,-0.05110333579588291,-0.0010952423869825395,-0.0342638338786142,0.036168942735542685,,
RECORDED,Bus B to Bus A,Bus B,Bus A,M,CAUSAL,INDUCTIVE_FIXED_TEST,18,False,0,41,98280,236,0,0.0,0.0,0.566971916971917,0.44490294522670654,0.41457368258342564,0.02355788624445341,0.8623367410278823,0.2653193297686068,0.25816736404783674,0.28375925835090987,0.2913183603585457,0.2874891290843583,19858,0.36848629432126484,0.7088863892013498,0.48491097397700866,22225,0.256140350877193,0.012346723044397464,0.02355788624445341,11825,0.9846385280759106,0.7670603083025331,0.8623367410278823,44372,0.41457368258342564,0.3975421396107279,0.43199449592183203,0.02355788624445341,0.004146169476540734,0.056069021910839116,0.007956009132123354,-0.01058784734121782,0.026794594438199565,0.0007964857860640918,-0.031737355883267704,0.03803846766680661,30.0,236.0
RECORDED,Bus B to Bus A,Bus B,Bus A,G,RAW,INDUCTIVE_FIXED_TEST,18,False,0,42,98280,236,0,0.0,0.0,0.6698209198209198,0.5175769810768238,0.5061025911930972,0.14027588886730133,0.9967012305648439,0.342569711402515,0.3597719102627789,0.37004566818893964,0.5590190351495619,0.4453135968870971,19858,0.4640878512069648,0.4221372328458943,0.4421196484531467,22225,0.2995022123893805,0.09158562367864694,0.14027588886730133,11825,0.9958379266125222,0.9975660326331921,0.9967012305648439,44372,0.5061025911930972,0.48492322122829096,0.5280092023394829,0.14027588886730133,0.08312873667572174,0.20408057769358257,0.0,0.0,0.0,0.0,0.0,0.0,,
RECORDED,Bus B to Bus A,Bus B,Bus A,G,ZSCORE,INDUCTIVE_FIXED_TEST,18,True,18,42,98280,236,1599,26.65,226.04062027777778,0.6714590964590964,0.5247449385142047,0.4930450103820512,0.11625024463435318,0.9903511636023824,0.32727629264194075,0.34232710408297196,0.3965436953484762,0.7718803504884681,0.5239267158873393,19858,0.496017130620985,0.26056242969628796,0.3416519174041298,22225,0.2542808219178082,0.07534883720930233,0.11625024463435318,11825,0.9895156028528359,0.9911881366627603,0.9903511636023824,44372,0.4930450103820512,0.47282987406580895,0.5132674745274235,0.11625024463435321,0.07103082954254403,0.16376032864326198,-0.013057580811046021,-0.03246069642086577,0.0059954981904444425,-0.024025644232948118,-0.07738564700279515,0.03233142608751648,,
RECORDED,Bus B to Bus A,Bus B,Bus A,G,QUANTILE,INDUCTIVE_FIXED_TEST,18,True,18,42,98280,236,1599,26.65,226.04062027777778,0.6077838827838827,0.45026912065225444,0.4392078549895525,0.2032812774170907,0.8762422206855676,0.2935297330908808,0.34483722396056776,0.34955658783783783,0.1667338100513647,0.22577565632458235,19858,0.46494113160779826,0.43887514060742405,0.45153226553096937,22225,0.211193145565582,0.19594080338266384,0.2032812774170907,11825,0.7800309543072215,0.9995267285675651,0.8762422206855676,44372,0.4392078549895525,0.421512178953723,0.455735671172989,0.2032812774170907,0.1672974832375614,0.23868324919664777,-0.06689473620354469,-0.09449336262011333,-0.04085873524828816,0.06300538854978938,-0.0025004120457315622,0.12474816210864194,,
RECORDED,Bus B to Bus A,Bus B,Bus A,G,CORAL,INDUCTIVE_FIXED_TEST,18,True,18,42,98280,236,1599,26.65,226.04062027777778,0.628093203093203,0.48714741337812584,0.4526473401220894,0.0,0.914045923900231,0.29884781219604223,0.27158840407325363,0.3819427452899437,0.39304058817605,0.3874122055940238,19858,0.4062634062634063,0.6817547806524185,0.509131230994103,22225,0.0,0.0,0.0,11825,0.958185053380783,0.873794284684035,0.914045923900231,44372,0.45264734012208946,0.43045148151258544,0.47440635817637533,0.0,0.0,0.0,-0.05345525107100774,-0.0878040754735748,-0.019278617321023834,-0.14027588886730133,-0.2012168374891551,-0.0812433106182352,,
RECORDED,Bus B to Bus A,Bus B,Bus A,G,CAUSAL,INDUCTIVE_FIXED_TEST,18,False,0,42,98280,236,0,0.0,0.0,0.6774420024420025,0.5188545436629228,0.4987272123700318,0.053327987169206094,0.9964207730229836,0.33282935881904785,0.3205675222897015,0.408188679245283,0.544717494208883,0.4666724189999569,19858,0.459262630860264,0.499392575928009,0.47848767028798067,22225,0.12711054475947753,0.033742071881606765,0.053327987169206094,11825,0.9952781400368754,0.9975660326331921,0.9964207730229836,44372,0.4987272123700318,0.486518236317827,0.5104744485383216,0.053327987169206094,0.03726570496456823,0.07024464325949968,-0.007375378823065382,-0.02527148812869042,0.011263886303955768,-0.08694790169809524,-0.14729774515447466,-0.030133829444625358,30.0,236.0
RECORDED,Bus B to Bus A,Bus B,Bus A,A+M,RAW,INDUCTIVE_FIXED_TEST,18,False,0,95,98280,236,0,0.0,0.0,0.7335673585673586,0.5792824076894947,0.5355185205302985,0.0003380662609871535,0.9914939526432344,0.3835267098259865,0.3214463388225739,0.45742047850398754,0.5025682344646993,0.4789327190709281,19858,0.5632857317222019,0.8305961754780652,0.6713093441460444,22225,0.2857142857142857,0.00016913319238900633,0.0003380662609871535,11825,0.9993132339811827,0.9837960876228252,0.9914939526432344,44372,0.5355185205302985,0.5172584316752811,0.5525487517464902,0.0003380662609871535,0.0,0.001065560885942481,0.0,0.0,0.0,0.0,0.0,0.0,,
RECORDED,Bus B to Bus A,Bus B,Bus A,A+M,ZSCORE,INDUCTIVE_FIXED_TEST,18,True,18,95,98280,236,1599,26.65,226.04062027777778,0.6826414326414326,0.5130782361101691,0.4647609950454168,0.01940151266030911,0.9913263705231072,0.28923920321952,0.2866172020913737,0.44872625215889467,0.20933628764226003,0.28548863402238855,19858,0.4241663433227581,0.8361754780652418,0.5628274629758624,22225,0.3480825958702065,0.009978858350951374,0.01940151266030911,11825,0.9858906918687589,0.9968223203822231,0.9913263705231072,44372,0.4647609950454168,0.4453949359312099,0.48297625222809787,0.01940151266030911,0.0064998757227258,0.036272815213074475,-0.07075752548488168,-0.08921449330244115,-0.05280402936197186,0.019063446399321955,0.006180427445406541,0.035900816430293254,,
RECORDED,Bus B to Bus A,Bus B,Bus A,A+M,QUANTILE,INDUCTIVE_FIXED_TEST,18,True,18,95,98280,236,1599,26.65,226.04062027777778,0.6588522588522588,0.49884528426603725,0.4525511967173205,0.0006748776784207862,0.8885928092724121,0.30720399253228997,0.2718006691017606,0.4160808057620018,0.730184308590996,0.5300966969492021,19858,0.7416677147528613,0.2653318335208099,0.3908404029692471,22225,0.13793103448275862,0.00033826638477801266,0.0006748776784207862,11825,0.7998232673892265,0.9995267285675651,0.8885928092724121,44372,0.4525511967173205,0.4379372775047542,0.4665401060950863,0.0006748776784207861,0.0,0.0018865304230602595,-0.08296732381297794,-0.09767789429890293,-0.06692749736338793,0.0003368114174336326,-0.0007408920215012139,0.0016207052462054743,,
RECORDED,Bus B to Bus A,Bus B,Bus A,A+M,CORAL,INDUCTIVE_FIXED_TEST,18,True,18,95,98280,236,1599,26.65,226.04062027777778,0.5234839234839235,0.4499830847883671,0.42807998404935077,0.11464414358464788,0.7684782009590476,0.3146139117461185,0.3027056478634696,0.32846405767735554,0.7020344445563501,0.4475369576732316,19858,0.37238869863013696,0.39140607424071994,0.38166063398047606,22225,0.21580547112462006,0.07805496828752642,0.11464414358464788,11825,0.9888297872340426,0.6284368520688722,0.7684782009590476,44372,0.4280799840493507,0.39807466705353645,0.4583907316134359,0.11464414358464788,0.0855129919428755,0.14608144440702422,-0.10743853648094775,-0.14178513717201632,-0.07075197015299949,0.11430607732366072,0.08519311734855964,0.14571532206904864,,
RECORDED,Bus B to Bus A,Bus B,Bus A,A+M,CAUSAL,INDUCTIVE_FIXED_TEST,18,False,0,95,98280,236,0,0.0,0.0,0.7389702889702889,0.5856682350535978,0.5422668480511558,0.0008449514152936206,0.9925465415726004,0.3921736168773409,0.3256980893968109,0.46086279260957985,0.5363581428139792,0.49575275198398844,19858,0.5807099158807035,0.8200224971878515,0.6799231472327407,22225,0.5,0.00042283298097251583,0.0008449514152936206,11825,0.9993146773272416,0.9858694672315875,0.9925465415726004,44372,0.5422668480511558,0.5259519804908215,0.5578420946889967,0.0008449514152936205,0.0,0.002096114936909009,0.0067483275208573,0.0003781511227604756,0.013146948384955073,0.000506885154306467,-0.0007018549708534781,0.0018847474083913622,30.0,236.0
RECORDED,Bus B to Bus A,Bus B,Bus A,A+G,RAW,INDUCTIVE_FIXED_TEST,18,False,0,96,98280,236,0,0.0,0.0,0.7378205128205129,0.5791305822390636,0.5344429526358007,0.0,0.9977154304106598,0.38001879337751426,0.3206657715814804,0.4864078696847895,0.4631382818007856,0.4744879533611928,19858,0.5450970260649902,0.8543982002249719,0.66556842677135,22225,0.0,0.0,0.0,11825,0.9964482409801056,0.9989858469304967,0.9977154304106598,44372,0.5344429526358007,0.5170260868726693,0.5508510721173895,0.0,0.0,0.0,0.0,0.0,0.0,0.0,0.0,0.0,,
RECORDED,Bus B to Bus A,Bus B,Bus A,A+G,ZSCORE,INDUCTIVE_FIXED_TEST,18,True,18,96,98280,236,1599,26.65,226.04062027777778,0.7223239723239723,0.5677050082612727,0.5405011594498284,0.11708212696843444,0.9939565500662757,0.38934936257767916,0.37113354645727076,0.5404149891607308,0.35149561889414843,0.4259473973271496,19858,0.49348585126895617,0.85214848143982,0.6250185634374535,22225,0.3548801369863014,0.07010570824524313,0.11708212696843444,11825,0.9908622620380739,0.9970702244658793,0.9939565500662757,44372,0.5405011594498284,0.5215053529347743,0.5571102321028129,0.11708212696843444,0.08613574759401288,0.14719285378601232,0.006058206814027689,-0.01984397518811414,0.031280122540387555,0.11708212696843444,0.08613574759401288,0.14719285378601232,,
RECORDED,Bus B to Bus A,Bus B,Bus A,A+G,QUANTILE,INDUCTIVE_FIXED_TEST,18,True,18,96,98280,236,1599,26.65,226.04062027777778,0.6975274725274725,0.5404686462902256,0.5078459365785206,0.012131854098491499,0.9473628004826945,0.36134031527712934,0.30956030358650893,0.42523938923395443,0.6619498438916306,0.5178254874926137,19858,0.6309859154929578,0.49385826771653546,0.5540636042402827,22225,0.10795454545454546,0.006427061310782241,0.012131854098491499,11825,0.9002821246625667,0.9996394122419544,0.9473628004826945,44372,0.5078459365785206,0.4923594658794816,0.5231895084434447,0.012131854098491499,0.004385304179454015,0.022451655687221045,-0.026597016057280043,-0.039830667421152904,-0.01334579409503815,0.012131854098491499,0.004385304179454015,0.022451655687221045,,
RECORDED,Bus B to Bus A,Bus B,Bus A,A+G,CORAL,INDUCTIVE_FIXED_TEST,18,True,18,96,98280,236,1599,26.65,226.04062027777778,0.7514245014245015,0.6087388107557296,0.5842090076055858,0.12017425266636624,0.9944473169525436,0.4474629044899332,0.39859510562989797,0.5102577395941342,0.6938765233155403,0.5880670906064616,19858,0.5967927598936212,0.6764904386951631,0.6341473701969716,22225,0.5372733378106112,0.06765327695560254,0.12017425266636624,11825,0.9919720141723102,0.9969350040566123,0.9944473169525436,44372,0.5842090076055858,0.5616090893602292,0.6067710370323608,0.12017425266636625,0.06677142287126421,0.18101989580043107,0.049766054969785145,0.02053985377079011,0.07779206573776982,0.12017425266636625,0.06677142287126421,0.18101989580043107,,
RECORDED,Bus B to Bus A,Bus B,Bus A,A+G,CAUSAL,INDUCTIVE_FIXED_TEST,18,False,0,96,98280,236,0,0.0,0.0,0.7431115181115181,0.5858691887478478,0.5424810983461164,0.007942417473318442,0.9979510042330901,0.39065779638379183,0.3286656259969972,0.5129301017095866,0.4774398227414644,0.49454905847373637,19858,0.5468046291545522,0.863127109111361,0.6694819132043206,22225,0.183206106870229,0.004059196617336152,0.007942417473318442,11825,0.9970530009898317,0.9988506265212296,0.9979510042330901,44372,0.5424810983461164,0.5268224788069541,0.558001688401585,0.007942417473318442,0.0009294052201054844,0.01880229643325243,0.008038145710315692,0.001865608342949593,0.014356466945922358,0.007942417473318442,0.0009294052201054844,0.01880229643325243,30.0,236.0
RECORDED,Bus B to Bus A,Bus B,Bus A,M+G,RAW,INDUCTIVE_FIXED_TEST,18,False,0,83,98280,236,0,0.0,0.0,0.6645604395604395,0.4942861585543763,0.45989775678659994,0.005014964005500283,0.9963786859803414,0.28107078038868616,0.27794463967416005,0.336545505776275,0.30073522006244335,0.31763423131133156,19858,0.42345773038842344,0.6754555680539932,0.5205631458492267,22225,0.05762081784386617,0.0026215644820295984,0.005014964005500283,11825,0.9944327212319849,0.9983322816190391,0.9963786859803414,44372,0.45989775678659994,0.44393834365901136,0.47651877108888535,0.005014964005500283,0.0007703480321935401,0.011047677565251362,0.0,0.0,0.0,0.0,0.0,0.0,,
RECORDED,Bus B to Bus A,Bus B,Bus A,M+G,ZSCORE,INDUCTIVE_FIXED_TEST,18,True,18,83,98280,236,1599,26.65,226.04062027777778,0.5066035816035817,0.41555067580205524,0.3823837445919481,0.00016854879487611664,0.7825862607444021,0.24898290587446348,0.22949766627311932,0.3241882708280896,0.6486050961828986,0.4323018057326979,19858,0.2767631164922361,0.3640944881889764,0.3144783630958164,22225,0.024390243902439025,8.456659619450317e-05,0.00016854879487611664,11825,0.9844556045232483,0.6494185522401514,0.7825862607444021,44372,0.3823837445919481,0.3610621658417953,0.4022074868152966,0.00016854879487611661,0.0,0.0005490121856936319,-0.07751401219465182,-0.10219463427689593,-0.05214739705572554,-0.004846415210624166,-0.01115375985769399,-0.000740202901044803,,
RECORDED,Bus B to Bus A,Bus B,Bus A,M+G,QUANTILE,INDUCTIVE_FIXED_TEST,18,True,18,83,98280,236,1599,26.65,226.04062027777778,0.598972323972324,0.4284530058236983,0.4170171810993055,0.07959048877146631,0.8818983997208236,0.26205677489213286,0.28204650416816984,0.3306076160916796,0.2789304058817605,0.30257838959903854,19858,0.43509865005192105,0.3770528683914511,0.4040014463058937,22225,0.11398391928109727,0.06114164904862579,0.07959048877146631,11825,0.7908195196967258,0.9966870999729559,0.8818983997208236,44372,0.4170171810993055,0.39666208752795845,0.4353697064928792,0.07959048877146631,0.05074302600376911,0.1095668612938243,-0.04288057568729442,-0.059432772278387655,-0.026741792522265714,0.07457552476596603,0.04593991827749546,0.10479666846974106,,
RECORDED,Bus B to Bus A,Bus B,Bus A,M+G,CORAL,INDUCTIVE_FIXED_TEST,18,True,18,83,98280,236,1599,26.65,226.04062027777778,0.703042328042328,0.5451523051038196,0.5090476089299574,0.0008430281571404484,0.9697210101811451,0.35548980851289486,0.3057657766208306,0.4806920654096734,0.5610333366905026,0.5177646102009992,19858,0.48619343142040305,0.6274465691788527,0.5478617871805449,22225,0.13513513513513514,0.00042283298097251583,0.0008430281571404484,11825,0.9486892031735081,0.9917064815649509,0.9697210101811451,44372,0.5090476089299574,0.49227153239135524,0.5253571489059401,0.0008430281571404484,0.00015816976520527425,0.0018294405501064741,0.04914985214335743,0.02810449730524321,0.07090590867926973,-0.0041719358483598345,-0.011028498325042707,8.586171886316306e-05,,
RECORDED,Bus B to Bus A,Bus B,Bus A,M+G,CAUSAL,INDUCTIVE_FIXED_TEST,18,False,0,83,98280,236,0,0.0,0.0,0.6898453398453398,0.5213645624749017,0.4757038646520374,0.005586133245707714,0.996477961943985,0.3021124988880549,0.2876567720895055,0.4120436225699384,0.2625642058616175,0.3207431102362205,19858,0.4480517888232265,0.8221372328458942,0.5800082531822366,22225,0.09770114942528736,0.0028752642706131076,0.005586133245707714,11825,0.9950783198867339,0.997881546921482,0.996477961943985,44372,0.4757038646520374,0.46010870936625925,0.4899253493345979,0.005586133245707714,0.0005177139988773378,0.013175699357372813,0.015806107865437458,-0.0017260375473818952,0.03288059269413192,0.000571169240207431,-0.007516229801232173,0.009143908223822434,30.0,236.0
RECORDED,Bus B to Bus A,Bus B,Bus A,A+M+G,RAW,INDUCTIVE_FIXED_TEST,18,False,0,137,98280,236,0,0.0,0.0,0.7415445665445666,0.5839827465001812,0.5393423494519612,0.00033798056611744826,0.9978717414559991,0.3864992187839486,0.3237406018976237,0.47900536033353186,0.48600060429046227,0.48247762835574665,19858,0.5615482798539583,0.8512035995500562,0.6766820474299817,22225,0.2,0.00016913319238900633,0.00033798056611744826,11825,0.9971867755947157,0.9985576489678175,0.9978717414559991,44372,0.5393423494519611,0.5213470379105882,0.5561546476979772,0.0003379805661174482,0.0,0.001117290958242193,0.0,0.0,0.0,0.0,0.0,0.0,,
RECORDED,Bus B to Bus A,Bus B,Bus A,A+M+G,ZSCORE,INDUCTIVE_FIXED_TEST,18,True,18,137,98280,236,1599,26.65,226.04062027777778,0.6787749287749287,0.5233292286946988,0.49362917009928553,0.1153091907438881,0.9813847047170133,0.3310439918933763,0.3423011783571266,0.40454665145264634,0.23209789505488973,0.29496656107004576,19858,0.45353522713052186,0.8153430821147356,0.582856223866195,22225,0.25395911315865244,0.0745877378435518,0.1153091907438881,11825,0.9916933201408223,0.971288199765618,0.9813847047170133,44372,0.4936291700992856,0.47476078882359124,0.5127572495334802,0.11530919074388808,0.06650519689230644,0.1667777841771328,-0.04571317935267555,-0.07080711347759715,-0.021100650844173747,0.11497121017777064,0.06614076429005462,0.16639313667062966,,
RECORDED,Bus B to Bus A,Bus B,Bus A,A+M+G,QUANTILE,INDUCTIVE_FIXED_TEST,18,True,18,137,98280,236,1599,26.65,226.04062027777778,0.6936100936100936,0.536266589806535,0.5026707791446432,0.0013669501822600244,0.9509876424123554,0.3532318247220725,0.3021492475596899,0.4205624599224404,0.6935743780843993,0.5236185298534416,19858,0.6568132660418169,0.450888638920135,0.534709994130516,22225,0.006701414743112435,0.0007610993657505285,0.0013669501822600244,11825,0.9066849236680223,0.999842242855855,0.9509876424123554,44372,0.5026707791446432,0.48640326781195903,0.5181082408038468,0.0013669501822600242,0.00014650331801939766,0.003308194332582478,-0.036671570307317936,-0.051231152408636384,-0.023137194944030683,0.001028969616142576,-0.0004707616314615928,0.0029914865770785874,,
RECORDED,Bus B to Bus A,Bus B,Bus A,A+M+G,CORAL,INDUCTIVE_FIXED_TEST,18,True,18,137,98280,236,1599,26.65,226.04062027777778,0.6929487179487179,0.5474787094868736,0.5241769212493022,0.08472349927755156,0.9786932138111218,0.3726714903953623,0.3483955524606019,0.4226020042949177,0.7135159633397119,0.5308133218446783,19858,0.581152141802068,0.4425646794150731,0.5024776500638569,22225,0.18965010291090856,0.05454545454545454,0.08472349927755156,11825,0.9780984108404988,0.979288740647255,0.9786932138111218,44372,0.5241769212493023,0.5063699405332204,0.542714261248531,0.08472349927755156,0.05897484144256102,0.11561933338165553,-0.01516542820265887,-0.04030745562011576,0.01023144346735553,0.08438551871143411,0.05835602828489069,0.11524252131623415,,
RECORDED,Bus B to Bus A,Bus B,Bus A,A+M+G,CAUSAL,INDUCTIVE_FIXED_TEST,18,False,0,137,98280,236,0,0.0,0.0,0.74002849002849,0.5817214572923757,0.5361561071973636,0.0006756756756756757,0.9980169460969893,0.38220249423082175,0.32196393458868844,0.48553928095872173,0.45905932118038073,0.4719281443325654,19858,0.5503275420108231,0.8693813273340832,0.6740036626842243,22225,0.26666666666666666,0.00033826638477801266,0.0006756756756756757,11825,0.9979269941415052,0.9981069142702605,0.9980169460969893,44372,0.5361561071973637,0.5181505152151595,0.553676678046374,0.0006756756756756756,0.0,0.0018660840390641639,-0.0031862422545974045,-0.008162072603305422,0.0010795310066160132,0.0003376951095582274,-0.0008165064350678793,0.00172056217138909,30.0,236.0
YAW90_LEFT,Bus A to Bus B,Bus A,Bus B,A,RAW,INDUCTIVE_FIXED_TEST,18,False,0,54,7059,12,0,0.0,0.0,0.8268876611418048,0.7190897258697118,0.6792347654882647,0.8888888888888888,0.9655411255411256,0.5837993121373111,0.7630964148485144,0.17080745341614906,0.45454545454545453,0.24830699774266365,242,0.9677047289504037,0.44986595174262733,0.6142020497803806,1865,0.8149010477299186,0.9776536312849162,0.8888888888888888,2148,0.9384045775833053,0.9942938659058488,0.9655411255411256,2804,0.6792347654882647,0.6273531073699544,0.7285840718099597,0.888888888888889,0.816326092668827,0.9429909031435637,0.0,0.0,0.0,0.0,0.0,0.0,,
YAW90_LEFT,Bus A to Bus B,Bus A,Bus B,A,ZSCORE,INDUCTIVE_FIXED_TEST,18,True,18,54,7059,12,6262,104.36666666666666,197.27287666666666,0.8324125230202578,0.7682454515645245,0.7018217377627902,0.8990825688073395,0.9655411255411256,0.6139152751700118,0.7807260701806099,0.225531914893617,0.6570247933884298,0.3357972544878564,242,0.9739336492890995,0.4407506702412869,0.6068660022148394,1865,0.8298542733359591,0.9809124767225326,0.8990825688073395,2148,0.9384045775833053,0.9942938659058488,0.9655411255411256,2804,0.7018217377627902,0.6545376377184869,0.7557567495893147,0.8990825688073395,0.8341881407675389,0.9427732451230191,0.022586972274525552,-0.013183151301575779,0.07433848813704808,0.010193679918450549,-0.036967439907089054,0.05216469937763893,,
YAW90_LEFT,Bus A to Bus B,Bus A,Bus B,A,QUANTILE,INDUCTIVE_FIXED_TEST,18,True,18,54,7059,12,6262,104.36666666666666,197.27287666666666,0.6346508003966568,0.6550379052611495,0.5549032450558575,0.5134217834001852,0.9385307346326837,0.4270274151969155,0.5383106603935885,0.09377901578458682,0.8347107438016529,0.1686143572621035,242,0.7359375,0.5050938337801608,0.5990461049284579,1865,0.7612076852698993,0.38733705772811916,0.5134217834001852,2148,0.9889415481832543,0.8930099857346647,0.9385307346326837,2804,0.5549032450558575,0.48634996789934226,0.6316845402780709,0.5134217834001852,0.29261273478821137,0.6922744928787224,-0.12433152043240714,-0.19776295402225022,-0.04033461915377118,-0.37546710548870377,-0.588738346172757,-0.17903711095931527,,
YAW90_LEFT,Bus A to Bus B,Bus A,Bus B,A,CORAL,INDUCTIVE_FIXED_TEST,18,True,18,54,7059,12,6262,104.36666666666666,197.27287666666666,0.7220569485762856,0.6806212457296897,0.5976581690837975,0.687960687960688,0.9673684210526315,0.47442141842751956,0.6337791766345537,0.14347826086956522,0.6818181818181818,0.23706896551724138,242,0.9283625730994152,0.34048257372654156,0.49823460180462925,1865,0.6612279948475741,0.7169459962756052,0.687960687960688,2148,0.9520027624309392,0.9832382310984308,0.9673684210526315,2804,0.5976581690837975,0.544997041792302,0.6693922480497392,0.687960687960688,0.6203635835202452,0.7581523029360856,-0.08157659640446713,-0.14400161159703254,-0.0019368475082820306,-0.20092820092820096,-0.28756629379941734,-0.11081419772047578,,
YAW90_LEFT,Bus A to Bus B,Bus A,Bus B,A,CAUSAL,INDUCTIVE_FIXED_TEST,18,False,0,54,7059,12,0,0.0,0.0,0.6632667516645417,0.6558111306101229,0.5585657609752696,0.5272784610532955,0.9677195418257549,0.4221811673584411,0.5460508410064799,0.10269082921471719,0.7727272727272727,0.18128938439166262,242,0.6929196499602227,0.4670241286863271,0.5579756566303652,1865,0.8172043010752689,0.3891992551210428,0.5272784610532955,2148,0.9425287356321839,0.9942938659058488,0.9677195418257549,2804,0.5585657609752696,0.47502000996851307,0.6416296742519385,0.5272784610532955,0.25220096823410243,0.7369339509623826,-0.12066900451299511,-0.2146558952081358,-0.031970226758286834,-0.3616104278355935,-0.6237307020360772,-0.16707391087428014,254.0,12.0
YAW90_LEFT,Bus A to Bus B,Bus A,Bus B,M,RAW,INDUCTIVE_FIXED_TEST,18,False,0,41,7059,12,0,0.0,0.0,0.6563252585352033,0.571642553001207,0.5014022732095436,0.2608695652173913,0.9630697171680779,0.34751312522336547,0.40518919001268267,0.10585305105853052,0.3512396694214876,0.16267942583732056,242,0.4940837863767189,0.8284182305630027,0.6189903846153846,1865,0.8638743455497382,0.15363128491620112,0.2608695652173913,2148,0.9730615216599927,0.953281027104137,0.9630697171680779,2804,0.5014022732095436,0.40183684259940167,0.591804352534199,0.2608695652173913,0.0,0.5943828385515616,0.0,0.0,0.0,0.0,0.0,0.0,,
YAW90_LEFT,Bus A to Bus B,Bus A,Bus B,M,ZSCORE,INDUCTIVE_FIXED_TEST,18,True,18,41,7059,12,6262,104.36666666666666,197.27287666666666,0.4999291684374557,0.38060906574882225,0.3362374609837794,0.016302016302016303,0.8411741053478086,0.16792524619576968,0.20826328311107414,0.0028129395218002813,0.008264462809917356,0.004197271773347324,242,0.3544430538172716,0.7592493297587132,0.4832764505119454,1865,0.10382513661202186,0.008845437616387336,0.016302016302016303,2148,0.9640552995391705,0.746077032810271,0.8411741053478086,2804,0.3362374609837794,0.2975717405686826,0.35550272365871377,0.0163020163020163,0.0,0.05602241424988839,-0.16516481222576418,-0.27955166618169525,-0.0630038461239247,-0.244567548915375,-0.5906106361118287,0.05121293800539084,,
YAW90_LEFT,Bus A to Bus B,Bus A,Bus B,M,QUANTILE,INDUCTIVE_FIXED_TEST,18,True,18,41,7059,12,6262,104.36666666666666,197.27287666666666,0.5869103272418189,0.5006822433793948,0.4052913701241212,0.0,0.9515227969003424,0.2232142278653808,0.24317482207447272,0.08700980392156862,0.29338842975206614,0.1342155009451796,242,0.41102181400688864,0.767828418230563,0.5354271826509628,1865,0.0,0.0,0.0,2148,0.9617486338797814,0.9415121255349501,0.9515227969003424,2804,0.4052913701241212,0.34992593827523666,0.5441573230537713,0.0,0.0,0.0,-0.09611090308542236,-0.20253596939222987,0.058970356083899306,-0.2608695652173913,-0.5983816616289842,0.0,,
YAW90_LEFT,Bus A to Bus B,Bus A,Bus B,M,CORAL,INDUCTIVE_FIXED_TEST,18,True,18,41,7059,12,6262,104.36666666666666,197.27287666666666,0.6421589460263494,0.47867371704372363,0.43304442190780823,0.22777369581190302,0.9627296587926509,0.2564826762795273,0.35093613146944613,0.0,0.0,0.0,242,0.4123249299719888,0.7892761394101877,0.5416743330266789,1865,0.5400696864111498,0.14432029795158285,0.22777369581190302,2148,0.9450360700790107,0.9810984308131241,0.9627296587926509,2804,0.43304442190780823,0.3664537001689313,0.4818623344104656,0.227773695811903,0.0,0.47304772739627093,-0.06835785130173533,-0.1368859588209919,-0.018041778604639194,-0.03309586940548831,-0.1094115095663061,0.0,,
YAW90_LEFT,Bus A to Bus B,Bus A,Bus B,M,CAUSAL,INDUCTIVE_FIXED_TEST,18,False,0,41,7059,12,0,0.0,0.0,0.6594418472871512,0.6074328135154482,0.5239378245551727,0.2906047926968429,0.9639671780235461,0.37726137339904825,0.43060461181184073,0.16445623342175067,0.512396694214876,0.24899598393574296,242,0.47882197220383854,0.7758713136729223,0.592183343564559,1865,0.7941787941787942,0.17783985102420857,0.2906047926968429,2148,0.9643112062812277,0.963623395149786,0.9639671780235461,2804,0.5239378245551728,0.43041132246534014,0.6493239596842764,0.29060479269684286,0.09660004549579408,0.48388373227217335,0.022535551345629234,-0.11985024140938405,0.20147553439547847,0.029735227479451565,-0.4481795179285358,0.48263579140930735,254.0,12.0
YAW90_LEFT,Bus A to Bus B,Bus A,Bus B,G,RAW,INDUCTIVE_FIXED_TEST,18,False,0,42,7059,12,0,0.0,0.0,0.6730415072956509,0.5830131034935405,0.5317059738229852,0.10218978102189781,0.9925426136363636,0.3780937605518591,0.3598994967025503,0.5655172413793104,0.33884297520661155,0.42377260981912146,242,0.4494238156209987,0.9410187667560321,0.608318890814558,1865,0.6574585635359116,0.05540037243947858,0.10218978102189781,2148,0.9883309759547383,0.9967902995720399,0.9925426136363636,2804,0.5317059738229852,0.4505377662405766,0.5854938525763141,0.1021897810218978,0.0,0.2381349026406298,0.0,0.0,0.0,0.0,0.0,0.0,,
YAW90_LEFT,Bus A to Bus B,Bus A,Bus B,G,ZSCORE,INDUCTIVE_FIXED_TEST,18,True,18,42,7059,12,6262,104.36666666666666,197.27287666666666,0.644142229777589,0.49155279389338846,0.40210517414025226,0.0,0.9772523732760164,0.21038944109499758,0.24126310448415134,0.625,0.02066115702479339,0.04,242,0.424625468164794,0.9726541554959786,0.5911683232849927,1865,0.0,0.0,0.0,2148,0.9816480748470673,0.9728958630527818,0.9772523732760164,2804,0.4021051741402523,0.37712144538661796,0.41844003606634395,0.0,0.0,0.0,-0.12960079968273291,-0.19099272237839446,-0.0600564499573112,-0.1021897810218978,-0.22907497481358657,0.0,,
YAW90_LEFT,Bus A to Bus B,Bus A,Bus B,G,QUANTILE,INDUCTIVE_FIXED_TEST,18,True,18,42,7059,12,6262,104.36666666666666,197.27287666666666,0.5038957359399349,0.4426880103169233,0.394409033253836,0.18539727988546886,0.9821331889550623,0.1985009813534273,0.31080433190648915,0.03723788864786696,0.4256198347107438,0.06848404255319149,242,0.5208791208791209,0.2541554959785523,0.34162162162162163,1865,0.40092879256965946,0.12057728119180633,0.18539727988546886,2148,0.9941541834124954,0.9703994293865906,0.9821331889550623,2804,0.394409033253836,0.3130132489248806,0.48793517939229725,0.18539727988546886,0.0,0.43485847948921363,-0.1372969405691492,-0.24255892911888344,-0.03452196805179681,0.08320749886357107,-0.17677353196796508,0.36587721774275145,,
YAW90_LEFT,Bus A to Bus B,Bus A,Bus B,G,CORAL,INDUCTIVE_FIXED_TEST,18,True,18,42,7059,12,6262,104.36666666666666,197.27287666666666,0.6261510128913443,0.4673851124207853,0.3777351791688111,0.0,0.9562532166752444,0.18489583333333334,0.22664110750128666,0.0,0.0,0.0,242,0.4059159830971911,0.8756032171581769,0.5546875,1865,0.0,0.0,0.0,2148,0.9213223140495868,0.9939372325249644,0.9562532166752444,2804,0.37773517916881105,0.35800757140946476,0.39153126970925395,0.0,0.0,0.0,-0.15397079465417418,-0.21153835617682065,-0.07333332969831927,-0.1021897810218978,-0.22908572253917817,0.0,,
YAW90_LEFT,Bus A to Bus B,Bus A,Bus B,G,CAUSAL,INDUCTIVE_FIXED_TEST,18,False,0,42,7059,12,0,0.0,0.0,0.685649525428531,0.644595765079589,0.5422374538819708,0.2086677367576244,0.9927188776416267,0.39207697929541885,0.4088095670322322,0.22838499184339314,0.5785123966942148,0.32748538011695905,242,0.5022900763358779,0.8820375335120644,0.6400778210116731,1865,0.7558139534883721,0.12104283054003724,0.2086677367576244,2148,0.9886805801202688,0.9967902995720399,0.9927188776416267,2804,0.5422374538819709,0.4537226583110833,0.6851249267778343,0.20866773675762437,0.0,0.4411467116357505,0.010531480058985632,-0.07220189322574906,0.14302630044557743,0.10647795573572658,0.0,0.23934002172119198,254.0,12.0
YAW90_LEFT,Bus A to Bus B,Bus A,Bus B,A+M,RAW,INDUCTIVE_FIXED_TEST,18,False,0,95,7059,12,0,0.0,0.0,0.9048023799405015,0.855039026960037,0.8386941651120259,0.933741526350317,0.9638970461219555,0.7969598714420494,0.8767131096073424,0.5901639344262295,0.743801652892562,0.6581352833638026,242,0.9538690476190477,0.6873994638069705,0.7990028046120287,1865,0.8804123711340206,0.9939478584729982,0.933741526350317,2148,0.9346733668341709,0.9950071326676176,0.9638970461219555,2804,0.8386941651120259,0.7526300974713017,0.9003706082003022,0.933741526350317,0.8973205533510155,0.9714290100443,0.0,0.0,0.0,0.0,0.0,0.0,,
YAW90_LEFT,Bus A to Bus B,Bus A,Bus B,A+M,ZSCORE,INDUCTIVE_FIXED_TEST,18,True,18,95,7059,12,6262,104.36666666666666,197.27287666666666,0.775747272984842,0.6262843707263281,0.6376900927095224,0.6207100591715976,0.9678986638903349,0.5276205689825848,0.6308980792943525,0.9302325581395349,0.1652892561983471,0.2807017543859649,242,0.5656637168141593,0.8568364611260053,0.6814498933901919,1865,0.851461038961039,0.4883612662942272,0.6207100591715976,2148,0.942548158161541,0.9946504992867332,0.9678986638903349,2804,0.6376900927095224,0.49548665390286484,0.7493759438345213,0.6207100591715976,0.1954085671995555,0.8217492469652952,-0.2010040724025035,-0.35969756606653935,-0.05279161084428385,-0.31303146717871944,-0.7521195752259107,-0.1124224979946534,,
YAW90_LEFT,Bus A to Bus B,Bus A,Bus B,A+M,QUANTILE,INDUCTIVE_FIXED_TEST,18,True,18,95,7059,12,6262,104.36666666666666,197.27287666666666,0.7580393823487747,0.6934349433523621,0.6433128384238067,0.6538578835010674,0.948013367991088,0.541745995234713,0.6475308564547111,0.17681159420289855,0.5041322314049587,0.26180257510729615,242,0.6039156626506024,0.8600536193029491,0.7095775270957753,1865,0.9478337754199824,0.49906890130353815,0.6538578835010674,2148,0.9887683965917893,0.9104850213980028,0.948013367991088,2804,0.6433128384238067,0.5252843906937121,0.8067626021982867,0.6538578835010674,0.30516227599560924,0.8522416716199827,-0.19538132668821917,-0.32350842760969045,-0.04426106025222113,-0.2798836428492496,-0.6167921727774749,-0.09176498436871516,,
YAW90_LEFT,Bus A to Bus B,Bus A,Bus B,A+M,CORAL,INDUCTIVE_FIXED_TEST,18,True,18,95,7059,12,6262,104.36666666666666,197.27287666666666,0.6512253860320159,0.5451526368824811,0.522798043774821,0.35662491760052734,0.9642791720095255,0.3756376676965862,0.4563287933051035,0.2150170648464164,0.2603305785123967,0.23551401869158878,242,0.422015503875969,0.7297587131367292,0.5347740667976424,1865,0.6106094808126411,0.25186219739292365,0.35662491760052734,2148,0.9913370998116761,0.9386590584878745,0.9642791720095255,2804,0.5227980437748211,0.4205505561748429,0.5864767034138415,0.35662491760052734,0.0,0.6429690893202963,-0.3158961213372048,-0.4590646497322602,-0.1860618459198768,-0.5771166087497897,-0.955553512914147,-0.2608656670977854,,
YAW90_LEFT,Bus A to Bus B,Bus A,Bus B,A+M,CAUSAL,INDUCTIVE_FIXED_TEST,18,False,0,95,7059,12,0,0.0,0.0,0.6598668366624167,0.686880357304508,0.5538598729709139,0.39875604699378026,0.9677083333333333,0.41591038618344073,0.4918183425800604,0.2,0.9090909090909091,0.32786885245901637,242,0.47585290208241027,0.5758713136729222,0.5211062590975255,1865,0.7734584450402144,0.2686219739292365,0.39875604699378026,2148,0.9428281461434371,0.9939372325249644,0.9677083333333333,2804,0.5538598729709139,0.47874657409452503,0.6539075804006012,0.3987560469937802,0.15987877433445777,0.5844769068638361,-0.284834292141112,-0.3540839755519986,-0.20052753976525317,-0.5349854793565368,-0.7592006016463888,-0.3633110248903118,254.0,12.0
YAW90_LEFT,Bus A to Bus B,Bus A,Bus B,A+G,RAW,INDUCTIVE_FIXED_TEST,18,False,0,96,7059,12,0,0.0,0.0,0.8655616942909761,0.7621314085436137,0.7449528058742428,0.8438877290651821,0.9876325088339223,0.6640595715543497,0.7845267751506185,0.3010752688172043,0.4628099173553719,0.36482084690553745,242,0.829736211031175,0.7420911528150134,0.7834701386923295,1865,0.8409616273693944,0.8468342644320298,0.8438877290651821,2148,0.978641456582633,0.9967902995720399,0.9876325088339223,2804,0.7449528058742428,0.6698213640703772,0.8130658014827601,0.8438877290651822,0.6847579046912049,0.934814177543133,0.0,0.0,0.0,0.0,0.0,0.0,,
YAW90_LEFT,Bus A to Bus B,Bus A,Bus B,A+G,ZSCORE,INDUCTIVE_FIXED_TEST,18,True,18,96,7059,12,6262,104.36666666666666,197.27287666666666,0.9273268168295793,0.8198321042848069,0.857129927547009,0.9230769230769231,0.9790971368347093,0.8164741911177756,0.8835087257589747,0.9915254237288136,0.4834710743801653,0.65,242,0.9580152671755725,0.8075067024128686,0.8763456502764039,1865,0.8612903225806452,0.994413407821229,0.9230769230769231,2148,0.9646936656282451,0.9939372325249644,0.9790971368347093,2804,0.857129927547009,0.7669477853428962,0.9226863725196944,0.923076923076923,0.8681450157980964,0.9617465722190133,0.11217712167276617,0.04893677019910484,0.18247554202707586,0.07918919401174085,0.009947303551886083,0.20988568797449078,,
YAW90_LEFT,Bus A to Bus B,Bus A,Bus B,A+G,QUANTILE,INDUCTIVE_FIXED_TEST,18,True,18,96,7059,12,6262,104.36666666666666,197.27287666666666,0.7501062473438164,0.6585940819213156,0.6279986129713703,0.7827569410618607,0.9646196150320807,0.5157916122844668,0.6899019442075665,0.083596214511041,0.4380165289256198,0.1403973509933775,242,0.8045685279187818,0.5099195710455764,0.6242205447981621,1865,0.8207354443309499,0.7481378026070763,0.7827569410618607,2148,0.99245567710298,0.93830242510699,0.9646196150320807,2804,0.6279986129713703,0.5385102351888433,0.7146179821607094,0.7827569410618607,0.48471687770955263,0.9346433513485287,-0.11695419290287257,-0.17300007693291664,-0.06260749580690947,-0.0611307880033215,-0.2193353300202815,0.010395913215022937,,
YAW90_LEFT,Bus A to Bus B,Bus A,Bus B,A+G,CORAL,INDUCTIVE_FIXED_TEST,18,True,18,96,7059,12,6262,104.36666666666666,197.27287666666666,0.5486612834679133,0.5483054634799714,0.4422271558156504,0.35887230514096186,0.9664872373675986,0.2674737952983343,0.408885215545775,0.06388206388206388,0.7520661157024794,0.11776124231640246,242,0.9458762886597938,0.1967828418230563,0.3257878384376387,1865,0.6239907727797002,0.25186219739292365,0.35887230514096186,2148,0.9417935702199661,0.9925106990014265,0.9664872373675986,2804,0.44222715581565036,0.3240365044547374,0.5661332419695855,0.35887230514096186,0.0,0.6489657936086602,-0.3027256500585925,-0.4659212519249724,-0.11713989790459854,-0.4850154239242203,-0.9235579188256604,-0.036127938935389084,,
YAW90_LEFT,Bus A to Bus B,Bus A,Bus B,A+G,CAUSAL,INDUCTIVE_FIXED_TEST,18,False,0,96,7059,12,0,0.0,0.0,0.7321150304575719,0.7362273591870871,0.6311826170290503,0.616580310880829,0.9878113407525172,0.5123063757878947,0.6253416945697619,0.13227848101265824,0.8636363636363636,0.22941822173435786,242,0.8425925925925926,0.5855227882037534,0.6909205947484973,1865,0.8076923076923077,0.49860335195530725,0.616580310880829,2148,0.9786489324466223,0.9971469329529244,0.9878113407525172,2804,0.6311826170290503,0.5734176467689804,0.7048282018362727,0.616580310880829,0.41992371621967867,0.7995251911608225,-0.11377018884519252,-0.1804833141152611,-0.03033097246722616,-0.22730741818435318,-0.34404798513603513,-0.09795733684845888,254.0,12.0
YAW90_LEFT,Bus A to Bus B,Bus A,Bus B,M+G,RAW,INDUCTIVE_FIXED_TEST,18,False,0,83,7059,12,0,0.0,0.0,0.6349341266468338,0.5301316803944139,0.4315740172183211,0.0,0.9948407756626935,0.243818431070197,0.25894441033099264,0.09077380952380952,0.25206611570247933,0.13347921225382933,242,0.45518207282913165,0.871313672922252,0.5979760809567617,1865,0.0,0.0,0.0,2148,0.9925452609158679,0.9971469329529244,0.9948407756626935,2804,0.4315740172183211,0.38358541396438756,0.5507179624426781,0.0,0.0,0.0,0.0,0.0,0.0,0.0,0.0,0.0,,
YAW90_LEFT,Bus A to Bus B,Bus A,Bus B,M+G,ZSCORE,INDUCTIVE_FIXED_TEST,18,True,18,83,7059,12,6262,104.36666666666666,197.27287666666666,0.6352174528970109,0.48400555192194206,0.39858113617971846,0.0,0.9742759489116748,0.20668286526906632,0.23914868170783107,0.018656716417910446,0.02066115702479339,0.0196078431372549,242,0.43901834407535945,0.9495978552278821,0.600440752669944,1865,0.0,0.0,0.0,2148,0.9829401088929219,0.9657631954350927,0.9742759489116748,2804,0.39858113617971846,0.37677506414821604,0.4132640802713134,0.0,0.0,0.0,-0.03299288103860265,-0.15464934900958818,0.009079561023883534,0.0,0.0,0.0,,
YAW90_LEFT,Bus A to Bus B,Bus A,Bus B,M+G,QUANTILE,INDUCTIVE_FIXED_TEST,18,True,18,83,7059,12,6262,104.36666666666666,197.27287666666666,0.6285592860178496,0.5064735908291718,0.4227888412841345,0.0,0.9806264711207677,0.23684296467192345,0.2536733047704807,0.10192837465564739,0.15289256198347106,0.12231404958677686,242,0.4351851851851852,0.9072386058981233,0.5882148444289935,1865,0.0,0.0,0.0,2148,0.9959543949981611,0.9657631954350927,0.9806264711207677,2804,0.4227888412841345,0.3825719943797098,0.4586286878441807,0.0,0.0,0.0,-0.008785175934186595,-0.13175802253103525,0.03193190299632868,0.0,0.0,0.0,,
YAW90_LEFT,Bus A to Bus B,Bus A,Bus B,M+G,CORAL,INDUCTIVE_FIXED_TEST,18,True,18,83,7059,12,6262,104.36666666666666,197.27287666666666,0.6163762572602351,0.462855280192165,0.38360509271702237,0.0,0.9749430523917996,0.18649243949209668,0.23016305563021341,0.026737967914438502,0.02066115702479339,0.023310023310023312,242,0.3940539178634417,0.8386058981233244,0.5361672951662667,1865,0.0,0.0,0.0,2148,0.9583189803651395,0.9921540656205421,0.9749430523917996,2804,0.38360509271702237,0.3512636581366052,0.4100733167311104,0.0,0.0,0.0,-0.04796892450129875,-0.15771563822857806,-0.016257767210554917,0.0,0.0,0.0,,
YAW90_LEFT,Bus A to Bus B,Bus A,Bus B,M+G,CAUSAL,INDUCTIVE_FIXED_TEST,18,False,0,83,7059,12,0,0.0,0.0,0.755772772347358,0.6942447351849708,0.6339593194966543,0.544344473007712,0.9927214628084502,0.5143719383927223,0.5981133809010775,0.2128,0.5495867768595041,0.30680507497116494,242,0.5903067020068156,0.8359249329758713,0.6919662671992899,1865,0.8786307053941909,0.39432029795158285,0.544344473007712,2148,0.9883351007423118,0.9971469329529244,0.9927214628084502,2804,0.6339593194966543,0.526912766431001,0.7632786090934764,0.544344473007712,0.28581201304534837,0.7639324069810252,0.20238530227833318,0.11423403407880763,0.2946927575119548,0.544344473007712,0.28581201304534837,0.7639324069810252,254.0,12.0
YAW90_LEFT,Bus A to Bus B,Bus A,Bus B,A+M+G,RAW,INDUCTIVE_FIXED_TEST,18,False,0,137,7059,12,0,0.0,0.0,0.9090522736931577,0.8709025158783147,0.8345919856210803,0.895040924410207,0.9874580462815757,0.7836366320675818,0.8587715611367309,0.48704663212435234,0.7768595041322314,0.5987261146496815,242,0.8701657458563536,0.8445040214477212,0.8571428571428571,1865,0.9267198404785643,0.8654562383612663,0.895040924410207,2148,0.9782989149457473,0.9967902995720399,0.9874580462815757,2804,0.8345919856210803,0.7208473322575197,0.9260351772010155,0.895040924410207,0.7597717254867618,0.9677128724443759,0.0,0.0,0.0,0.0,0.0,0.0,,
YAW90_LEFT,Bus A to Bus B,Bus A,Bus B,A+M+G,ZSCORE,INDUCTIVE_FIXED_TEST,18,True,18,137,7059,12,6262,104.36666666666666,197.27287666666666,0.8277376398923361,0.671795122223406,0.6884678918518641,0.7348260048556784,0.9791044776119403,0.5915890299318387,0.7070111370533898,0.9767441860465116,0.17355371900826447,0.29473684210526313,242,0.6434138737334373,0.885254691689008,0.7452042428345745,1865,0.8736369467607441,0.6340782122905028,0.7348260048556784,2148,0.9643721895537876,0.9942938659058488,0.9791044776119403,2804,0.6884678918518641,0.5600049171878119,0.7987381694696621,0.7348260048556785,0.3563406291186941,0.9113874383027202,-0.1461240937692162,-0.2816685022748439,-0.008232672024009534,-0.1602149195545285,-0.46242361225755485,-0.04404018001788437,,
YAW90_LEFT,Bus A to Bus B,Bus A,Bus B,A+M+G,QUANTILE,INDUCTIVE_FIXED_TEST,18,True,18,137,7059,12,6262,104.36666666666666,197.27287666666666,0.8305709023941068,0.7018567579211721,0.6891927778441134,0.8277886497064579,0.9642398679625894,0.597510414471288,0.7446311265890512,0.09329829172141918,0.29338842975206614,0.1415752741774676,242,0.8607372732592159,0.788739946380697,0.8231673195299385,1865,0.8721649484536083,0.7877094972067039,0.8277886497064579,2148,0.9924499811249529,0.9375891583452212,0.9642398679625894,2804,0.6891927778441134,0.583581718016633,0.8240275318565798,0.8277886497064579,0.5561290649668374,0.9502242166271251,-0.1453992077769669,-0.2234778828028045,-0.04262368355640352,-0.06725227470374906,-0.2190800924430711,0.0010051106149690109,,
YAW90_LEFT,Bus A to Bus B,Bus A,Bus B,A+M+G,CORAL,INDUCTIVE_FIXED_TEST,18,True,18,137,7059,12,6262,104.36666666666666,197.27287666666666,0.651508712282193,0.516945096933827,0.49517631927217776,0.37578726382085376,0.9540844550986539,0.34220694066335233,0.4474206970916481,0.08841463414634146,0.11983471074380166,0.10175438596491228,242,0.42504409171075835,0.7753351206434317,0.5490791722042909,1865,0.7563380281690141,0.25,0.37578726382085376,2148,0.9877815960290187,0.9226105563480742,0.9540844550986539,2804,0.49517631927217765,0.40403527150259816,0.5676377236799807,0.3757872638208537,0.0,0.7136360009546922,-0.33941566634890263,-0.5048417906191136,-0.18908399376184032,-0.5192536605893533,-0.9688927249641189,-0.05065148241818456,,
YAW90_LEFT,Bus A to Bus B,Bus A,Bus B,A+M+G,CAUSAL,INDUCTIVE_FIXED_TEST,18,False,0,137,7059,12,0,0.0,0.0,0.7655475279784673,0.7489516192995849,0.6697895779016739,0.5805680119581464,0.9886845827439887,0.5634912429542357,0.6341009515242629,0.294770206022187,0.768595041322314,0.4261168384879725,242,0.6099201345102985,0.7780160857908848,0.6837888784165881,1865,0.8111946532999165,0.452048417132216,0.5805680119581464,2148,0.9803646563814866,0.9971469329529244,0.9886845827439887,2804,0.6697895779016739,0.5969727403191335,0.7533634323750497,0.5805680119581464,0.3530973816824705,0.7622456657465386,-0.16480240771940635,-0.23574783164612276,-0.09650772150828042,-0.31447291245206055,-0.4872506956371335,-0.1750027370262545,254.0,12.0
YAW90_LEFT,Bus B to Bus A,Bus B,Bus A,A,RAW,INDUCTIVE_FIXED_TEST,18,False,0,54,98280,236,0,0.0,0.0,0.7251729751729752,0.5728906012130988,0.5423865501599675,0.03622271433090794,0.9957004051324297,0.3912819318358134,0.33992101582834366,0.41012239497188224,0.6243327626145634,0.4950487142628973,19858,0.6318834275772075,0.6536332958380202,0.6425743669136349,22225,0.2796092796092796,0.019365750528541226,0.03622271433090794,11825,0.9971745665785131,0.9942305958712702,0.9957004051324297,44372,0.5423865501599675,0.5252294424665875,0.5588748866359705,0.036222714330907936,0.015462804851781435,0.06210068314131387,0.0,0.0,0.0,0.0,0.0,0.0,,
YAW90_LEFT,Bus B to Bus A,Bus B,Bus A,A,ZSCORE,INDUCTIVE_FIXED_TEST,18,True,18,54,98280,236,1599,26.65,226.04062027777778,0.6742673992673993,0.4981103377504318,0.41308507712670994,0.0,0.9887266720242879,0.221204545494184,0.24785104627602594,0.6723796967699407,0.05136468929398731,0.09543859649122807,19858,0.4065889292019945,0.9429021372328459,0.5681750399913239,22225,0.0,0.0,0.0,11825,0.9794559929234852,0.9981745244748941,0.9887266720242879,44372,0.41308507712670994,0.39335973372067184,0.4347406805551822,0.0,0.0,0.0,-0.12930147303325756,-0.15106711416666652,-0.10637388811349859,-0.036222714330907936,-0.06131266307573006,-0.014728059390823172,,
YAW90_LEFT,Bus B to Bus A,Bus B,Bus A,A,QUANTILE,INDUCTIVE_FIXED_TEST,18,True,18,54,98280,236,1599,26.65,226.04062027777778,0.6788665038665038,0.5185257735387776,0.48639219551423496,0.0015183466891606917,0.9050096928884808,0.3468530297228197,0.2924426559842052,0.4089923283591752,0.6362674992446369,0.4979212232271285,19858,0.7088709089583789,0.437570303712036,0.5411195192521701,22225,0.3,0.0007610993657505285,0.0015183466891606917,11825,0.8268391811775234,0.9995041918326872,0.9050096928884808,44372,0.48639219551423496,0.47054425426871443,0.5005802891911995,0.0015183466891606917,0.0,0.0036232349305250445,-0.05599435464573255,-0.06802600928922771,-0.04381551377744102,-0.034704367641747245,-0.059010340157399165,-0.013764383721096321,,
YAW90_LEFT,Bus B to Bus A,Bus B,Bus A,A,CORAL,INDUCTIVE_FIXED_TEST,18,True,18,54,98280,236,1599,26.65,226.04062027777778,0.6932844932844933,0.5395359822134532,0.500584234505303,0.1507920320891971,0.9830527752502275,0.3397613875903281,0.36066735353886065,0.511165538106901,0.17866854668143822,0.26478599947759246,19858,0.4512436813859755,0.9117660292463442,0.6037061312041947,22225,0.3845353675450763,0.09378435517970402,0.1507920320891971,11825,0.9923532653623588,0.9739249977463265,0.9830527752502275,44372,0.5005842345053029,0.47874448375499284,0.5223507889714454,0.1507920320891971,0.10478097415757388,0.19910542289229188,-0.041802315654664635,-0.06756403467469242,-0.015078430026310005,0.11456931775828916,0.06040289657169291,0.17104495096915068,,
YAW90_LEFT,Bus B to Bus A,Bus B,Bus A,A,CAUSAL,INDUCTIVE_FIXED_TEST,18,False,0,54,98280,236,0,0.0,0.0,0.7334249084249084,0.5827823523945334,0.5550831377495307,0.07488782299241838,0.9956661098821724,0.40822214703865006,0.36300501184668577,0.4297421158924965,0.5572061637627153,0.4852431697583651,19858,0.6037721975072613,0.7388976377952756,0.6645354483651668,22225,0.4396003633060854,0.04093023255813953,0.07488782299241838,11825,0.9972418158799059,0.9940953754620031,0.9956661098821724,44372,0.5550831377495307,0.5375628474178111,0.5733012757065675,0.07488782299241838,0.04492506544245388,0.10632429418030483,0.012696587589563157,0.0007394768593847828,0.02425442238610872,0.03866510866151044,0.007833869368131288,0.0704540835363822,30.0,236.0
YAW90_LEFT,Bus B to Bus A,Bus B,Bus A,M,RAW,INDUCTIVE_FIXED_TEST,18,False,0,41,98280,236,0,0.0,0.0,0.5002747252747253,0.40092511936998754,0.3799934952547967,0.021302154240410025,0.7845408025855104,0.24514439281122546,0.236516958849042,0.2648496571127132,0.3792426226206063,0.31188785124138074,19858,0.3148746659880392,0.5567154105736782,0.40224317295188555,22225,0.20090634441087613,0.011247357293868922,0.021302154240410025,11825,0.9746386509635975,0.6564950869917966,0.7845408025855104,44372,0.3799934952547967,0.3616760209443948,0.3984587335642397,0.02130215424041003,0.0076127296996365505,0.03898407552455251,0.0,0.0,0.0,0.0,0.0,0.0,,
YAW90_LEFT,Bus B to Bus A,Bus B,Bus A,M,ZSCORE,INDUCTIVE_FIXED_TEST,18,True,18,41,98280,236,1599,26.65,226.04062027777778,0.39182946682946684,0.3425008311461004,0.301769660506511,0.0008411843876177658,0.6016435652723601,0.20181169225122797,0.1813982700589537,0.22573849839998714,0.7069191257931312,0.34220244987506854,19858,0.3187930257993952,0.22294713160854893,0.26239144249099766,22225,0.07936507936507936,0.00042283298097251583,0.0008411843876177658,11825,0.9523600331917802,0.4397142342017489,0.6016435652723601,44372,0.301769660506511,0.2759410229891068,0.3285126662509386,0.0008411843876177658,0.0,0.0021664169564434405,-0.0782238347482857,-0.10232210960029271,-0.054839406716829665,-0.020460969852792263,-0.03848084485693025,-0.00664564127194105,,
YAW90_LEFT,Bus B to Bus A,Bus B,Bus A,M,QUANTILE,INDUCTIVE_FIXED_TEST,18,True,18,41,98280,236,1599,26.65,226.04062027777778,0.4124236874236874,0.35671227613129014,0.3251357184482319,0.034724337496192505,0.623052225396919,0.2258302161320029,0.20897116606741614,0.2654865432963772,0.6487561687984691,0.3767840430510061,19858,0.2515950403274347,0.28211473565804274,0.26598226784881007,22225,0.17444529456771232,0.019281183932346724,0.034724337496192505,11825,0.899090368103375,0.47669701613630217,0.623052225396919,44372,0.32513571844823186,0.2998479417801016,0.35018000897992535,0.03472433749619251,0.016469048758507594,0.056438490224393775,-0.05485777680656484,-0.07845801938178079,-0.031179103842114905,0.013422183255782483,-0.011819140501332415,0.037615388414575,,
YAW90_LEFT,Bus B to Bus A,Bus B,Bus A,M,CORAL,INDUCTIVE_FIXED_TEST,18,True,18,41,98280,236,1599,26.65,226.04062027777778,0.4393976393976394,0.38273626979017683,0.34520803843863757,0.011111111111111112,0.6398852223816356,0.24698231045763822,0.21156926750762697,0.28888063127062885,0.6655252291268002,0.40288383861478194,19858,0.29168283990260774,0.3719235095613048,0.3269519816470216,22225,0.0743455497382199,0.006004228329809725,0.011111111111111112,11825,0.930886086844257,0.48749211214279276,0.6398852223816356,44372,0.34520803843863757,0.31739986923029007,0.37186693536274673,0.011111111111111112,0.005046310514019857,0.018147490548930105,-0.03478545681615913,-0.05968778611536253,-0.010150903779654805,-0.010191043129298917,-0.02921526092207781,0.005074734545130363,,
YAW90_LEFT,Bus B to Bus A,Bus B,Bus A,M,CAUSAL,INDUCTIVE_FIXED_TEST,18,False,0,41,98280,236,0,0.0,0.0,0.5517297517297517,0.43927844015706174,0.4227106603076244,0.09536784741144415,0.8384549966363302,0.2841292148647225,0.2917735351491523,0.3067925517964857,0.29454124282405075,0.3005420959329959,19858,0.34916207776109087,0.6590326209223847,0.4564777012497273,22225,0.24518388791593695,0.05919661733615222,0.09536784741144415,11825,0.9598093632849961,0.7443432795456594,0.8384549966363302,44372,0.4227106603076244,0.4042247173496616,0.4412933348427863,0.09536784741144415,0.062338866423518664,0.1338892205780229,0.04271716505282769,0.022858631117876435,0.06222776351358602,0.07406569317103412,0.035183225538771914,0.11635436972130894,30.0,236.0
YAW90_LEFT,Bus B to Bus A,Bus B,Bus A,G,RAW,INDUCTIVE_FIXED_TEST,18,False,0,42,98280,236,0,0.0,0.0,0.702971102971103,0.5496294851684743,0.5061521614705713,0.005343129069961597,0.9955902535604203,0.3430061307739549,0.30582854851032737,0.4292255290635993,0.7741967972605499,0.5522666858251312,19858,0.5302186990498678,0.42434195725534307,0.47140857742677195,22225,0.20915032679738563,0.0027061310782241013,0.005343129069961597,11825,0.9939131216028031,0.99727305507978,0.9955902535604203,44372,0.5061521614705713,0.4926700434282634,0.5184841648107009,0.005343129069961596,0.0012348027837255661,0.011082218184345892,0.0,0.0,0.0,0.0,0.0,0.0,,
YAW90_LEFT,Bus B to Bus A,Bus B,Bus A,G,ZSCORE,INDUCTIVE_FIXED_TEST,18,True,18,42,98280,236,1599,26.65,226.04062027777778,0.64002849002849,0.5116186499929396,0.4544513117199279,0.02692856011405037,0.9363031694558194,0.2938340258079641,0.2834422110775769,0.36728202443983654,0.9187229328230436,0.5247731227797673,19858,0.6418532014575742,0.22191226096737907,0.32980039453007454,22225,0.21223470661672908,0.01437632135306554,0.02692856011405037,11825,0.9858930262698768,0.8914630848282701,0.9363031694558194,44372,0.4544513117199279,0.43506878713907116,0.4731861851726351,0.02692856011405037,0.0049071714344684336,0.06099029422035487,-0.051700849750643374,-0.06601609123604006,-0.0361823148322678,0.021585431044088776,-0.001867047912033359,0.05603514180531347,,
YAW90_LEFT,Bus B to Bus A,Bus B,Bus A,G,QUANTILE,INDUCTIVE_FIXED_TEST,18,True,18,42,98280,236,1599,26.65,226.04062027777778,0.6213980463980464,0.450805815720302,0.4213575921578372,0.1188020994133992,0.8775859510264655,0.2692814725349611,0.300335395060062,0.41180371352785144,0.12508812569241615,0.19188876013904982,19858,0.42578989574979953,0.5972553430821147,0.49715355805243444,22225,0.22013729977116706,0.08135306553911205,0.1188020994133992,11825,0.7821632012415569,0.9995267285675651,0.8775859510264655,44372,0.4213575921578372,0.40520568003649915,0.43743901685311265,0.1188020994133992,0.0925491166232718,0.14509367701544013,-0.0847945693127341,-0.10907654053965682,-0.060077597229001925,0.1134589703434376,0.08762521474092957,0.13968809575783558,,
YAW90_LEFT,Bus B to Bus A,Bus B,Bus A,G,CORAL,INDUCTIVE_FIXED_TEST,18,True,18,42,98280,236,1599,26.65,226.04062027777778,0.6540903540903541,0.5047520778297053,0.4925747296006183,0.13379864357674326,0.9288215705231496,0.3471591159597746,0.3490642951910683,0.43798703961939134,0.5377681538926378,0.4827757685352622,19858,0.42886607388394904,0.4210123734533183,0.4249029357673183,22225,0.30220107079119574,0.08591966173361522,0.13379864357674326,11825,0.8873927501128946,0.97430812223925,0.9288215705231496,44372,0.4925747296006183,0.47170017634763994,0.5129403559458626,0.1337986435767433,0.07492153700044007,0.19330110586364668,-0.013577431869952972,-0.03607559584121503,0.0074518658605516735,0.1284555145067817,0.06874484724956827,0.18754692275206472,,
YAW90_LEFT,Bus B to Bus A,Bus B,Bus A,G,CAUSAL,INDUCTIVE_FIXED_TEST,18,False,0,42,98280,236,0,0.0,0.0,0.7007326007326007,0.5483028561245662,0.49940496358434855,0.0027013337835556307,0.9954456002249086,0.3340580847041619,0.3007235116640314,0.42877328867490055,0.8251586262463491,0.5643144952991012,19858,0.5297611362169141,0.3692238470191226,0.435158425029829,22225,0.7619047619047619,0.0013530655391120507,0.0027013337835556307,11825,0.9934235629475008,0.9974758856936807,0.9954456002249086,44372,0.4994049635843486,0.4861802997303914,0.5120400495248384,0.0027013337835556307,0.00016934007677537946,0.006380419578186274,-0.006747197886222689,-0.012068328403081639,-0.001487876488620922,-0.002641795286405965,-0.0071827891534521566,0.0018399468958039545,30.0,236.0
YAW90_LEFT,Bus B to Bus A,Bus B,Bus A,A+M,RAW,INDUCTIVE_FIXED_TEST,18,False,0,95,98280,236,0,0.0,0.0,0.7163105413105413,0.564951920786562,0.5317559520478562,0.020323550930818633,0.989643137299485,0.3791268902973133,0.32718299160104114,0.4001126424595812,0.6081679927485144,0.48267455337516485,19858,0.6105447130789396,0.6601574803149606,0.6343825665859564,22225,0.26260504201680673,0.010570824524312896,0.020323550930818633,11825,0.9985317396590883,0.9809113855584602,0.989643137299485,44372,0.5317559520478562,0.5153589671025559,0.5478911075748222,0.020323550930818633,0.003958108067569705,0.04030932168378211,0.0,0.0,0.0,0.0,0.0,0.0,,
YAW90_LEFT,Bus B to Bus A,Bus B,Bus A,A+M,ZSCORE,INDUCTIVE_FIXED_TEST,18,True,18,95,98280,236,1599,26.65,226.04062027777778,0.6732804232804233,0.4978959224974604,0.418842931324369,0.0,0.9893827685354039,0.22866298558735734,0.2513057587946214,0.5634035522511359,0.06868768254607714,0.12244714753804031,19858,0.40493657193431015,0.9263892013498313,0.5635418092240317,22225,0.0,0.0,0.0,11825,0.9823598675879229,0.9965068060939332,0.9893827685354039,44372,0.41884293132436895,0.400222185210791,0.4388624267964987,0.0,0.0,0.0,-0.11291302072348725,-0.13591101726365412,-0.09068125688158532,-0.020323550930818633,-0.041791336728150406,-0.004273382376429987,,
YAW90_LEFT,Bus B to Bus A,Bus B,Bus A,A+M,QUANTILE,INDUCTIVE_FIXED_TEST,18,True,18,95,98280,236,1599,26.65,226.04062027777778,0.6853988603988604,0.5274766825004149,0.492110972647835,0.00016907599966184801,0.9255643110539039,0.34762652651247866,0.29533421398856574,0.40685963161237637,0.6774096082183503,0.5083804160919105,19858,0.6905033509197205,0.4357705286839145,0.5343300874458635,22225,0.25,8.456659619450317e-05,0.00016907599966184801,11825,0.8639498310117804,0.9966420265032002,0.9255643110539039,44372,0.492110972647835,0.47773581366597206,0.5071011676666698,0.000169075999661848,0.0,0.0005630284522537193,-0.03964497940002121,-0.0498552628057388,-0.02999323719550249,-0.020154474931156786,-0.04202683742085854,-0.003719425944433178,,
YAW90_LEFT,Bus B to Bus A,Bus B,Bus A,A+M,CORAL,INDUCTIVE_FIXED_TEST,18,True,18,95,98280,236,1599,26.65,226.04062027777778,0.5821225071225071,0.4653274459251191,0.4585894545830818,0.1317750989233459,0.9046478081220508,0.3099033367367588,0.32786371231918743,0.371356311403651,0.5767448887098399,0.45180378311209296,19858,0.3644278606965174,0.3295838020247469,0.34613112817483754,22225,0.14451508729437884,0.12109936575052854,0.1317750989233459,11825,0.9885386053967405,0.833881727215361,0.9046478081220508,44372,0.45858945458308176,0.4390132335246382,0.4780477578085436,0.1317750989233459,0.1008560849437504,0.16312187623280308,-0.07316649746477444,-0.09856945846963872,-0.04670164376864731,0.11145154799252727,0.07213057419286013,0.14737482058710508,,
YAW90_LEFT,Bus B to Bus A,Bus B,Bus A,A+M,CAUSAL,INDUCTIVE_FIXED_TEST,18,False,0,95,98280,236,0,0.0,0.0,0.7203805453805454,0.568379233442514,0.532760643406968,0.008585816890943614,0.9906208838624699,0.38014056325513407,0.3230907128005583,0.4045695364238411,0.6152684056803304,0.4881537416596748,19858,0.6186918990703851,0.6707761529808773,0.6436821312147838,22225,0.18055555555555555,0.004397463002114165,0.008585816890943614,11825,0.9982835957524716,0.9830749121067339,0.9906208838624699,44372,0.532760643406968,0.5179902743811854,0.5466799045538148,0.008585816890943614,0.0028621448954314144,0.015609546742026716,0.0010046913591118534,-0.007729168373950499,0.009314496851029069,-0.01173773403987502,-0.02931909972752141,0.0019897337133799806,30.0,236.0
YAW90_LEFT,Bus B to Bus A,Bus B,Bus A,A+G,RAW,INDUCTIVE_FIXED_TEST,18,False,0,96,98280,236,0,0.0,0.0,0.7277879527879528,0.5721050699985537,0.5362234713365714,0.008441612182405031,0.9973559558500883,0.3825126431653991,0.3251107276749049,0.41109026474880134,0.5958303958102528,0.48651315789473687,19858,0.6194962196256014,0.6894038245219347,0.6525831594190553,22225,0.19767441860465115,0.004312896405919662,0.008441612182405031,11825,0.9958433504841935,0.9988731632561074,0.9973559558500883,44372,0.5362234713365713,0.5201105382155407,0.5509780909781233,0.008441612182405031,0.0035479344020000786,0.014507351370329663,0.0,0.0,0.0,0.0,0.0,0.0,,
YAW90_LEFT,Bus B to Bus A,Bus B,Bus A,A+G,ZSCORE,INDUCTIVE_FIXED_TEST,18,True,18,96,98280,236,1599,26.65,226.04062027777778,0.6783170533170533,0.5018753582742577,0.40894633501599786,0.0011819333051920641,0.9943818334735072,0.2138011688634948,0.24584057433167553,0.8108108108108109,0.031725249269815695,0.06106130361037073,19858,0.41175018982536066,0.9759730033745782,0.5791602696749215,22225,0.35,0.0005919661733615222,0.0011819333051920641,11825,0.9895989107872241,0.9992112142792752,0.9943818334735072,44372,0.40894633501599786,0.3938729941859825,0.4250223860774549,0.0011819333051920641,0.0,0.0031283743028161217,-0.12727713632057347,-0.1449748954113617,-0.10786913549817984,-0.0072596788772129675,-0.013097747789923663,-0.00192901200287769,,
YAW90_LEFT,Bus B to Bus A,Bus B,Bus A,A+G,QUANTILE,INDUCTIVE_FIXED_TEST,18,True,18,96,98280,236,1599,26.65,226.04062027777778,0.6891229141229142,0.5297618336983677,0.49439718447895226,0.00016903313049357674,0.9481096792118142,0.3431596862346649,0.2967059239395688,0.4078007337323808,0.638130728170007,0.49760464933637005,19858,0.5943076324420479,0.48103487064116984,0.5317053762371313,22225,0.14285714285714285,8.456659619450317e-05,0.00016903313049357674,11825,0.9015037593984963,0.9997971693860993,0.9481096792118142,44372,0.4943971844789523,0.4787446596455118,0.5097313873788518,0.00016903313049357674,0.0,0.0005638290063705104,-0.04182628685761902,-0.05195459595524531,-0.03195045274177756,-0.008272579051911455,-0.014243815873978483,-0.0034987075819455527,,
YAW90_LEFT,Bus B to Bus A,Bus B,Bus A,A+G,CORAL,INDUCTIVE_FIXED_TEST,18,True,18,96,98280,236,1599,26.65,226.04062027777778,0.7074481074481075,0.5501916266201301,0.5191224745480516,0.09844366669148857,0.9929981478971857,0.3611639167650069,0.3508509514054264,0.4809805579036348,0.31518783361869274,0.3808220011560342,19858,0.4721553929141236,0.8388751406074241,0.6042260824474981,22225,0.41209476309226933,0.0558985200845666,0.09844366669148857,11825,0.9952010141253169,0.9908050121698369,0.9929981478971857,44372,0.5191224745480516,0.4985966642487236,0.5379193122118577,0.09844366669148857,0.05803935267183584,0.14315270414869344,-0.01710099678851973,-0.03910577032428037,0.004049477681979045,0.09000205450908354,0.048673122954657415,0.13645310560559448,,
YAW90_LEFT,Bus B to Bus A,Bus B,Bus A,A+G,CAUSAL,INDUCTIVE_FIXED_TEST,18,False,0,96,98280,236,0,0.0,0.0,0.7253764753764754,0.5698264536185311,0.5347442078002538,0.010734043431591116,0.9977029613782231,0.3804246232742641,0.3251401420527887,0.4070790424878947,0.6011682948937456,0.4854424202992843,19858,0.6184069335534461,0.6741957255343082,0.6450974060919169,22225,0.22727272727272727,0.0054968287526427064,0.010734043431591116,11825,0.9969620594986273,0.9984449652934283,0.9977029613782231,44372,0.5347442078002538,0.5202996459606668,0.549129852483545,0.010734043431591116,0.004771940949096458,0.018573988294464314,-0.0014792635363175544,-0.008018722736133122,0.004281218282132601,0.0022924312491860842,-0.0031028508200431648,0.007758096508651293,30.0,236.0
YAW90_LEFT,Bus B to Bus A,Bus B,Bus A,M+G,RAW,INDUCTIVE_FIXED_TEST,18,False,0,83,98280,236,0,0.0,0.0,0.6885429385429386,0.5245884612342759,0.4915704156094597,0.015350334241148799,0.9952701412216742,0.3236705070720548,0.3010823830621353,0.40150491993054216,0.4191761506697553,0.41015028332101505,19858,0.45859774977773693,0.6730708661417323,0.5455109036540005,22225,0.3184931506849315,0.007864693446088795,0.015350334241148799,11825,0.9923157918318883,0.9982421346795276,0.9952701412216742,44372,0.49157041560945963,0.47451109646768125,0.5086343125390075,0.015350334241148797,0.0003315607141382079,0.03459444190559776,0.0,0.0,0.0,0.0,0.0,0.0,,
YAW90_LEFT,Bus B to Bus A,Bus B,Bus A,M+G,ZSCORE,INDUCTIVE_FIXED_TEST,18,True,18,83,98280,236,1599,26.65,226.04062027777778,0.47043142043142044,0.3902862537670626,0.36396968287402964,0.0,0.7271669740388708,0.2429039191524159,0.21838180972441779,0.2413650749965598,0.5299627354214926,0.3316734951150331,19858,0.3530256338422748,0.4535883014623172,0.3970382623422146,22225,0.0,0.0,0.0,11825,0.9812772800367563,0.5775939781844407,0.7271669740388708,44372,0.36396968287402964,0.3441851069176119,0.38389025169214713,0.0,0.0,0.0,-0.12760073273543,-0.15102012055542813,-0.10559615399814863,-0.015350334241148797,-0.034483693073833296,-0.0003354082595356253,,
YAW90_LEFT,Bus B to Bus A,Bus B,Bus A,M+G,QUANTILE,INDUCTIVE_FIXED_TEST,18,True,18,83,98280,236,1599,26.65,226.04062027777778,0.6287647537647537,0.4593415964343243,0.43199686564663753,0.010569490455907871,0.8832932776209899,0.2815647283218535,0.2634259155703456,0.40622352993624894,0.45885789102628666,0.4309394878100688,19858,0.43627887486250067,0.3747581552305962,0.4031852066995837,22225,0.07854630715123095,0.005665961945031712,0.010569490455907871,11825,0.7921831678740721,0.9980843775353827,0.8832932776209899,44372,0.43199686564663753,0.4112010224842106,0.4515939922876208,0.010569490455907871,0.004494647963072121,0.018414771125238167,-0.0595735499628221,-0.07981265539029218,-0.04032339191823019,-0.004780843785240926,-0.025860815676506232,0.011113098390705095,,
YAW90_LEFT,Bus B to Bus A,Bus B,Bus A,M+G,CORAL,INDUCTIVE_FIXED_TEST,18,True,18,83,98280,236,1599,26.65,226.04062027777778,0.6601648351648352,0.5111603239954412,0.479502406870424,0.006813500237680241,0.9512358962097665,0.32225791042397656,0.2904268442173265,0.4129133971120427,0.5803202739450095,0.4825088450185274,19858,0.4418916331610186,0.5192350956130484,0.47745138601572196,22225,0.053952321204516936,0.0036363636363636364,0.006813500237680241,11825,0.9612278239259993,0.9414495627873434,0.9512358962097665,44372,0.479502406870424,0.4616723303600438,0.4950976335725486,0.00681350023768024,0.0021667750992011158,0.012019870015765429,-0.01206800873903563,-0.03201560197219751,0.0077865632128157275,-0.008536834003468557,-0.028165393628253002,0.006975370659894287,,
YAW90_LEFT,Bus B to Bus A,Bus B,Bus A,M+G,CAUSAL,INDUCTIVE_FIXED_TEST,18,False,0,83,98280,236,0,0.0,0.0,0.7108770858770859,0.5578147655477564,0.5375357497404122,0.09709430998786321,0.9955668571942932,0.3848587139224519,0.3613591738393926,0.4910147735529184,0.5104743680128915,0.5005555144063403,19858,0.4784322595237326,0.6662317210348706,0.5569263173731523,22225,0.31164069660861593,0.05750528541226216,0.09709430998786321,11825,0.994090418838756,0.9970476877310015,0.9955668571942932,44372,0.5375357497404122,0.5205667447225193,0.553507419921833,0.0970943099878632,0.05891772377380773,0.13864516091171566,0.04596533413095255,0.027848438814789617,0.06478663191007773,0.0817439757467144,0.04548388376120396,0.12307987668405256,30.0,236.0
YAW90_LEFT,Bus B to Bus A,Bus B,Bus A,A+M+G,RAW,INDUCTIVE_FIXED_TEST,18,False,0,137,98280,236,0,0.0,0.0,0.7232091982091982,0.5664972603757941,0.5304132554671559,0.003155884062785483,0.9976346023879252,0.3746728064935661,0.3195103069054077,0.4016616630594149,0.5794138382515862,0.4744350981362362,19858,0.6104358256697321,0.6869291338582677,0.6464274372816767,22225,0.08796296296296297,0.0016067653276955602,0.003155884062785483,11825,0.9972302287876058,0.998039304065627,0.9976346023879252,44372,0.5304132554671559,0.5148759856172505,0.5448073762339082,0.003155884062785483,0.0001697353402900153,0.007713752950292227,0.0,0.0,0.0,0.0,0.0,0.0,,
YAW90_LEFT,Bus B to Bus A,Bus B,Bus A,A+M+G,ZSCORE,INDUCTIVE_FIXED_TEST,18,True,18,137,98280,236,1599,26.65,226.04062027777778,0.6733211233211234,0.49666308912743123,0.3989661578930884,0.0011815343066925478,0.9930343339924501,0.20094343252663452,0.23985230845853006,0.6173708920187794,0.013244032631684964,0.025931768881877343,19858,0.40812873632364555,0.9768278965129359,0.5757169943913337,22225,0.2916666666666667,0.0005919661733615222,0.0011815343066925478,11825,0.990097679003495,0.9959884611917426,0.9930343339924501,44372,0.3989661578930884,0.38936074046250235,0.4083475144101058,0.0011815343066925478,0.0003097971739147275,0.0024429033083426177,-0.13144709757406747,-0.14737100859735405,-0.11524465153545539,-0.001974349756092935,-0.006534549187945582,0.0013627513128899743,,
YAW90_LEFT,Bus B to Bus A,Bus B,Bus A,A+M+G,QUANTILE,INDUCTIVE_FIXED_TEST,18,True,18,137,98280,236,1599,26.65,226.04062027777778,0.6897232397232397,0.530111089138081,0.4952784272833356,0.0003379520108144643,0.9521632267551062,0.34298349412607876,0.29730223717432713,0.4034408742032002,0.624685265384228,0.4902580721653559,19858,0.5887191539365453,0.4959280089988751,0.5383544582020661,22225,0.18181818181818182,0.00016913319238900633,0.0003379520108144643,11825,0.9089735445398471,0.9996619489768322,0.9521632267551062,44372,0.4952784272833356,0.4790924603544242,0.5106273293622352,0.0003379520108144643,0.0,0.0008454550456309304,-0.0351348281838203,-0.04432978083061366,-0.026189005047338756,-0.0028179320519710186,-0.007602292394712294,0.00017961226357652774,,
YAW90_LEFT,Bus B to Bus A,Bus B,Bus A,A+M+G,CORAL,INDUCTIVE_FIXED_TEST,18,True,18,137,98280,236,1599,26.65,226.04062027777778,0.6646113146113146,0.5086819493237762,0.49171188176139646,0.0681630317288739,0.9803442830423242,0.3288344146677539,0.32229234174838745,0.415828901913597,0.5394803102024373,0.46965213388571053,19858,0.4347257383966245,0.46357705286839146,0.4486880783886772,22225,0.13736545361353153,0.0453276955602537,0.0681630317288739,11825,0.9744183457642213,0.9863427386640223,0.9803442830423242,44372,0.4917118817613964,0.47538267826505404,0.507981066341723,0.0681630317288739,0.044099073325129946,0.09584622243257095,-0.03870137370575949,-0.059839442209393696,-0.0179676085085158,0.06500714766608842,0.0406491722250196,0.09339326575035393,,
YAW90_LEFT,Bus B to Bus A,Bus B,Bus A,A+M+G,CAUSAL,INDUCTIVE_FIXED_TEST,18,False,0,137,98280,236,0,0.0,0.0,0.7195970695970696,0.563734497436351,0.5311037254242589,0.016824395373291272,0.9974753167125017,0.37564652832817796,0.32539199340387187,0.39574699368163596,0.5866653237989727,0.47265498214865304,19858,0.6144789579158316,0.6622272215973003,0.6374602074625896,22225,0.19330855018587362,0.00879492600422833,0.016824395373291272,11825,0.9977002164502164,0.9972505183449022,0.9974753167125017,44372,0.5311037254242589,0.5156757485980378,0.5456867600268884,0.016824395373291272,0.006422801572841718,0.028362743183650216,0.0006904699571029793,-0.0038014836581123394,0.005319062458885734,0.013668511310505789,0.004728877116783913,0.02401087359066454,30.0,236.0
