contrast,metric,orientation_A,representation_A,orientation_B,representation_B,point_delta_A_minus_B,bootstrap_median,bootstrap_mean,ci_low,ci_high,fraction_delta_gt_0,bootstrap_reps,n_target_days
REC_LEVEL_MINUS_VARIABILITY,stationary_macro_f1,RECORDED,LEVEL_AMPLITUDE,RECORDED,VARIABILITY_DYNAMICS,0.09025716701187564,0.08782067786868747,0.0844181241347923,-0.02241806097546448,0.17202125413754382,0.9465,2000,30
REC_LEVEL_MINUS_VARIABILITY,charging_f1,RECORDED,LEVEL_AMPLITUDE,RECORDED,VARIABILITY_DYNAMICS,0.5814405266327836,0.5821154912239337,0.5660508633982101,0.23657146683366653,0.7881058600448001,0.998,2000,30
REC_LEVEL_MINUS_VARIABILITY,driving_f1,RECORDED,LEVEL_AMPLITUDE,RECORDED,VARIABILITY_DYNAMICS,-0.12881599578552494,-0.12906979839878613,-0.12889484115359098,-0.1554794426007433,-0.10181902285310615,0.0,2000,30
REC_LEVEL_MINUS_VARIABILITY,macro_f1,RECORDED,LEVEL_AMPLITUDE,RECORDED,VARIABILITY_DYNAMICS,0.03548887631252551,0.03359054440349879,0.03108988281269647,-0.04717415391312449,0.09634233734486991,0.817,2000,30
REC_LEVEL_MINUS_ALL41,stationary_macro_f1,RECORDED,LEVEL_AMPLITUDE,RECORDED,MAG_ALL,0.15529055799872124,0.15410898139266643,0.14879627501634873,0.03800472206868278,0.22974976354647436,0.9905,2000,30
REC_LEVEL_MINUS_ALL41,charging_f1,RECORDED,LEVEL_AMPLITUDE,RECORDED,MAG_ALL,0.5822296227590389,0.582652582189574,0.5667126097940066,0.23976496130728944,0.7878103764510253,0.998,2000,30
REC_LEVEL_MINUS_ALL41,driving_f1,RECORDED,LEVEL_AMPLITUDE,RECORDED,MAG_ALL,-0.1261711109177841,-0.12645134678322795,-0.12625662805291532,-0.15411440618640845,-0.09862880043447415,0.0,2000,30
REC_LEVEL_MINUS_ALL41,macro_f1,RECORDED,LEVEL_AMPLITUDE,RECORDED,MAG_ALL,0.0849251407695949,0.08290681042008524,0.08003304924903273,0.00039172614184252867,0.13986078654238865,0.975,2000,30
REC_AXIS_MINUS_NORM,stationary_macro_f1,RECORDED,LEVEL_AXIS,RECORDED,LEVEL_NORM,0.10986427173827251,0.10784007165739132,0.10594382485866162,-0.008035313184430128,0.20527019422670773,0.967,2000,30
REC_AXIS_MINUS_NORM,charging_f1,RECORDED,LEVEL_AXIS,RECORDED,LEVEL_NORM,0.42862729317846093,0.4369586644242646,0.4169556275928786,0.011576909401491805,0.7158592225812073,0.978,2000,30
REC_AXIS_MINUS_NORM,driving_f1,RECORDED,LEVEL_AXIS,RECORDED,LEVEL_NORM,0.12077330091140892,0.11896016676210253,0.12122673546408647,0.027338165439245755,0.2311774193344633,0.9955,2000,30
REC_AXIS_MINUS_NORM,macro_f1,RECORDED,LEVEL_AXIS,RECORDED,LEVEL_NORM,0.11259152903155667,0.11058984995412163,0.10976455251001782,0.03764520412610224,0.18033797437320542,0.9965,2000,30
YAW_LEVEL_MINUS_VARIABILITY,stationary_macro_f1,YAW90_LEFT,LEVEL_AMPLITUDE,YAW90_LEFT,VARIABILITY_DYNAMICS,0.0480295951761906,0.041225008986461614,0.039342812230240214,-0.06377559017473199,0.14061459661464346,0.764,2000,30
YAW_LEVEL_MINUS_VARIABILITY,charging_f1,YAW90_LEFT,LEVEL_AMPLITUDE,YAW90_LEFT,VARIABILITY_DYNAMICS,0.2767101852700709,0.25894803972670766,0.25487722432398463,-0.003665571528034094,0.5139692682674372,0.962,2000,30
YAW_LEVEL_MINUS_VARIABILITY,driving_f1,YAW90_LEFT,LEVEL_AMPLITUDE,YAW90_LEFT,VARIABILITY_DYNAMICS,-0.10301746864563577,-0.10143693061315157,-0.10271439985431156,-0.15620370665345615,-0.06026350285600421,0.0,2000,30
YAW_LEVEL_MINUS_VARIABILITY,macro_f1,YAW90_LEFT,LEVEL_AMPLITUDE,YAW90_LEFT,VARIABILITY_DYNAMICS,0.010267829220733993,0.00583168084497096,0.003828509209102268,-0.07393855991490551,0.07824312857493886,0.557,2000,30
YAW_LEVEL_MINUS_ALL41,stationary_macro_f1,YAW90_LEFT,LEVEL_AMPLITUDE,YAW90_LEFT,MAG_ALL,-0.023525719188585648,-0.024866472816903545,-0.022795669969235925,-0.08165405733757536,0.04576411773840225,0.239,2000,30
YAW_LEVEL_MINUS_ALL41,charging_f1,YAW90_LEFT,LEVEL_AMPLITUDE,YAW90_LEFT,MAG_ALL,0.11042971891418144,0.09951046693504419,0.11068364210253506,-0.0007450046397831557,0.30662679968866774,0.9525,2000,30
YAW_LEVEL_MINUS_ALL41,driving_f1,YAW90_LEFT,LEVEL_AMPLITUDE,YAW90_LEFT,MAG_ALL,-0.10035261853945887,-0.09861644691660681,-0.10007632914040447,-0.15461964760026478,-0.057838448421371834,0.0,2000,30
YAW_LEVEL_MINUS_ALL41,macro_f1,YAW90_LEFT,LEVEL_AMPLITUDE,YAW90_LEFT,MAG_ALL,-0.042732444026303995,-0.04335876100792943,-0.04211583476202806,-0.08608138964907332,0.009098429849280344,0.054,2000,30
YAW_AXIS_MINUS_NORM,stationary_macro_f1,YAW90_LEFT,LEVEL_AXIS,YAW90_LEFT,LEVEL_NORM,0.049577442899415014,0.04693661730031434,0.045064986716804395,-0.07312230260720852,0.14943330017916742,0.781,2000,30
YAW_AXIS_MINUS_NORM,charging_f1,YAW90_LEFT,LEVEL_AXIS,YAW90_LEFT,LEVEL_NORM,0.10238958710121995,0.09600196326991729,0.08525375132855463,-0.20929387965637758,0.34266163644721165,0.7255,2000,30
YAW_AXIS_MINUS_NORM,driving_f1,YAW90_LEFT,LEVEL_AXIS,YAW90_LEFT,LEVEL_NORM,0.12644633930195948,0.12382043880256094,0.1273624640931317,0.0339997553648312,0.23027484054660796,0.999,2000,30
YAW_AXIS_MINUS_NORM,macro_f1,YAW90_LEFT,LEVEL_AXIS,YAW90_LEFT,LEVEL_NORM,0.06879466700005121,0.06748595161203871,0.06563935606088622,-0.02999851867693761,0.15623402716940102,0.8985,2000,30
YAW_MINUS_REC_AXIS,stationary_macro_f1,YAW90_LEFT,LEVEL_AXIS,RECORDED,LEVEL_AXIS,-0.0602868288388575,-0.06264469622831456,-0.06087883814185722,-0.19582446744627205,0.08961986922795816,0.2065,2000,30
YAW_MINUS_REC_AXIS,charging_f1,YAW90_LEFT,LEVEL_AXIS,RECORDED,LEVEL_AXIS,-0.32623770607724095,-0.3430522337777965,-0.3317018762643239,-0.7583253647770211,0.1758713750083589,0.09,2000,30
YAW_MINUS_REC_AXIS,driving_f1,YAW90_LEFT,LEVEL_AXIS,RECORDED,LEVEL_AXIS,0.0056730383905505555,0.007872202272076412,0.006135728629045231,-0.04860818173027226,0.049258840240934465,0.617,2000,30
YAW_MINUS_REC_AXIS,macro_f1,YAW90_LEFT,LEVEL_AXIS,RECORDED,LEVEL_AXIS,-0.04379686203150546,-0.04471429993871459,-0.044125196449131605,-0.14419796217878447,0.06503545374602492,0.2145,2000,30
YAW_MINUS_REC_NORM,stationary_macro_f1,YAW90_LEFT,LEVEL_NORM,RECORDED,LEVEL_NORM,0.0,0.0,0.0,0.0,0.0,0.0,2000,30
YAW_MINUS_REC_NORM,charging_f1,YAW90_LEFT,LEVEL_NORM,RECORDED,LEVEL_NORM,0.0,0.0,0.0,0.0,0.0,0.0,2000,30
YAW_MINUS_REC_NORM,driving_f1,YAW90_LEFT,LEVEL_NORM,RECORDED,LEVEL_NORM,0.0,0.0,0.0,0.0,0.0,0.0,2000,30
YAW_MINUS_REC_NORM,macro_f1,YAW90_LEFT,LEVEL_NORM,RECORDED,LEVEL_NORM,0.0,0.0,0.0,0.0,0.0,0.0,2000,30
YAW_MINUS_REC_LEVEL15,stationary_macro_f1,YAW90_LEFT,LEVEL_AMPLITUDE,RECORDED,LEVEL_AMPLITUDE,-0.020779702213674922,-0.025425349090342164,-0.02267715292294473,-0.16195491358314734,0.13979149989103218,0.379,2000,30
YAW_MINUS_REC_LEVEL15,charging_f1,YAW90_LEFT,LEVEL_AMPLITUDE,RECORDED,LEVEL_AMPLITUDE,-0.3006733087135874,-0.3157179366394505,-0.30699651492265356,-0.7385081601012757,0.19964617225892028,0.11,2000,30
YAW_MINUS_REC_LEVEL15,driving_f1,YAW90_LEFT,LEVEL_AMPLITUDE,RECORDED,LEVEL_AMPLITUDE,0.007040638337043492,0.008864922393476304,0.007278853369056778,-0.04339638856991936,0.048498880173188236,0.6395,2000,30
YAW_MINUS_REC_LEVEL15,macro_f1,YAW90_LEFT,LEVEL_AMPLITUDE,RECORDED,LEVEL_AMPLITUDE,-0.013824617075995305,-0.016639620718721465,-0.015188151349944357,-0.1202810756450178,0.10397423628418385,0.393,2000,30
YAW_MINUS_REC_VARIABILITY,stationary_macro_f1,YAW90_LEFT,VARIABILITY_DYNAMICS,RECORDED,VARIABILITY_DYNAMICS,0.02144786962201012,0.022004335431405356,0.022398158981607342,0.004242109591428434,0.042369460484591046,0.993,2000,30
YAW_MINUS_REC_VARIABILITY,charging_f1,YAW90_LEFT,VARIABILITY_DYNAMICS,RECORDED,VARIABILITY_DYNAMICS,0.004057032649125223,0.0035608164377434496,0.004177124151571945,-0.0028487852606825003,0.014648034576713145,0.7985,2000,30
YAW_MINUS_REC_VARIABILITY,driving_f1,YAW90_LEFT,VARIABILITY_DYNAMICS,RECORDED,VARIABILITY_DYNAMICS,-0.01875788880284568,-0.018781988153782014,-0.018901587930222636,-0.024662405198374388,-0.014160087783241895,0.0,2000,30
YAW_MINUS_REC_VARIABILITY,macro_f1,YAW90_LEFT,VARIABILITY_DYNAMICS,RECORDED,VARIABILITY_DYNAMICS,0.01139643001579621,0.011779353910655543,0.012073222253649846,-0.00183877044977135,0.02751229531013705,0.957,2000,30
YAW_MINUS_REC_ALL41,stationary_macro_f1,YAW90_LEFT,MAG_ALL,RECORDED,MAG_ALL,0.15803657497363197,0.14651066796652523,0.14891479206263994,0.053817443213708266,0.256868957088869,1.0,2000,30
YAW_MINUS_REC_ALL41,charging_f1,YAW90_LEFT,MAG_ALL,RECORDED,MAG_ALL,0.1711265951312701,0.15724220003843245,0.14903245276881807,-0.018731191830759563,0.43817766403837427,0.6625,2000,30
YAW_MINUS_REC_ALL41,driving_f1,YAW90_LEFT,MAG_ALL,RECORDED,MAG_ALL,-0.01877785404128174,-0.018625073317483753,-0.01890144554345408,-0.027853364545441024,-0.011618800442125604,0.0,2000,30
YAW_MINUS_REC_ALL41,macro_f1,YAW90_LEFT,MAG_ALL,RECORDED,MAG_ALL,0.11383296771990359,0.10498852597817712,0.10696073266111644,0.035482550638180586,0.18820506245352592,1.0,2000,30
