family,orientation,sensor_set,display_model,n_physical_reference_sessions,n_sessions_with_evaluable_support,n_session_detected,session_recall,session_recall_nN,session_recall_ci95_low,session_recall_ci95_high,time_precision_predicted_charging,false_positive_events_per_day,support_daily_charge_time_mae_min,support_daily_charge_time_median_abs_error_min,support_mean_under_detection_pct,e2e_daily_charge_time_mae_min,e2e_daily_charge_time_median_abs_error_min,e2e_mean_under_detection_pct,support_daily_reference_minutes_mean,support_daily_predicted_minutes_mean,e2e_daily_reference_minutes_mean,e2e_daily_predicted_minutes_mean,session_coverage_median,session_coverage_q25,session_coverage_q75,condition
in_domain_B_OOF,RECORDED,ACC,A,23,20,14,0.7,0.70 (14/20),0.4810271816464765,0.8545227551323956,0.8881714705018671,0.4666666666666667,35.25632055555556,8.658550000000005,15.432540416182079,102.11689388888888,23.021875,48.41112772864145,118.28829111111108,100.03340277777778,193.905,100.03340277777778,0.943391555119478,0.1462022054646574,1.0,In-domain B OOF
source_only_A_to_B,RECORDED,ACC,A,23,20,9,0.45,0.45 (9/20),0.2581978582556243,0.6579146575496577,0.7196753989278742,2.1333333333333333,58.463411111111114,12.521608333333319,10.578900915354993,117.43823333333332,59.28009166666663,45.4502514117738,118.28829111111108,105.77469,193.905,105.77469,0.06478570498069341,0.0,1.0,Source RECORDED
source_only_A_to_B,YAW90_LEFT,ACC,A,23,20,11,0.55,0.55 (11/20),0.34208534245034233,0.7418021417443759,0.6548145830447952,2.8666666666666667,64.01578555555555,36.43824166666668,-18.865024886186262,108.64627111111112,69.97558333333335,27.488508977764024,118.28829111111108,140.60340666666667,193.905,140.60340666666667,0.9482706536612053,0.05924899820328236,1.0,Source YAW90
in_domain_B_OOF,RECORDED,MAG,M,23,20,4,0.2,0.20 (4/20),0.08065766257979806,0.41601743225189364,0.8714484564855149,0.4666666666666667,71.09274722222223,6.423091666666664,55.64547141897075,144.40737166666668,38.01509166666666,72.94230995132212,118.28829111111108,52.46621388888889,193.905,52.46621388888889,0.0,0.0,0.4147163279757265,In-domain B OOF
source_only_A_to_B,RECORDED,MAG,M,23,20,0,0.0,0.00 (0/20),0.0,0.16112515805281938,0.058017073247313956,0.7666666666666667,129.22212277777777,53.9784,87.1211555624807,204.83883166666664,56.943691666666666,92.14349036899512,118.28829111111108,15.234165,193.905,15.234165,0.0,0.0,0.0,Source RECORDED
source_only_A_to_B,YAW90_LEFT,MAG,M,23,20,1,0.05,0.05 (1/20),0.008881448800795402,0.23613119344674205,0.5306184378853565,1.1333333333333333,110.17456166666668,29.186841666666666,81.88405977479017,185.51073166666666,29.186841666666666,88.94869337504906,118.28829111111108,21.42903611111111,193.905,21.42903611111111,0.0,0.0,0.0,Source YAW90
in_domain_B_OOF,RECORDED,GYR,G,23,20,5,0.25,0.25 (5/20),0.11186170140766569,0.468700877618744,0.7642808616590573,1.2666666666666666,79.96815722222222,20.41854166666667,55.232015450162635,144.54081055555557,26.846475000000005,72.69008850267457,118.28829111111108,52.95528388888889,193.905,52.95528388888889,0.11142623377300256,0.0,0.4969651254740229,In-domain B OOF
source_only_A_to_B,RECORDED,GYR,G,23,20,7,0.35,0.35 (7/20),0.18119182410108206,0.5671457233147638,0.35993118770153754,3.966666666666667,109.52661222222221,51.455225,47.76677436149359,182.01947333333334,65.41559166666667,68.13605115907275,118.28829111111108,61.785790000000006,193.905,61.785790000000006,0.19649396497117533,0.0,0.5583738858226099,Source RECORDED
source_only_A_to_B,YAW90_LEFT,GYR,G,23,20,0,0.0,0.00 (0/20),0.0,0.16112515805281938,0.42847877484914726,1.5333333333333334,108.69705055555553,28.14378333333333,88.45642344125318,184.31375944444446,35.22634166666667,92.95804675256211,118.28829111111108,13.654699444444445,193.905,13.654699444444445,0.0,0.0,0.02195383019340677,Source YAW90
in_domain_B_OOF,RECORDED,MAG_GYR,M+G,23,20,5,0.25,0.25 (5/20),0.11186170140766569,0.468700877618744,0.9177790368645162,0.6333333333333333,69.57822999999999,10.257850000000007,52.65652291197941,139.41497555555554,20.104624999999984,71.11895515845389,118.28829111111108,56.00178999999999,193.905,56.00178999999999,0.0,0.0,0.5073707544057952,In-domain B OOF
source_only_A_to_B,RECORDED,MAG_GYR,M+G,23,20,1,0.05,0.05 (1/20),0.008881448800795402,0.23613119344674205,0.3318042663577947,1.3,123.31045888888887,51.909800000000004,79.30074641932721,198.9271677777778,54.87509166666666,87.3727890805635,118.28829111111108,24.484793333333336,193.905,24.484793333333336,0.0,0.0,0.0,Source RECORDED
source_only_A_to_B,YAW90_LEFT,MAG_GYR,M+G,23,20,0,0.0,0.00 (0/20),0.0,0.16112515805281938,0.0,0.4666666666666667,119.24434666666666,21.539391666666667,98.51247322666352,194.86105555555557,28.621950000000002,99.09256079007763,118.28829111111108,1.75957,193.905,1.75957,0.0,0.0,0.0,Source YAW90
in_domain_B_OOF,RECORDED,ACC_MAG,A+M,23,20,11,0.55,0.55 (11/20),0.34208534245034233,0.7418021417443759,0.9069963404342862,0.3,42.701131666666676,1.5518500000000301,25.414288210473963,109.93349944444445,21.29436666666666,54.50031516005834,118.28829111111108,88.22616388888888,193.905,88.22616388888888,0.8095692654142699,0.0,0.9991819267611398,In-domain B OOF
source_only_A_to_B,RECORDED,ACC_MAG,A+M,23,20,3,0.15,0.15 (3/20),0.052368745896216595,0.36041886474075696,0.6322133996822317,0.8,95.93165722222223,5.374541666666667,61.44216988434528,171.254195,34.29918333333333,76.47848259027187,118.28829111111108,45.609398333333324,193.905,45.609398333333324,0.0,0.0,0.06408609852332514,Source RECORDED
source_only_A_to_B,YAW90_LEFT,ACC_MAG,A+M,23,20,10,0.5,0.50 (10/20),0.2992980081982123,0.7007019918017877,0.7278432820378076,1.7666666666666666,60.85629833333334,11.23629166666667,6.67978060982499,117.60028055555557,38.83541666666666,43.071662526609536,118.28829111111108,110.38689277777777,193.905,110.38689277777777,0.5210202877372467,0.0,1.0,Source YAW90
in_domain_B_OOF,RECORDED,ACC_GYR,A+G,23,20,11,0.55,0.55 (11/20),0.34208534245034233,0.7418021417443759,0.8983267140488953,0.3,40.29157777777776,10.259049999999988,20.89307477432114,108.74650777777778,21.719666666666683,51.74222944225266,118.28829111111108,93.57423,193.905,93.57423,0.7020617164479833,0.0,0.9950235512868761,In-domain B OOF
source_only_A_to_B,RECORDED,ACC_GYR,A+G,23,20,5,0.25,0.25 (5/20),0.11186170140766569,0.468700877618744,0.5486627650548989,1.5333333333333334,102.47085777777778,42.94255833333334,60.968644571959246,178.0875666666667,45.907849999999996,76.18961690862365,118.28829111111108,46.16952333333334,193.905,46.16952333333334,0.0,0.0,0.29895447900757466,Source RECORDED
source_only_A_to_B,YAW90_LEFT,ACC_GYR,A+G,23,20,7,0.35,0.35 (7/20),0.18119182410108206,0.5671457233147638,0.6948206843552125,2.4,72.30430055555556,43.19763333333333,17.62054226800432,119.67855611111112,56.70469166666663,49.7458792822373,118.28829111111108,97.44525277777778,193.905,97.44525277777778,0.165928680734841,0.0,1.0,Source YAW90
in_domain_B_OOF,RECORDED,ACC_MAG_GYR,A+M+G,23,20,11,0.55,0.55 (11/20),0.34208534245034233,0.7418021417443759,0.9166305923490238,0.3333333333333333,43.17649222222222,1.6907416666666677,26.27821752471378,110.82090555555557,18.130441666666663,55.027339848551264,118.28829111111108,87.20423666666669,193.905,87.20423666666669,0.810087074731245,0.0,0.9930270585311172,In-domain B OOF
source_only_A_to_B,RECORDED,ACC_MAG_GYR,A+M+G,23,20,0,0.0,0.00 (0/20),0.0,0.16112515805281938,0.03967603186515393,1.2666666666666666,130.08403444444443,47.91135,84.71736593972267,205.70074333333332,50.876641666666664,90.67710132968892,118.28829111111108,18.077566666666666,193.905,18.077566666666666,0.0,0.0,0.0,Source RECORDED
source_only_A_to_B,YAW90_LEFT,ACC_MAG_GYR,A+M+G,23,20,8,0.4,0.40 (8/20),0.21880653237281705,0.6134184992377469,0.7742639365839192,1.4333333333333333,63.20994500000001,18.749833333333342,24.43849425051576,123.42575833333333,51.1396,53.90504943715278,118.28829111111108,89.3804138888889,193.905,89.3804138888889,0.13437425285612317,0.0,0.9997203637997553,Source YAW90
