direction,model,orientation,n_features,source_bus,target_bus,accuracy,balanced_accuracy,macro_f1,stationary_state_macro_f1,charging_f1,driving_f1,stationary_off_precision,stationary_off_recall,stationary_off_f1,stationary_off_support,stationary_on_precision,stationary_on_recall,stationary_on_f1,stationary_on_support,charging_precision,charging_recall,charging_f1,charging_support,driving_precision,driving_recall,driving_f1,driving_support
Bus A to Bus B,A,RECORDED,54,A,B,0.7711132797838001,0.6962265654847465,0.6821262298498278,0.5884373637316155,0.7161236424394319,0.9631928282044652,0.36480411046885036,0.5498547918683446,0.4386100386100386,1033,0.6689257878685192,0.5615931721194879,0.6105784101453758,3515,0.759121501948282,0.6777356103731815,0.7161236424394319,3162,0.9327212020033389,0.9957226875779719,0.9631928282044652,5611
Bus A to Bus B,A,YAW90_LEFT,54,A,B,0.7728398768861197,0.6709038338634032,0.6679344262032103,0.5753363822296862,0.7407732864674869,0.9457285581237829,0.39317953861584753,0.37947725072604066,0.38620689655172413,1033,0.7278275020341741,0.5089615931721195,0.5990289636698477,3515,0.6898527004909983,0.7998102466793169,0.7407732864674869,3162,0.9008064516129032,0.9953662448761361,0.9457285581237829,5611
Bus A to Bus B,M,RECORDED,41,A,B,0.5597928083477216,0.42692265676125474,0.39432917427821734,0.20273803691877804,0.008034433285509325,0.9691025863565353,0.062173706691979115,0.2536302032913843,0.09986659043262817,1033,0.5562130177514792,0.4546230440967283,0.5003130870381967,3515,0.043343653250773995,0.004427577482605946,0.008034433285509325,3162,0.9445102351547962,0.9950098021743005,0.9691025863565353,5611
Bus A to Bus B,M,YAW90_LEFT,41,A,B,0.6555814128068463,0.5634756358243409,0.5081621419981209,0.36077461189241,0.17916102841677944,0.9503247323152536,0.22197004085338176,0.47337850919651503,0.3022249690976514,1033,0.5204081632653061,0.7109530583214794,0.6009378381627991,3515,0.6210131332082551,0.10468058191018342,0.17916102841677944,3162,0.9361922877399274,0.9648903938691855,0.9503247323152536,5611
Bus A to Bus B,G,RECORDED,42,A,B,0.6437204414083026,0.5192903481870514,0.4961414255453509,0.3311073188829601,0.21503928170594838,0.9912437455325233,0.12006196746707978,0.30009680542110356,0.1715076071922545,1033,0.5793014230271669,0.6369843527738265,0.6067750677506775,3515,0.3704563031709203,0.1514864010120177,0.21503928170594838,3162,0.9939079018097116,0.9885938335412583,0.9912437455325233,5611
Bus A to Bus B,G,YAW90_LEFT,42,A,B,0.6759252308385256,0.549597358778076,0.5013770050011537,0.3390470299639454,0.07338380896913221,0.9883669301127787,0.3937575030012005,0.31752178121974833,0.3515541264737406,1033,0.45461468169357294,0.8492176386913229,0.5922031544489634,3515,0.4632352941176471,0.03984819734345351,0.07338380896913221,3162,0.9849557522123894,0.9918018178577793,0.9883669301127787,5611
Bus A to Bus B,M+G,RECORDED,83,A,B,0.5959012086179716,0.4714186888322477,0.44978714412543425,0.2692349087447858,0.08904670854957662,0.9914438502673797,0.07027027027027027,0.3020329138431752,0.11401425178147269,1033,0.6855391272989542,0.5408250355618777,0.6046437659033079,3515,0.32665330661322645,0.05154965211891208,0.08904670854957662,3162,0.9916206097343555,0.9912671538050258,0.9914438502673797,5611
Bus A to Bus B,M+G,YAW90_LEFT,83,A,B,0.6761504391562195,0.5788452206836635,0.495278949590249,0.33091078768339544,0.0,0.9883834353108096,0.30312124849939975,0.4888673765730881,0.3742126713597629,1033,0.49177300201477503,0.8332859174964438,0.6185196916904234,3515,0.0,0.0,0.0,3162,0.9835863042710907,0.9932275886651221,0.9883834353108096,5611
Bus A to Bus B,A+M,RECORDED,95,A,B,0.6717213422415734,0.5952916858720073,0.5528944402233313,0.4165814614941796,0.36131725417439703,0.9618333764107866,0.2040041422160856,0.5721200387221684,0.300763358778626,1033,0.6089078706528371,0.5678520625889047,0.5876637715295157,3515,0.6773913043478261,0.2463630613535737,0.36131725417439703,3162,0.9309539693128752,0.9948315808233826,0.9618333764107866,5611
Bus A to Bus B,A+M,YAW90_LEFT,95,A,B,0.8034682080924855,0.7224498392886409,0.7319921520463484,0.6608974838471879,0.7437530622243999,0.9452761566438298,0.6083995459704881,0.5188770571151985,0.5600835945663531,1033,0.70462197734925,0.6549075391180654,0.6788557947508109,3515,0.7689969604863222,0.7201138519924098,0.7437530622243999,3162,0.8995492594977463,0.9959009089288897,0.9452761566438298,5611
Bus A to Bus B,A+G,RECORDED,96,A,B,0.6637639816830568,0.5582718945123222,0.5322554287619933,0.37956246875930333,0.29461756373937675,0.990334308770063,0.13099630996309963,0.41239109390125844,0.19883313885647608,1033,0.6632622409131872,0.6281650071123756,0.6452367036820573,3515,0.5810055865921788,0.19734345351043645,0.29461756373937675,3162,0.9855277091422521,0.9951880235252183,0.990334308770063,5611
Bus A to Bus B,A+G,YAW90_LEFT,96,A,B,0.8146535545379476,0.7252376126815825,0.7338367368425934,0.6499303986977636,0.6704663212435233,0.985555751277083,0.6079136690647482,0.49080348499515974,0.5431173004820568,1033,0.6824586977648203,0.7991465149359886,0.7362075743677107,3515,0.7385844748858448,0.6138519924098672,0.6704663212435233,3162,0.9742294967786871,0.9971484583853145,0.985555751277083,5611
Bus A to Bus B,A+M+G,RECORDED,137,A,B,0.6408678027175136,0.5487635736612945,0.4701039624672727,0.2968389533233669,0.00735918482875743,0.98989898989899,0.22623655913978494,0.5091965150048403,0.3132817153067302,1033,0.48727272727272725,0.6862019914651494,0.5698759598346131,3515,0.03504043126684636,0.004111321948134092,0.00735918482875743,3162,0.9843171806167401,0.995544466227054,0.98989898989899,5611
Bus A to Bus B,A+M+G,YAW90_LEFT,137,A,B,0.8395015389235042,0.7672304316148912,0.7762679079689732,0.7076915392456541,0.7064730141653218,0.9819970141389304,0.6989737742303307,0.5934172313649564,0.6418848167539267,1033,0.7075005878203621,0.856045519203414,0.7747167868177137,3515,0.8157349896480331,0.6230234029095509,0.7064730141653218,3162,0.9679709141274239,0.9964355729816432,0.9819970141389304,5611
Bus B to Bus A,A,RECORDED,54,B,A,0.7265791607845493,0.5706522698450129,0.5248167401650099,0.36756635664972226,0.0014849034812737172,0.9965678907108728,0.49333932887414983,0.4188299293758351,0.45304152579554546,20956,0.5169853648114517,0.868578094853502,0.6481726406723477,22287,0.05625,0.0007523825447249624,0.0014849034812737172,11962,0.9986961604172286,0.99444867260599,0.9965678907108728,44674
Bus B to Bus A,A,YAW90_LEFT,54,B,A,0.7240060473172539,0.5730577558980972,0.5431368999567676,0.3922913603434717,0.03578684169401469,0.9956735187966553,0.4215679979452934,0.6265985875167016,0.5040304007369876,20956,0.6225429317802236,0.6522636514560057,0.6370568385994128,22287,0.27392344497607657,0.019143955860224042,0.03578684169401469,11962,0.9971264367816092,0.9942248287594574,0.9956735187966553,44674
Bus B to Bus A,M,RECORDED,41,B,A,0.5322139789144865,0.4226181002580729,0.40302121270377195,0.2590187312737441,0.023444826508283837,0.8350286569938555,0.2903723831285123,0.44874976140484824,0.3525927036856511,20956,0.3324671489738668,0.5051823933234622,0.4010186636272973,22287,0.17985611510791366,0.012539709078749373,0.023444826508283837,11962,0.9862779776788437,0.7240005372252317,0.8350286569938555,44674
Bus B to Bus A,M,YAW90_LEFT,41,B,A,0.49564973618077873,0.3968598529693813,0.3773746772961536,0.24130474370864205,0.02292713567839196,0.7855844780586884,0.26483921982076963,0.3596106127123497,0.30503329218190284,20956,0.3069551472041099,0.5576344954457756,0.39595380326563123,22287,0.18863049095607234,0.01220531683664939,0.02292713567839196,11962,0.9745706518135402,0.6579889868827506,0.7855844780586884,44674
Bus B to Bus A,G,RECORDED,42,B,A,0.6695902041470179,0.5185759186145985,0.5075789305702942,0.3445419072034103,0.13899762561766027,0.9966900006709458,0.38334361905999287,0.5631799961824776,0.45617764721798115,20956,0.4550412664703895,0.42302687665455196,0.4384504487745896,22287,0.2990886495443248,0.09053669954857048,0.13899762561766027,11962,0.9958214158026457,0.997560102072794,0.9966900006709458,44674
Bus B to Bus A,G,YAW90_LEFT,42,B,A,0.7027703521260725,0.548738471894011,0.5070991550135686,0.344281149352706,0.005282707387536112,0.9955531719961566,0.439977102982064,0.7702328688681046,0.560043024183755,20956,0.5198220953217658,0.42477677569883787,0.46751771648682683,22287,0.20915032679738563,0.002675137936799866,0.005282707387536112,11962,0.9938431337556884,0.9972691050723016,0.9955531719961566,44674
Bus B to Bus A,M+G,RECORDED,83,B,A,0.6577658967350494,0.49080791003319113,0.4554392559085606,0.27512538829003735,0.00496,0.9963808587641303,0.3370066344315754,0.286027867913724,0.30943162459346446,20956,0.4106252554147936,0.6762686768071072,0.5109845402766476,22287,0.05762081784386617,0.0025915398762748703,0.00496,11962,0.9944258639910813,0.9983435555356583,0.9963808587641303,44674
Bus B to Bus A,M+G,YAW90_LEFT,83,B,A,0.6819551657505581,0.5202544113388731,0.4870583387650953,0.31766228813334096,0.015178717153582504,0.9952464906603584,0.40341454057164783,0.4014124832983394,0.4024110218140069,20956,0.4442603059986387,0.6735765244312828,0.5353971254324335,22287,0.3184931506849315,0.007774619628824611,0.015178717153582504,11962,0.9922570309718761,0.9982540179970453,0.9952464906603584,44674
Bus B to Bus A,A+M,RECORDED,95,B,A,0.7255779493186756,0.5729949869883573,0.5291189465441632,0.3749897311175412,0.0003341966747430863,0.9915065928240296,0.4572068981290883,0.47695170834128653,0.4668706354952472,20956,0.5442870577171741,0.8310225692107507,0.6577643611826334,22287,0.2857142857142857,0.00016719612104999163,0.0003341966747430863,11962,0.9992951822294978,0.983838474280342,0.9915065928240296,44674
Bus B to Bus A,A+M,YAW90_LEFT,95,B,A,0.7109702740315782,0.5602142762272471,0.5280394022336234,0.37416688181709473,0.02006259529732766,0.9896569634832095,0.40457764952780695,0.5887573964497042,0.47959263002410013,20956,0.5890942550808129,0.6606990622335891,0.6228454201298564,22287,0.250501002004008,0.010449757565624478,0.02006259529732766,11962,0.9985189573459715,0.9809508886600707,0.9896569634832095,44674
Bus B to Bus A,A+G,RECORDED,96,B,A,0.7301234493737422,0.5737290918545669,0.5284280430926838,0.37199749005026606,0.0,0.997719702219937,0.4868878357030016,0.44121015460965834,0.462924948680719,20956,0.5284049930651873,0.854713510118006,0.6530675214700791,22287,0.0,0.0,0.0,11962,0.9964499419487363,0.998992702690603,0.997719702219937,44674
Bus B to Bus A,A+G,YAW90_LEFT,96,B,A,0.7217132730604031,0.5668126474775979,0.531747185983119,0.3765568892552797,0.008343558282208589,0.9973180761666368,0.41447617735212045,0.574107654132468,0.4814036772502651,20956,0.5966246362754607,0.6899986539238121,0.6399234322333652,22287,0.19391634980988592,0.004263501086774786,0.008343558282208589,11962,0.9957602534922123,0.9988807807673367,0.9973180761666368,44674
Bus B to Bus A,A+M+G,RECORDED,137,B,A,0.7334574835551017,0.5778898521347877,0.5328254724425097,0.3778089772372187,0.0003341129301703976,0.9978749580583828,0.47872814620375415,0.4612521473563657,0.469827690961674,20956,0.5431572319844313,0.8515726656795441,0.6632651278198116,22287,0.2,0.00016719612104999163,0.0003341129301703976,11962,0.9971834763948498,0.998567399382191,0.9978749580583828,44674
Bus B to Bus A,A+M+G,YAW90_LEFT,137,B,A,0.7170175912854554,0.5612026645695586,0.5258972862143584,0.36865362697449466,0.0031162866983762507,0.9976282639339494,0.4048650334384421,0.5575491506012598,0.46909565391950214,20956,0.5877051695045252,0.6876205859918338,0.6337489403056056,22287,0.08189655172413793,0.0015883631499749205,0.0031162866983762507,11962,0.9972043299337985,0.9980525585351658,0.9976282639339494,44674
