sensor_configuration,calibration_strategy,labeled_target_days,n_runs,n_test_partitions,target_exposure_hours_p25,target_exposure_hours_p50,target_exposure_hours_p75,accuracy_p25,accuracy_p50,accuracy_p75,balanced_accuracy_p25,balanced_accuracy_p50,balanced_accuracy_p75,macro_f1_p25,macro_f1_p50,macro_f1_p75,stationary_state_macro_f1_p25,stationary_state_macro_f1_p50,stationary_state_macro_f1_p75,charging_precision_p25,charging_precision_p50,charging_precision_p75,charging_recall_p25,charging_recall_p50,charging_recall_p75,charging_f1_p25,charging_f1_p50,charging_f1_p75,driving_f1_p25,driving_f1_p50,driving_f1_p75
A,vehicle_balanced,0,5,5,0.0,0.0,0.0,0.7829413960432997,0.8105539830165791,0.8449506970418225,0.7273281266901722,0.7504132400083945,0.7998877994182181,0.7024645620956027,0.7071427439068834,0.7888242410804137,0.6151740852968742,0.6202064267728874,0.7275124635645153,0.7244355909694555,0.7824207492795389,0.7858809801633606,0.7330779054916986,0.7843278217109992,0.9410745233968804,0.7531929582326544,0.7950138504155124,0.8544453186467349,0.9666366095581606,0.9679516953088714,0.9727595736281088
A,vehicle_balanced,1,50,5,11.813872430555552,13.584381944444448,16.86663888888889,0.7978613459248765,0.8321140498968298,0.8655520169851381,0.707367929034317,0.7524473475155049,0.8013541270156603,0.7010155483392977,0.7479879054471603,0.7988315820803432,0.6057455679489285,0.6687658351131446,0.7393918726298552,0.7050529708558295,0.7563152050706701,0.8230474966736951,0.6443586376442025,0.7950191570881227,0.8990626067375931,0.713381521933488,0.7714465903116496,0.823403988461056,0.978844987073038,0.9832478505971216,0.9862954047973816
A,vehicle_balanced,2,50,5,14.88865506944445,20.88329805555556,27.923190763888883,0.7725356064582847,0.8357701462087725,0.8693215510128061,0.7120688319400797,0.7652102526324903,0.8141364946570471,0.6836864351323118,0.7533591745282882,0.8172740823018566,0.58313057124601,0.6754799036010597,0.762487171825282,0.6853066669871757,0.7638941540712648,0.8541820720984012,0.5160817068072929,0.7342672765428347,0.8616103522645578,0.5985381383870543,0.7575351348741112,0.8222096878384284,0.9812802940261964,0.984934000214136,0.9871456090371312
A,vehicle_balanced,3,50,5,18.031372291666663,26.64440388888889,34.651666319444445,0.7874027200870575,0.8421088884030075,0.871713350556295,0.7407757757047015,0.7734009936153525,0.8167055659319098,0.7249818017100835,0.7680044040081434,0.8134098940428016,0.63745704749107,0.697346665003709,0.7557571110123307,0.7223406131372723,0.7787904671312743,0.8524898755473233,0.4879858477183646,0.7053178398635233,0.852090056594153,0.5888713656129951,0.7486480542757552,0.8163362430267307,0.9805293542085548,0.9855625599244084,0.9875811024082302
A,vehicle_balanced,5,50,5,36.727732152777776,45.67881375,57.16143305555556,0.7887167377482154,0.875675149850817,0.9032172419629448,0.7270934866415728,0.8276763429079512,0.8657098862248952,0.7200705080397559,0.8207892580933582,0.8624346612448904,0.6318050161722647,0.7670764208675659,0.8233081916204956,0.6885631103070982,0.8234751191922796,0.884608450443787,0.4799832340315402,0.7548323552605327,0.9308985565914814,0.555902984388426,0.7968202625754461,0.8707376481903741,0.9843749756571248,0.986822084955107,0.988314610819946
A,vehicle_balanced,10,50,5,76.2234475,94.57234861111112,103.08071673611111,0.8760216448279549,0.8927030575876946,0.9081855470330744,0.8511098210169178,0.8695792960170368,0.9011176445250904,0.8410749134517072,0.8602342591905885,0.8947179282923405,0.7918151381004228,0.8185702896962869,0.8640272893136498,0.8073005616218135,0.8587800681292364,0.9158615774469432,0.7267372187621314,0.8013530924209946,0.9649635036496348,0.8060786613000348,0.8299127661049858,0.8755726865420905,0.9865283312044806,0.9881257275902212,0.989451170258575
A,vehicle_balanced,18,5,5,150.26141416666667,158.93063722222223,160.99430388888888,0.8954710877476749,0.898333900034002,0.9033221351250468,0.8857003703284776,0.8872331492958537,0.8981534494012406,0.8656770107006363,0.8810137364228887,0.8965578646723045,0.8245588458505567,0.8457960930082961,0.8657612791177739,0.8038884192730347,0.8426724137931034,0.9092159559834938,0.8378854625550661,0.8432782171099928,0.964963503649635,0.8372759856630825,0.8429752066115702,0.8584440227703984,0.9889476213358962,0.9890315052508752,0.9890590809628008
A+G,vehicle_balanced,0,5,5,0.0,0.0,0.0,0.6257737760270118,0.6549085479656588,0.6763040841083704,0.5565165049356955,0.5619103080431723,0.5716160165805418,0.5428337609608325,0.5556424102446507,0.561049751822809,0.3929924247474747,0.4105044399910142,0.4169573430722931,0.5863570391872278,0.6372155287817939,0.7142857142857143,0.2948905109489051,0.3084922010398613,0.3320561941251596,0.3924235065565808,0.4405940594059406,0.4452759588400374,0.9883953581432572,0.9910563210055596,0.9923577696009056
A+G,vehicle_balanced,1,50,5,11.813872430555552,13.584381944444448,16.86663888888889,0.7716933302998743,0.8235073432862171,0.8461893631870991,0.675262975338373,0.7207947055744519,0.7645233533313835,0.6622511989689625,0.707247481165713,0.7609053562334949,0.5521575540672425,0.6123025072079153,0.6843051469140002,0.7147999847510611,0.7580032881183723,0.8588153529634839,0.5660160008101676,0.7573687994248741,0.8683313514402459,0.6559183174370261,0.7401956183117783,0.7933035129065049,0.9893160305443623,0.9913676502792226,0.9928730290845864
A+G,vehicle_balanced,2,50,5,14.88865506944445,20.88329805555556,27.923190763888883,0.7328434386914279,0.8096631411919804,0.8554628139684135,0.6644710563875348,0.7462913840214774,0.7776226489179672,0.6337322706038606,0.7221128719958954,0.7760887527959106,0.514203426014103,0.6327798709330871,0.7038876144200735,0.685485448286653,0.7956404320987653,0.8679637100767925,0.3615697625639735,0.5657773383519495,0.8596715328467154,0.4783849179729903,0.6689420161085835,0.8066108159357742,0.990244987785586,0.9917566739372744,0.9932155375234072
A+G,vehicle_balanced,3,50,5,18.031372291666663,26.64440388888889,34.651666319444445,0.7733867990061021,0.8319778575791689,0.8699575371549895,0.7165262013499957,0.7676518082387425,0.8117724749874303,0.6875492648679282,0.750652303940639,0.788581895940393,0.5862008267255174,0.6711542574923308,0.7213218676795304,0.7214084889534976,0.819167189010592,0.8628343077125402,0.4483080343428649,0.6590121317157712,0.8532374440485498,0.5985484169455454,0.7306169713438735,0.8197425694200493,0.9903034908078188,0.9912854526280734,0.9922707059238424
A+G,vehicle_balanced,5,50,5,36.727732152777776,45.67881375,57.16143305555556,0.8180849252554689,0.8627370615412688,0.9031262331133671,0.7723291752537444,0.8231359514974633,0.8667932414830224,0.7481950639042017,0.7988704728876903,0.8578144579354471,0.6666886582348677,0.735131655604954,0.8137081362117566,0.7694779049847995,0.8409444732745199,0.892526301089284,0.5680342890300996,0.7915523148851419,0.9104014598540144,0.6856180980026312,0.8012053675806062,0.8752240082027316,0.9909509960638718,0.991873427160137,0.9931229703175096
A+G,vehicle_balanced,10,50,5,76.2234475,94.57234861111112,103.08071673611111,0.8690186051943458,0.8883770646827417,0.9145774363121716,0.8252236009803668,0.859996163303237,0.9000736926915784,0.8139780694883278,0.8458235298824912,0.8963894795854044,0.7546823190911088,0.796551029230586,0.8642699911732228,0.8186695305613151,0.8671737382181042,0.9239582458442196,0.7254150702426565,0.8581497797356827,0.9602189781021896,0.7957623075254825,0.8397382022238254,0.8888048551669814,0.990786949362394,0.9925016631672804,0.993958363203949
A+G,vehicle_balanced,18,5,5,150.26141416666667,158.93063722222223,160.99430388888888,0.8979553554680173,0.900709219858156,0.9084108370400324,0.851045945058335,0.8973261779978488,0.8974822445401275,0.8557301778187588,0.8567406589571585,0.8972551082654656,0.8099669006561271,0.8110921267882721,0.8648431383659302,0.8390804597701149,0.859594383775351,0.8966861598440545,0.792235801581596,0.9004405286343612,0.9591240875912408,0.8245417134306023,0.8686782830429239,0.8727833461835004,0.9930200093066542,0.9936862554638174,0.993739328400683
A+M,vehicle_balanced,0,5,5,0.0,0.0,0.0,0.6606942889137738,0.6898503841488072,0.7129994372537986,0.5878343918709523,0.6209383475553374,0.6799214483236875,0.5684937417577187,0.5708434653005134,0.6222564259183694,0.4333571933412189,0.4405127418398479,0.5081207293436312,0.584652862362972,0.7336601307189542,0.7810858143607706,0.3503649635036496,0.3890814558058925,0.3929515418502202,0.4381560931081698,0.5084937712344281,0.5228604923798359,0.9640120733689342,0.9646635156425838,0.9676145339652448
A+M,vehicle_balanced,1,50,5,11.813872430555552,13.584381944444448,16.86663888888889,0.7256666673885783,0.7897647099586962,0.8212500152826336,0.6617921216043833,0.7105542937965472,0.7581756097195946,0.6319407437178045,0.6843621350235007,0.748842980632734,0.5178481228966394,0.5858995947264024,0.6723820386931076,0.6570766602605167,0.7300403043202608,0.8193832823649337,0.3687693829466801,0.583157618041722,0.7514598540145985,0.4735986121269295,0.6566679792193275,0.7340379879026765,0.9800316919619974,0.9848540228550968,0.9871263552469896
A+M,vehicle_balanced,2,50,5,14.88865506944445,20.88329805555556,27.923190763888883,0.6530363770571798,0.7730519130341218,0.8532026964544338,0.6286250383465735,0.7110848312138165,0.7817228906105758,0.5382338451509837,0.675073715256199,0.7866154436628823,0.3886684337125714,0.5765859784213297,0.7184676726367052,0.3498302076097861,0.7394811283783302,0.8376180257510729,0.0725645037164654,0.4825295435994758,0.7710280373831775,0.1212259869724154,0.5943879187462875,0.8074557525981444,0.9815202203511006,0.9856284723665902,0.9882584056995536
A+M,vehicle_balanced,3,50,5,18.031372291666663,26.64440388888889,34.651666319444445,0.6810527314812778,0.8135914558160597,0.8675620537232234,0.6628032224419139,0.7399936034332071,0.8196028375628094,0.5488602165387915,0.7283002575148193,0.8079558609838972,0.4036166082054048,0.6434915326495161,0.7479375497631945,0.5123054755043228,0.7801148386429716,0.8822569601453857,0.035196086004732,0.5036496350364963,0.7897196261682243,0.0660958557207174,0.6246181322974571,0.8029643068454836,0.98085036984448,0.986541006412327,0.988746011517492
A+M,vehicle_balanced,5,50,5,36.727732152777776,45.67881375,57.16143305555556,0.730108120874797,0.8614014399250367,0.8954884729601995,0.716426101443131,0.8255137312264855,0.8689172294985346,0.6431560974829937,0.8052005346645905,0.8617076229028542,0.5285281966202049,0.7448608167329185,0.818986883709116,0.7329325200712828,0.8503942078070892,0.9192461291944716,0.2563338208681424,0.7076264767209015,0.8657857366448056,0.3819290973527869,0.7900896490530245,0.8564195270875457,0.9852155168370884,0.9883339573921348,0.9893854078824686
A+M,vehicle_balanced,10,50,5,76.2234475,94.57234861111112,103.08071673611111,0.8760576435701257,0.8932086234684491,0.9116348374547624,0.8440079054471257,0.8668516293762194,0.901554597919064,0.8298782708852783,0.8572176012393964,0.887920755403763,0.776875311027163,0.8135789463458187,0.8536367029936192,0.8417018629192567,0.9075903286469468,0.9393078693251103,0.7008301404853129,0.8250027722160409,0.9020116284561336,0.8042881889207056,0.841588234497515,0.8772905397470173,0.9873764566597204,0.9890271729425733,0.9903100706890212
A+M,vehicle_balanced,18,5,5,150.26141416666667,158.93063722222223,160.99430388888888,0.891389983117614,0.9096677864874954,0.9126566922765872,0.8702131778473989,0.8847681919156849,0.908183226043104,0.8565130502713711,0.8650426369848008,0.8928420544382629,0.8120020244615288,0.8236873454808773,0.8604848910281545,0.871268656716418,0.9119341563786008,0.9225449515905948,0.796549245147376,0.8229074889867841,0.9601386481802426,0.8463978251019484,0.8503453568687643,0.8839250099720782,0.9897244278374592,0.989913544668588,0.9900461277008984
A+M+G,vehicle_balanced,0,5,5,0.0,0.0,0.0,0.5938783128032848,0.6435503437120906,0.6621646970549615,0.5099264048176423,0.5340450295446862,0.593888135743553,0.4463784499779623,0.4520930210725996,0.4909168441808594,0.2644774506493494,0.272438587761613,0.3253718365011735,0.0664451827242525,0.0879120879120879,0.1224489795918367,0.0115025161754133,0.0145985401459854,0.0147313691507798,0.0188679245283018,0.0239377618192698,0.0268562401263823,0.988009592326139,0.9910563210055596,0.9920814479638008
A+M+G,vehicle_balanced,1,50,5,11.813872430555552,13.584381944444448,16.86663888888889,0.6876365194295351,0.7513725515580207,0.8209933802423396,0.6198035350557464,0.6758831042818911,0.7085566432843746,0.5635419601489058,0.6548524883873901,0.7069934061077658,0.4212191974709973,0.543344374836856,0.6120751265963598,0.5661175107032193,0.6941698587978877,0.7996178281605922,0.1797356828193831,0.4337756036112465,0.7393984540379039,0.2656510491520552,0.5303654885907534,0.7461389584257778,0.9889389598640204,0.990865865865866,0.9924815468543884
A+M+G,vehicle_balanced,2,50,5,14.88865506944445,20.88329805555556,27.923190763888883,0.6535783706574618,0.7884990089214987,0.8394904458598726,0.6392956076865918,0.7014848264772787,0.7646500430577299,0.5301882233610857,0.6753878336021686,0.758900696453426,0.3767074728432647,0.5696648248477574,0.681627576859489,0.3791576070987835,0.7401969580066151,0.8336783816488662,0.057639392574382,0.4825262601200623,0.7371975473193155,0.0972291368793523,0.6166987574132379,0.7527659574468085,0.989606074071212,0.9915151515151516,0.9927780160422254
A+M+G,vehicle_balanced,3,50,5,18.031372291666663,26.64440388888889,34.651666319444445,0.6892159637250341,0.793022076050306,0.8698674878686077,0.6513166285307727,0.7389463301448624,0.8087377143402977,0.5509643982931519,0.708994645881776,0.8034712824130411,0.4045844621667693,0.6161191744450047,0.7408425089882714,0.4148143128219029,0.7642591106536643,0.8715977739838466,0.0272639893224964,0.3933206849953045,0.7587591240875913,0.0494464944649446,0.5298893951689708,0.8108573252806105,0.990266441911658,0.99146410838341,0.9924615860283084
A+M+G,vehicle_balanced,5,50,5,36.727732152777776,45.67881375,57.16143305555556,0.7183608341667397,0.8497009241980424,0.8939192032880646,0.6937350697609876,0.8227186954916149,0.8536066042767627,0.6093700756163154,0.8026913727594409,0.8418807689499623,0.4818905209934184,0.7398862439179859,0.7916333526977759,0.6139754699839262,0.8541521353242143,0.931976597489434,0.2079295154185021,0.5861003917723222,0.7919805912129093,0.3099114425024156,0.7127570041120658,0.8479648687548895,0.990526380283627,0.9912832602717174,0.992576932001958
A+M+G,vehicle_balanced,10,50,5,76.2234475,94.57234861111112,103.08071673611111,0.8659469568174091,0.8852991183203729,0.9096721614634832,0.8383839436872331,0.8571639386119375,0.8875137071657223,0.8265468457487801,0.8492185788502633,0.8754246565945967,0.7717951039069183,0.8015254606140181,0.8366931643789208,0.8238537608296482,0.8931756457422424,0.9621369691710904,0.6545338441890166,0.73290518225958,0.9127753303964756,0.7642697374681138,0.8169833003279277,0.8760549651818276,0.9907656335863262,0.9919863969125922,0.9934473968710172
A+M+G,vehicle_balanced,18,5,5,150.26141416666667,158.93063722222223,160.99430388888888,0.8865248226950354,0.9020741244474668,0.9175090982612212,0.8771216017183203,0.8858298078070581,0.8956244830927667,0.8598202787605235,0.8648077748701818,0.8807850608978416,0.8154360036974979,0.8221591587641072,0.842643171874006,0.8689655172413793,0.9318181818181818,0.9328512396694216,0.7254150702426565,0.7770925110132159,0.9576642335766424,0.8204651162790698,0.8371407516580692,0.8897731794667728,0.9927536231884058,0.9927856644170352,0.9929731039496
G,vehicle_balanced,0,5,5,0.0,0.0,0.0,0.6312171451678124,0.6438969764837627,0.6548489964359407,0.497203478066004,0.531839623873821,0.547757935042323,0.4529744808259975,0.487327577023426,0.5135018899903059,0.2738736069091408,0.3192326687121915,0.3537304893357334,0.15,0.3276595744680851,0.3997113997113997,0.0510948905109489,0.0667244367417677,0.199137311286844,0.0755531570426335,0.1108711303095752,0.2658349328214971,0.990277102576568,0.9903244166192372,0.9916123019571296
G,vehicle_balanced,1,50,5,11.813872430555552,13.584381944444448,16.86663888888889,0.6275778406793369,0.6504785515598384,0.6638998311761396,0.4982822824843962,0.53806708093393,0.5556567460891116,0.464871815946,0.4946544711760767,0.5327019915532005,0.2898010886368428,0.3290404052548916,0.3792930009459185,0.1940058281377067,0.3974665736475227,0.4884911470361817,0.0629562043795619,0.1452618358668183,0.2571057509826443,0.0923055020982206,0.2102821706340577,0.3379823079658606,0.9891414660237524,0.9904746508653416,0.991938262820136
G,vehicle_balanced,2,50,5,14.88865506944445,20.88329805555556,27.923190763888883,0.6368058266269935,0.658203021444203,0.6696648434167656,0.5231129560714496,0.5489246724202904,0.5712523669905959,0.4675887820840461,0.5071991215358549,0.5445311111943683,0.2933977682930637,0.3467384662355327,0.3955996304485681,0.2082219628806987,0.3891130079470886,0.5126413615891796,0.0608192387000467,0.1148461365317212,0.2883141762452107,0.0934011417249402,0.1700349530047686,0.3650797412591311,0.9887437063284732,0.9909700835669738,0.9918227863124346
G,vehicle_balanced,3,50,5,18.031372291666663,26.64440388888889,34.651666319444445,0.6343509906995551,0.6532723766903572,0.672528606265241,0.5198708401235548,0.55072379243817,0.5784602158025121,0.4705281452539579,0.5045552544609359,0.5433700621831347,0.2971928657256172,0.3422797271206798,0.3945951763253174,0.2442777380857876,0.4394647640916297,0.5638340204571548,0.0571012916039417,0.1571213798821411,0.2994891443167305,0.0894473344545703,0.2175439653397995,0.3864472583435537,0.9897612024370932,0.9909046943692544,0.9918528744702946
G,vehicle_balanced,5,50,5,36.727732152777776,45.67881375,57.16143305555556,0.6426048291527577,0.6758716516923384,0.7105202394637146,0.5576457212910726,0.5819823918543968,0.6227569535162332,0.497940880952063,0.5397421035871952,0.5959617796463796,0.3335399662028929,0.3901327240940202,0.4645142142587398,0.4153205557415466,0.5316163502438012,0.6195999366236236,0.0777288884846506,0.2349936143039591,0.4190116620521856,0.1229484823521956,0.3158935813942494,0.5044744949757615,0.9899541266104768,0.9910259329718356,0.9920320971337936
G,vehicle_balanced,10,50,5,76.2234475,94.57234861111112,103.08071673611111,0.6890950016999403,0.7138478430015951,0.7405225407902926,0.5985430669144406,0.6232544503517612,0.6515963881098985,0.5313083362287632,0.5996684727912871,0.6238617817993778,0.3787532931115868,0.4687008857934431,0.5011491062230724,0.5131822776280324,0.6447331557660057,0.722798739276176,0.1998149020385565,0.3731128684399712,0.4891443167305236,0.2967741317732221,0.4682577373430651,0.573148624509542,0.9907598780097948,0.9916778305525108,0.9925268065268064
G,vehicle_balanced,18,5,5,150.26141416666667,158.93063722222223,160.99430388888888,0.7378442706562394,0.7715565509518477,0.7972098665588354,0.6720928575358245,0.6940723653787972,0.7329284917022751,0.6405956315078096,0.6879712128940434,0.6943692376056047,0.52373061562034,0.5862780961440509,0.594515461583713,0.7053231939163498,0.7479861910241657,0.749379652605459,0.4672897196261682,0.4738186462324393,0.5233968804159446,0.5668449197860963,0.5752212389380531,0.6163265306122448,0.9909112095082732,0.9911906791702187,0.9930505631440212
M,vehicle_balanced,0,5,5,0.0,0.0,0.0,0.5218365061590146,0.5346088913899831,0.5551961180752123,0.4268462457081734,0.4274800794794658,0.435775283380811,0.3914743321932503,0.3949061934847303,0.3989930064632275,0.1990007499500224,0.2052866893521894,0.207441438113707,0.1123595505617977,0.1447368421052631,0.2835820895522388,0.0095320623916811,0.0096916299559471,0.0215672178289,0.0181668042939719,0.0187393526405451,0.0361881785283474,0.963764705882353,0.9654861267764494,0.968895078922934
M,vehicle_balanced,1,50,5,11.813872430555552,13.584381944444448,16.86663888888889,0.5778159418709852,0.6171006960094713,0.6609905216933396,0.4854385786360299,0.5118575607975804,0.5550774954378841,0.4233017335937779,0.4593554215818241,0.5072215738037702,0.242814679893994,0.2891576848778961,0.3520946083852251,0.0025252525252525,0.2940734852499558,0.650159051474841,0.0002202643171806,0.058053009716385,0.1189570362580938,0.0004051863857374,0.0998117548100065,0.1879704136205289,0.9666381399160492,0.9697042341220424,0.9745509675285298
M,vehicle_balanced,2,50,5,14.88865506944445,20.88329805555556,27.923190763888883,0.5842294871886315,0.6556263362671015,0.7255678557273946,0.5085750420496571,0.5468807022973237,0.627543555649221,0.4427965933224891,0.4872548642824544,0.6089157515160624,0.2651824846859929,0.3288501084257674,0.4860420556755697,0.0141941391941391,0.433517156862745,0.7522686025408349,0.001101321585903,0.0716446911336931,0.4394694776583271,0.0020134820446793,0.1187581913499344,0.5623028706032658,0.967813049624242,0.9700925828083722,0.9772300469483568
M,vehicle_balanced,3,50,5,18.031372291666663,26.64440388888889,34.651666319444445,0.5895769344624082,0.6642975129273005,0.7487204295952025,0.5081630273026372,0.5554483512283298,0.6380831024412436,0.4473816674193879,0.4805096868421592,0.6265731711488717,0.2721062814813946,0.3162144174516116,0.5091690102577909,0.0,0.4560787671232876,0.7330592746652801,0.0,0.0444372829161743,0.52854875188254,0.0,0.0805332840025326,0.5957485903682759,0.9697132795758096,0.9735281009378036,0.9779171886993732
M,vehicle_balanced,5,50,5,36.727732152777776,45.67881375,57.16143305555556,0.6084714921148403,0.7141188959660296,0.7942276587141124,0.54209495191449,0.6217446563256015,0.7105597044417613,0.4531067224709711,0.6099886110614543,0.695147344077669,0.2801086249575356,0.4880878379203144,0.6009888175599111,0.0184156502837821,0.7199286393204027,0.8207100591715977,0.0010202465820234,0.3065023922258856,0.6029029462738302,0.001909978708612,0.4478466977145279,0.6949350829569743,0.9710287065925634,0.976365504368983,0.9803492616360904
M,vehicle_balanced,10,50,5,76.2234475,94.57234861111112,103.08071673611111,0.6760072833669383,0.7623180291153415,0.7961825339648042,0.5950868128257062,0.6885923441005454,0.760517891014754,0.5484297243637782,0.6601824303790702,0.72397374360732,0.404893140771001,0.5555162092119443,0.6397621233840087,0.6683653811421622,0.8188779682588552,0.8689865372660722,0.2027458492975734,0.501078360891445,0.6039861351819757,0.3277928440206455,0.6160934453132543,0.7010209866555187,0.9751244253288116,0.9784853265672844,0.9826296699383812
M,vehicle_balanced,18,5,5,150.26141416666667,158.93063722222223,160.99430388888888,0.7779193205944799,0.7879805897723031,0.798625151637687,0.7173698915004216,0.7688258141915117,0.7763852236674472,0.6848314062899705,0.7225508544070277,0.7265537006377513,0.5877098080500079,0.6356533402886092,0.6408720128620615,0.8666666666666667,0.8792270531400966,0.8825757575757576,0.5039539899352984,0.5313868613138686,0.6057192374350087,0.6536130536130537,0.6624203821656051,0.7183967112024666,0.97744014732965,0.9824281150159744,0.9832433967622836
M+G,vehicle_balanced,0,5,5,0.0,0.0,0.0,0.5462859275849198,0.5527699150828953,0.5931344963421497,0.4146280689896995,0.420556188211748,0.4779777106367778,0.4095405931688926,0.4337469016903965,0.4352339290031444,0.2158431298075536,0.2476290783381247,0.2494488883640618,0.0,0.0131578947368421,0.3407407407407407,0.0,0.0008665511265164,0.0992092020129403,0.0,0.0016260162601626,0.153674832962138,0.9906329832529096,0.99102159669983,0.992100371747212
M+G,vehicle_balanced,1,50,5,11.813872430555552,13.584381944444448,16.86663888888889,0.5645976546704408,0.6233477601377815,0.6897521354080797,0.4518419851647377,0.5290515465057066,0.5889352989059478,0.4219547340901618,0.4660530630517052,0.557754049317774,0.2325666479617238,0.2916069022384124,0.4125849749858193,0.0009057971014492,0.3658313204508856,0.6724039377580184,0.0001824817518248,0.1132278936017253,0.3200381693655799,0.0003037667071688,0.1774735632367849,0.4244100984673915,0.988878676731064,0.9902753006695256,0.9912384626788996
M+G,vehicle_balanced,2,50,5,14.88865506944445,20.88329805555556,27.923190763888883,0.5776409107876074,0.6425713642612216,0.719296590916474,0.4891262491089659,0.5596993922436987,0.616124172400229,0.4347699181118801,0.5070099772007435,0.6163618246230502,0.2493959560348628,0.3473793339894532,0.4915710811003821,0.0160799168152108,0.5882062088444946,0.7183146141996856,0.0010831889081455,0.1485911529417813,0.4747305468759882,0.0020255805053141,0.2303314939821724,0.5722020608849079,0.9887436465125596,0.9903199989417149,0.9917003188313852
M+G,vehicle_balanced,3,50,5,18.031372291666663,26.64440388888889,34.651666319444445,0.5900493962609201,0.6645252907633659,0.7277169146072331,0.4993535375698687,0.5821761278919365,0.6410133721668313,0.4367556340297999,0.544496009487708,0.6305665798666923,0.2518554587410512,0.3965396663169538,0.5103133874760222,0.0128129312044154,0.6518516531419758,0.7460563933525963,0.0008665511265164,0.2209450830140485,0.5213503649635036,0.001619639759698,0.3373530754307885,0.6140523623452327,0.9893379608037326,0.9906738040659516,0.9916026856892914
M+G,vehicle_balanced,5,50,5,36.727732152777776,45.67881375,57.16143305555556,0.6381497915198491,0.7119263295791993,0.798944530889403,0.5670176093784118,0.6322901467977735,0.7087279052907685,0.4746202483336902,0.6156111394761402,0.6846629561833354,0.3024550722578321,0.4903727860251617,0.5828340994016675,0.3785414851916376,0.7219601005179752,0.821644810235568,0.02803738317757,0.3265183507192064,0.6077882762049173,0.0530746949443158,0.4497332155477032,0.7018091268881209,0.9896935236585525,0.9911716129374366,0.9920801898735594
M+G,vehicle_balanced,10,50,5,76.2234475,94.57234861111112,103.08071673611111,0.6906664399863992,0.7795819335572975,0.8088767045419383,0.6455282008776426,0.6967325828648901,0.7477993848010608,0.5922132761304643,0.6778551139534614,0.7233349418323421,0.459931332448708,0.5742452829812041,0.6347003210865765,0.7189778672032193,0.8058953448861705,0.8578030906921059,0.35492700729927,0.552919708029197,0.6172817144629936,0.4586587356860878,0.6491858822365594,0.7150914097851536,0.9900307681748683,0.9915523661788486,0.9927939364511824
M+G,vehicle_balanced,18,5,5,150.26141416666667,158.93063722222223,160.99430388888888,0.803471444568869,0.8117670845127376,0.8395103706222373,0.7471653284643796,0.7506085347486322,0.7763764592446805,0.7013010303093781,0.728897003099284,0.7673883909554471,0.6048938808337273,0.6404459642026549,0.6932046419982756,0.8137028483448807,0.8213944603629417,0.854679802955665,0.6013864818024264,0.6182602444284687,0.6998722860791826,0.7054963084495488,0.7060020345879959,0.8011695906432749,0.9905224787363304,0.9909112095082732,0.9914627205463858
