feature_name,feature_type,modality,axis,domain,descriptor_family,magnetic_analysis_group,statistic,frequency_band,unit,source_feature,used_for_causal_centering,is_causal_derived,included_in_raw_representation,included_in_causal_representation,description
accx_mean,base,accelerometer,x,time,level_or_amplitude,not_applicable,mean,,not_encoded_in_source_manifest,,True,False,True,False,mean of the acceleration X axis.
accx_std,base,accelerometer,x,time,variability,not_applicable,standard deviation,,not_encoded_in_source_manifest,,False,False,True,True,standard deviation of the acceleration X axis.
accx_median,base,accelerometer,x,time,level_or_amplitude,not_applicable,median,,not_encoded_in_source_manifest,,True,False,True,False,median of the acceleration X axis.
accx_iqr,base,accelerometer,x,time,variability,not_applicable,interquartile range,,not_encoded_in_source_manifest,,False,False,True,True,interquartile range of the acceleration X axis.
accx_p95,base,accelerometer,x,time,level_or_amplitude,not_applicable,95th percentile,,not_encoded_in_source_manifest,,True,False,True,False,95th percentile of the acceleration X axis.
accx_mad,base,accelerometer,x,time,variability,not_applicable,MAD statistic,,not_encoded_in_source_manifest,,False,False,True,True,MAD statistic of the acceleration X axis.
accx_rms,base,accelerometer,x,time,level_or_amplitude,not_applicable,root mean square,,not_encoded_in_source_manifest,,False,False,True,True,root mean square of the acceleration X axis.
accx_diff_mean,base,accelerometer,x,temporal_difference,dynamic,not_applicable,mean of first differences,,not_encoded_in_source_manifest,,False,False,True,True,mean of first differences of the acceleration X axis.
accx_diff_std,base,accelerometer,x,temporal_difference,dynamic,not_applicable,standard deviation of first differences,,not_encoded_in_source_manifest,,False,False,True,True,standard deviation of first differences of the acceleration X axis.
accx_jerk_rms,base,accelerometer,x,temporal_derivative,dynamic,not_applicable,jerk RMS,,not_encoded_in_source_manifest,,False,False,True,True,jerk RMS of the acceleration X axis.
accx_jerk_std,base,accelerometer,x,temporal_derivative,dynamic,not_applicable,jerk standard deviation,,not_encoded_in_source_manifest,,False,False,True,True,jerk standard deviation of the acceleration X axis.
accx_jerk_max,base,accelerometer,x,temporal_derivative,dynamic,not_applicable,jerk maximum,,not_encoded_in_source_manifest,,False,False,True,True,jerk maximum of the acceleration X axis.
accy_mean,base,accelerometer,y,time,level_or_amplitude,not_applicable,mean,,not_encoded_in_source_manifest,,True,False,True,False,mean of the acceleration Y axis.
accy_std,base,accelerometer,y,time,variability,not_applicable,standard deviation,,not_encoded_in_source_manifest,,False,False,True,True,standard deviation of the acceleration Y axis.
accy_median,base,accelerometer,y,time,level_or_amplitude,not_applicable,median,,not_encoded_in_source_manifest,,True,False,True,False,median of the acceleration Y axis.
accy_iqr,base,accelerometer,y,time,variability,not_applicable,interquartile range,,not_encoded_in_source_manifest,,False,False,True,True,interquartile range of the acceleration Y axis.
accy_p95,base,accelerometer,y,time,level_or_amplitude,not_applicable,95th percentile,,not_encoded_in_source_manifest,,True,False,True,False,95th percentile of the acceleration Y axis.
accy_mad,base,accelerometer,y,time,variability,not_applicable,MAD statistic,,not_encoded_in_source_manifest,,False,False,True,True,MAD statistic of the acceleration Y axis.
accy_rms,base,accelerometer,y,time,level_or_amplitude,not_applicable,root mean square,,not_encoded_in_source_manifest,,False,False,True,True,root mean square of the acceleration Y axis.
accy_diff_mean,base,accelerometer,y,temporal_difference,dynamic,not_applicable,mean of first differences,,not_encoded_in_source_manifest,,False,False,True,True,mean of first differences of the acceleration Y axis.
accy_diff_std,base,accelerometer,y,temporal_difference,dynamic,not_applicable,standard deviation of first differences,,not_encoded_in_source_manifest,,False,False,True,True,standard deviation of first differences of the acceleration Y axis.
accy_jerk_rms,base,accelerometer,y,temporal_derivative,dynamic,not_applicable,jerk RMS,,not_encoded_in_source_manifest,,False,False,True,True,jerk RMS of the acceleration Y axis.
accy_jerk_std,base,accelerometer,y,temporal_derivative,dynamic,not_applicable,jerk standard deviation,,not_encoded_in_source_manifest,,False,False,True,True,jerk standard deviation of the acceleration Y axis.
accy_jerk_max,base,accelerometer,y,temporal_derivative,dynamic,not_applicable,jerk maximum,,not_encoded_in_source_manifest,,False,False,True,True,jerk maximum of the acceleration Y axis.
accz_mean,base,accelerometer,z,time,level_or_amplitude,not_applicable,mean,,not_encoded_in_source_manifest,,True,False,True,False,mean of the acceleration Z axis.
accz_std,base,accelerometer,z,time,variability,not_applicable,standard deviation,,not_encoded_in_source_manifest,,False,False,True,True,standard deviation of the acceleration Z axis.
accz_median,base,accelerometer,z,time,level_or_amplitude,not_applicable,median,,not_encoded_in_source_manifest,,True,False,True,False,median of the acceleration Z axis.
accz_iqr,base,accelerometer,z,time,variability,not_applicable,interquartile range,,not_encoded_in_source_manifest,,False,False,True,True,interquartile range of the acceleration Z axis.
accz_p95,base,accelerometer,z,time,level_or_amplitude,not_applicable,95th percentile,,not_encoded_in_source_manifest,,True,False,True,False,95th percentile of the acceleration Z axis.
accz_mad,base,accelerometer,z,time,variability,not_applicable,MAD statistic,,not_encoded_in_source_manifest,,False,False,True,True,MAD statistic of the acceleration Z axis.
accz_rms,base,accelerometer,z,time,level_or_amplitude,not_applicable,root mean square,,not_encoded_in_source_manifest,,False,False,True,True,root mean square of the acceleration Z axis.
accz_diff_mean,base,accelerometer,z,temporal_difference,dynamic,not_applicable,mean of first differences,,not_encoded_in_source_manifest,,False,False,True,True,mean of first differences of the acceleration Z axis.
accz_diff_std,base,accelerometer,z,temporal_difference,dynamic,not_applicable,standard deviation of first differences,,not_encoded_in_source_manifest,,False,False,True,True,standard deviation of first differences of the acceleration Z axis.
accz_jerk_rms,base,accelerometer,z,temporal_derivative,dynamic,not_applicable,jerk RMS,,not_encoded_in_source_manifest,,False,False,True,True,jerk RMS of the acceleration Z axis.
accz_jerk_std,base,accelerometer,z,temporal_derivative,dynamic,not_applicable,jerk standard deviation,,not_encoded_in_source_manifest,,False,False,True,True,jerk standard deviation of the acceleration Z axis.
accz_jerk_max,base,accelerometer,z,temporal_derivative,dynamic,not_applicable,jerk maximum,,not_encoded_in_source_manifest,,False,False,True,True,jerk maximum of the acceleration Z axis.
gyrx_mean,base,gyroscope,x,time,level_or_amplitude,not_applicable,mean,,not_encoded_in_source_manifest,,True,False,True,False,mean of the angular-rate X axis.
gyrx_std,base,gyroscope,x,time,variability,not_applicable,standard deviation,,not_encoded_in_source_manifest,,False,False,True,True,standard deviation of the angular-rate X axis.
gyrx_median,base,gyroscope,x,time,level_or_amplitude,not_applicable,median,,not_encoded_in_source_manifest,,True,False,True,False,median of the angular-rate X axis.
gyrx_iqr,base,gyroscope,x,time,variability,not_applicable,interquartile range,,not_encoded_in_source_manifest,,False,False,True,True,interquartile range of the angular-rate X axis.
gyrx_p95,base,gyroscope,x,time,level_or_amplitude,not_applicable,95th percentile,,not_encoded_in_source_manifest,,True,False,True,False,95th percentile of the angular-rate X axis.
gyrx_mad,base,gyroscope,x,time,variability,not_applicable,MAD statistic,,not_encoded_in_source_manifest,,False,False,True,True,MAD statistic of the angular-rate X axis.
gyrx_rms,base,gyroscope,x,time,level_or_amplitude,not_applicable,root mean square,,not_encoded_in_source_manifest,,False,False,True,True,root mean square of the angular-rate X axis.
gyrx_diff_mean,base,gyroscope,x,temporal_difference,dynamic,not_applicable,mean of first differences,,not_encoded_in_source_manifest,,False,False,True,True,mean of first differences of the angular-rate X axis.
gyrx_diff_std,base,gyroscope,x,temporal_difference,dynamic,not_applicable,standard deviation of first differences,,not_encoded_in_source_manifest,,False,False,True,True,standard deviation of first differences of the angular-rate X axis.
gyry_mean,base,gyroscope,y,time,level_or_amplitude,not_applicable,mean,,not_encoded_in_source_manifest,,True,False,True,False,mean of the angular-rate Y axis.
gyry_std,base,gyroscope,y,time,variability,not_applicable,standard deviation,,not_encoded_in_source_manifest,,False,False,True,True,standard deviation of the angular-rate Y axis.
gyry_median,base,gyroscope,y,time,level_or_amplitude,not_applicable,median,,not_encoded_in_source_manifest,,True,False,True,False,median of the angular-rate Y axis.
gyry_iqr,base,gyroscope,y,time,variability,not_applicable,interquartile range,,not_encoded_in_source_manifest,,False,False,True,True,interquartile range of the angular-rate Y axis.
gyry_p95,base,gyroscope,y,time,level_or_amplitude,not_applicable,95th percentile,,not_encoded_in_source_manifest,,True,False,True,False,95th percentile of the angular-rate Y axis.
gyry_mad,base,gyroscope,y,time,variability,not_applicable,MAD statistic,,not_encoded_in_source_manifest,,False,False,True,True,MAD statistic of the angular-rate Y axis.
gyry_rms,base,gyroscope,y,time,level_or_amplitude,not_applicable,root mean square,,not_encoded_in_source_manifest,,False,False,True,True,root mean square of the angular-rate Y axis.
gyry_diff_mean,base,gyroscope,y,temporal_difference,dynamic,not_applicable,mean of first differences,,not_encoded_in_source_manifest,,False,False,True,True,mean of first differences of the angular-rate Y axis.
gyry_diff_std,base,gyroscope,y,temporal_difference,dynamic,not_applicable,standard deviation of first differences,,not_encoded_in_source_manifest,,False,False,True,True,standard deviation of first differences of the angular-rate Y axis.
gyrz_mean,base,gyroscope,z,time,level_or_amplitude,not_applicable,mean,,not_encoded_in_source_manifest,,True,False,True,False,mean of the angular-rate Z axis.
gyrz_std,base,gyroscope,z,time,variability,not_applicable,standard deviation,,not_encoded_in_source_manifest,,False,False,True,True,standard deviation of the angular-rate Z axis.
gyrz_median,base,gyroscope,z,time,level_or_amplitude,not_applicable,median,,not_encoded_in_source_manifest,,True,False,True,False,median of the angular-rate Z axis.
gyrz_iqr,base,gyroscope,z,time,variability,not_applicable,interquartile range,,not_encoded_in_source_manifest,,False,False,True,True,interquartile range of the angular-rate Z axis.
gyrz_p95,base,gyroscope,z,time,level_or_amplitude,not_applicable,95th percentile,,not_encoded_in_source_manifest,,True,False,True,False,95th percentile of the angular-rate Z axis.
gyrz_mad,base,gyroscope,z,time,variability,not_applicable,MAD statistic,,not_encoded_in_source_manifest,,False,False,True,True,MAD statistic of the angular-rate Z axis.
gyrz_rms,base,gyroscope,z,time,level_or_amplitude,not_applicable,root mean square,,not_encoded_in_source_manifest,,False,False,True,True,root mean square of the angular-rate Z axis.
gyrz_diff_mean,base,gyroscope,z,temporal_difference,dynamic,not_applicable,mean of first differences,,not_encoded_in_source_manifest,,False,False,True,True,mean of first differences of the angular-rate Z axis.
gyrz_diff_std,base,gyroscope,z,temporal_difference,dynamic,not_applicable,standard deviation of first differences,,not_encoded_in_source_manifest,,False,False,True,True,standard deviation of first differences of the angular-rate Z axis.
magx_raw_std,base,magnetometer,x,time,variability,variability_dynamics,standard deviation,,not_encoded_in_source_manifest,,False,False,True,True,standard deviation of the magnetic-field X axis.
magx_raw_iqr,base,magnetometer,x,time,variability,variability_dynamics,interquartile range,,not_encoded_in_source_manifest,,False,False,True,True,interquartile range of the magnetic-field X axis.
magx_raw_p95,base,magnetometer,x,time,level_or_amplitude,level_amplitude,95th percentile,,not_encoded_in_source_manifest,,True,False,True,False,95th percentile of the magnetic-field X axis.
magx_raw_mad,base,magnetometer,x,time,variability,variability_dynamics,MAD statistic,,not_encoded_in_source_manifest,,False,False,True,True,MAD statistic of the magnetic-field X axis.
magx_raw_rms,base,magnetometer,x,time,level_or_amplitude,level_amplitude,root mean square,,not_encoded_in_source_manifest,,False,False,True,True,root mean square of the magnetic-field X axis.
magx_raw_abs_mean,base,magnetometer,x,time,level_or_amplitude,level_amplitude,mean absolute value,,not_encoded_in_source_manifest,,True,False,True,False,mean absolute value of the magnetic-field X axis.
magx_raw_abs_p95,base,magnetometer,x,time,level_or_amplitude,level_amplitude,95th percentile of absolute value,,not_encoded_in_source_manifest,,True,False,True,False,95th percentile of absolute value of the magnetic-field X axis.
magx_raw_range,base,magnetometer,x,time,variability,variability_dynamics,range,,not_encoded_in_source_manifest,,False,False,True,True,range of the magnetic-field X axis.
magx_raw_diff_std,base,magnetometer,x,temporal_difference,dynamic,variability_dynamics,standard deviation of first differences,,not_encoded_in_source_manifest,,False,False,True,True,standard deviation of first differences of the magnetic-field X axis.
magy_raw_std,base,magnetometer,y,time,variability,variability_dynamics,standard deviation,,not_encoded_in_source_manifest,,False,False,True,True,standard deviation of the magnetic-field Y axis.
magy_raw_iqr,base,magnetometer,y,time,variability,variability_dynamics,interquartile range,,not_encoded_in_source_manifest,,False,False,True,True,interquartile range of the magnetic-field Y axis.
magy_raw_p95,base,magnetometer,y,time,level_or_amplitude,level_amplitude,95th percentile,,not_encoded_in_source_manifest,,True,False,True,False,95th percentile of the magnetic-field Y axis.
magy_raw_mad,base,magnetometer,y,time,variability,variability_dynamics,MAD statistic,,not_encoded_in_source_manifest,,False,False,True,True,MAD statistic of the magnetic-field Y axis.
magy_raw_rms,base,magnetometer,y,time,level_or_amplitude,level_amplitude,root mean square,,not_encoded_in_source_manifest,,False,False,True,True,root mean square of the magnetic-field Y axis.
magy_raw_abs_mean,base,magnetometer,y,time,level_or_amplitude,level_amplitude,mean absolute value,,not_encoded_in_source_manifest,,True,False,True,False,mean absolute value of the magnetic-field Y axis.
magy_raw_abs_p95,base,magnetometer,y,time,level_or_amplitude,level_amplitude,95th percentile of absolute value,,not_encoded_in_source_manifest,,True,False,True,False,95th percentile of absolute value of the magnetic-field Y axis.
magy_raw_range,base,magnetometer,y,time,variability,variability_dynamics,range,,not_encoded_in_source_manifest,,False,False,True,True,range of the magnetic-field Y axis.
magy_raw_diff_std,base,magnetometer,y,temporal_difference,dynamic,variability_dynamics,standard deviation of first differences,,not_encoded_in_source_manifest,,False,False,True,True,standard deviation of first differences of the magnetic-field Y axis.
magz_raw_std,base,magnetometer,z,time,variability,variability_dynamics,standard deviation,,not_encoded_in_source_manifest,,False,False,True,True,standard deviation of the magnetic-field Z axis.
magz_raw_iqr,base,magnetometer,z,time,variability,variability_dynamics,interquartile range,,not_encoded_in_source_manifest,,False,False,True,True,interquartile range of the magnetic-field Z axis.
magz_raw_p95,base,magnetometer,z,time,level_or_amplitude,level_amplitude,95th percentile,,not_encoded_in_source_manifest,,True,False,True,False,95th percentile of the magnetic-field Z axis.
magz_raw_mad,base,magnetometer,z,time,variability,variability_dynamics,MAD statistic,,not_encoded_in_source_manifest,,False,False,True,True,MAD statistic of the magnetic-field Z axis.
magz_raw_rms,base,magnetometer,z,time,level_or_amplitude,level_amplitude,root mean square,,not_encoded_in_source_manifest,,False,False,True,True,root mean square of the magnetic-field Z axis.
magz_raw_abs_mean,base,magnetometer,z,time,level_or_amplitude,level_amplitude,mean absolute value,,not_encoded_in_source_manifest,,True,False,True,False,mean absolute value of the magnetic-field Z axis.
magz_raw_abs_p95,base,magnetometer,z,time,level_or_amplitude,level_amplitude,95th percentile of absolute value,,not_encoded_in_source_manifest,,True,False,True,False,95th percentile of absolute value of the magnetic-field Z axis.
magz_raw_range,base,magnetometer,z,time,variability,variability_dynamics,range,,not_encoded_in_source_manifest,,False,False,True,True,range of the magnetic-field Z axis.
magz_raw_diff_std,base,magnetometer,z,temporal_difference,dynamic,variability_dynamics,standard deviation of first differences,,not_encoded_in_source_manifest,,False,False,True,True,standard deviation of first differences of the magnetic-field Z axis.
acc_norm_mean,base,accelerometer,norm,time,level_or_amplitude,not_applicable,mean,,not_encoded_in_source_manifest,,False,False,True,True,mean of the acceleration vector norm.
acc_norm_std,base,accelerometer,norm,time,variability,not_applicable,standard deviation,,not_encoded_in_source_manifest,,False,False,True,True,standard deviation of the acceleration vector norm.
acc_norm_median,base,accelerometer,norm,time,level_or_amplitude,not_applicable,median,,not_encoded_in_source_manifest,,False,False,True,True,median of the acceleration vector norm.
acc_norm_iqr,base,accelerometer,norm,time,variability,not_applicable,interquartile range,,not_encoded_in_source_manifest,,False,False,True,True,interquartile range of the acceleration vector norm.
acc_norm_p95,base,accelerometer,norm,time,level_or_amplitude,not_applicable,95th percentile,,not_encoded_in_source_manifest,,False,False,True,True,95th percentile of the acceleration vector norm.
acc_norm_mad,base,accelerometer,norm,time,variability,not_applicable,MAD statistic,,not_encoded_in_source_manifest,,False,False,True,True,MAD statistic of the acceleration vector norm.
acc_norm_rms,base,accelerometer,norm,time,level_or_amplitude,not_applicable,root mean square,,not_encoded_in_source_manifest,,False,False,True,True,root mean square of the acceleration vector norm.
acc_norm_diff_mean,base,accelerometer,norm,temporal_difference,dynamic,not_applicable,mean of first differences,,not_encoded_in_source_manifest,,False,False,True,True,mean of first differences of the acceleration vector norm.
acc_norm_diff_std,base,accelerometer,norm,temporal_difference,dynamic,not_applicable,standard deviation of first differences,,not_encoded_in_source_manifest,,False,False,True,True,standard deviation of first differences of the acceleration vector norm.
acc_norm_jerk_rms,base,accelerometer,norm,temporal_derivative,dynamic,not_applicable,jerk RMS,,not_encoded_in_source_manifest,,False,False,True,True,jerk RMS of the acceleration vector norm.
acc_norm_jerk_std,base,accelerometer,norm,temporal_derivative,dynamic,not_applicable,jerk standard deviation,,not_encoded_in_source_manifest,,False,False,True,True,jerk standard deviation of the acceleration vector norm.
acc_norm_jerk_max,base,accelerometer,norm,temporal_derivative,dynamic,not_applicable,jerk maximum,,not_encoded_in_source_manifest,,False,False,True,True,jerk maximum of the acceleration vector norm.
acc_norm_power_total,base,accelerometer,norm,frequency,spectral,not_applicable,total spectral power,full analyzed spectrum,not_encoded_in_source_manifest,,False,False,True,True,total spectral power computed from the acceleration vector norm.
acc_norm_power_01_05,base,accelerometer,norm,frequency,spectral,not_applicable,spectral power in 0.1-0.5 Hz band,0.1-0.5 Hz,not_encoded_in_source_manifest,,False,False,True,True,spectral power in 0.1-0.5 Hz band computed from the acceleration vector norm.
acc_norm_power_05_10,base,accelerometer,norm,frequency,spectral,not_applicable,spectral power in 0.5-1.0 Hz band,0.5-1.0 Hz,not_encoded_in_source_manifest,,False,False,True,True,spectral power in 0.5-1.0 Hz band computed from the acceleration vector norm.
acc_norm_power_1_2,base,accelerometer,norm,frequency,spectral,not_applicable,spectral power in 1.0-2.0 Hz band,1.0-2.0 Hz,not_encoded_in_source_manifest,,False,False,True,True,spectral power in 1.0-2.0 Hz band computed from the acceleration vector norm.
acc_norm_spec_entropy,base,accelerometer,norm,frequency,spectral,not_applicable,spectral entropy,,dimensionless,,False,False,True,True,spectral entropy computed from the acceleration vector norm.
acc_norm_dom_freq,base,accelerometer,norm,frequency,spectral,not_applicable,dominant frequency,,Hz,,False,False,True,True,dominant frequency computed from the acceleration vector norm.
gyr_norm_mean,base,gyroscope,norm,time,level_or_amplitude,not_applicable,mean,,not_encoded_in_source_manifest,,False,False,True,True,mean of the angular-rate vector norm.
gyr_norm_std,base,gyroscope,norm,time,variability,not_applicable,standard deviation,,not_encoded_in_source_manifest,,False,False,True,True,standard deviation of the angular-rate vector norm.
gyr_norm_median,base,gyroscope,norm,time,level_or_amplitude,not_applicable,median,,not_encoded_in_source_manifest,,False,False,True,True,median of the angular-rate vector norm.
gyr_norm_iqr,base,gyroscope,norm,time,variability,not_applicable,interquartile range,,not_encoded_in_source_manifest,,False,False,True,True,interquartile range of the angular-rate vector norm.
gyr_norm_p95,base,gyroscope,norm,time,level_or_amplitude,not_applicable,95th percentile,,not_encoded_in_source_manifest,,False,False,True,True,95th percentile of the angular-rate vector norm.
gyr_norm_mad,base,gyroscope,norm,time,variability,not_applicable,MAD statistic,,not_encoded_in_source_manifest,,False,False,True,True,MAD statistic of the angular-rate vector norm.
gyr_norm_rms,base,gyroscope,norm,time,level_or_amplitude,not_applicable,root mean square,,not_encoded_in_source_manifest,,False,False,True,True,root mean square of the angular-rate vector norm.
gyr_norm_diff_mean,base,gyroscope,norm,temporal_difference,dynamic,not_applicable,mean of first differences,,not_encoded_in_source_manifest,,False,False,True,True,mean of first differences of the angular-rate vector norm.
gyr_norm_diff_std,base,gyroscope,norm,temporal_difference,dynamic,not_applicable,standard deviation of first differences,,not_encoded_in_source_manifest,,False,False,True,True,standard deviation of first differences of the angular-rate vector norm.
gyr_norm_power_total,base,gyroscope,norm,frequency,spectral,not_applicable,total spectral power,full analyzed spectrum,not_encoded_in_source_manifest,,False,False,True,True,total spectral power computed from the angular-rate vector norm.
gyr_norm_power_01_05,base,gyroscope,norm,frequency,spectral,not_applicable,spectral power in 0.1-0.5 Hz band,0.1-0.5 Hz,not_encoded_in_source_manifest,,False,False,True,True,spectral power in 0.1-0.5 Hz band computed from the angular-rate vector norm.
gyr_norm_power_05_10,base,gyroscope,norm,frequency,spectral,not_applicable,spectral power in 0.5-1.0 Hz band,0.5-1.0 Hz,not_encoded_in_source_manifest,,False,False,True,True,spectral power in 0.5-1.0 Hz band computed from the angular-rate vector norm.
gyr_norm_power_1_2,base,gyroscope,norm,frequency,spectral,not_applicable,spectral power in 1.0-2.0 Hz band,1.0-2.0 Hz,not_encoded_in_source_manifest,,False,False,True,True,spectral power in 1.0-2.0 Hz band computed from the angular-rate vector norm.
gyr_norm_spec_entropy,base,gyroscope,norm,frequency,spectral,not_applicable,spectral entropy,,dimensionless,,False,False,True,True,spectral entropy computed from the angular-rate vector norm.
gyr_norm_dom_freq,base,gyroscope,norm,frequency,spectral,not_applicable,dominant frequency,,Hz,,False,False,True,True,dominant frequency computed from the angular-rate vector norm.
mag_raw_norm_mean,base,magnetometer,norm,time,level_or_amplitude,level_amplitude,mean,,not_encoded_in_source_manifest,,False,False,True,True,mean of the magnetic-field vector norm.
mag_raw_norm_std,base,magnetometer,norm,time,variability,variability_dynamics,standard deviation,,not_encoded_in_source_manifest,,False,False,True,True,standard deviation of the magnetic-field vector norm.
mag_raw_norm_iqr,base,magnetometer,norm,time,variability,variability_dynamics,interquartile range,,not_encoded_in_source_manifest,,False,False,True,True,interquartile range of the magnetic-field vector norm.
mag_raw_norm_p95,base,magnetometer,norm,time,level_or_amplitude,level_amplitude,95th percentile,,not_encoded_in_source_manifest,,False,False,True,True,95th percentile of the magnetic-field vector norm.
mag_raw_norm_mad,base,magnetometer,norm,time,variability,variability_dynamics,MAD statistic,,not_encoded_in_source_manifest,,False,False,True,True,MAD statistic of the magnetic-field vector norm.
mag_raw_norm_rms,base,magnetometer,norm,time,level_or_amplitude,level_amplitude,root mean square,,not_encoded_in_source_manifest,,False,False,True,True,root mean square of the magnetic-field vector norm.
mag_raw_norm_range,base,magnetometer,norm,time,variability,variability_dynamics,range,,not_encoded_in_source_manifest,,False,False,True,True,range of the magnetic-field vector norm.
mag_raw_norm_diff_std,base,magnetometer,norm,temporal_difference,dynamic,variability_dynamics,standard deviation of first differences,,not_encoded_in_source_manifest,,False,False,True,True,standard deviation of first differences of the magnetic-field vector norm.
mag_raw_norm_power_total,base,magnetometer,norm,frequency,spectral,variability_dynamics,total spectral power,full analyzed spectrum,not_encoded_in_source_manifest,,False,False,True,True,total spectral power computed from the magnetic-field vector norm.
mag_raw_norm_power_01_05,base,magnetometer,norm,frequency,spectral,variability_dynamics,spectral power in 0.1-0.5 Hz band,0.1-0.5 Hz,not_encoded_in_source_manifest,,False,False,True,True,spectral power in 0.1-0.5 Hz band computed from the magnetic-field vector norm.
mag_raw_norm_spec_entropy,base,magnetometer,norm,frequency,spectral,variability_dynamics,spectral entropy,,dimensionless,,False,False,True,True,spectral entropy computed from the magnetic-field vector norm.
mag_raw_corr_xy,base,magnetometer,xy,cross_axis_correlation,correlation,variability_dynamics,x-y correlation,,dimensionless,,False,False,True,True,x-y correlation of the magnetic-field axes XY.
mag_raw_corr_xz,base,magnetometer,xz,cross_axis_correlation,correlation,variability_dynamics,x-z correlation,,dimensionless,,False,False,True,True,x-z correlation of the magnetic-field axes XZ.
mag_raw_corr_yz,base,magnetometer,yz,cross_axis_correlation,correlation,variability_dynamics,y-z correlation,,dimensionless,,False,False,True,True,y-z correlation of the magnetic-field axes YZ.
accx_mean__causal_exp_1min,causal_derived,accelerometer,x,time,level_or_amplitude,not_applicable,mean,,not_encoded_in_source_manifest,accx_mean,False,True,False,True,"mean of the acceleration X axis, after past-only within-day median centering."
accx_median__causal_exp_1min,causal_derived,accelerometer,x,time,level_or_amplitude,not_applicable,median,,not_encoded_in_source_manifest,accx_median,False,True,False,True,"median of the acceleration X axis, after past-only within-day median centering."
accx_p95__causal_exp_1min,causal_derived,accelerometer,x,time,level_or_amplitude,not_applicable,95th percentile,,not_encoded_in_source_manifest,accx_p95,False,True,False,True,"95th percentile of the acceleration X axis, after past-only within-day median centering."
accy_mean__causal_exp_1min,causal_derived,accelerometer,y,time,level_or_amplitude,not_applicable,mean,,not_encoded_in_source_manifest,accy_mean,False,True,False,True,"mean of the acceleration Y axis, after past-only within-day median centering."
accy_median__causal_exp_1min,causal_derived,accelerometer,y,time,level_or_amplitude,not_applicable,median,,not_encoded_in_source_manifest,accy_median,False,True,False,True,"median of the acceleration Y axis, after past-only within-day median centering."
accy_p95__causal_exp_1min,causal_derived,accelerometer,y,time,level_or_amplitude,not_applicable,95th percentile,,not_encoded_in_source_manifest,accy_p95,False,True,False,True,"95th percentile of the acceleration Y axis, after past-only within-day median centering."
accz_mean__causal_exp_1min,causal_derived,accelerometer,z,time,level_or_amplitude,not_applicable,mean,,not_encoded_in_source_manifest,accz_mean,False,True,False,True,"mean of the acceleration Z axis, after past-only within-day median centering."
accz_median__causal_exp_1min,causal_derived,accelerometer,z,time,level_or_amplitude,not_applicable,median,,not_encoded_in_source_manifest,accz_median,False,True,False,True,"median of the acceleration Z axis, after past-only within-day median centering."
accz_p95__causal_exp_1min,causal_derived,accelerometer,z,time,level_or_amplitude,not_applicable,95th percentile,,not_encoded_in_source_manifest,accz_p95,False,True,False,True,"95th percentile of the acceleration Z axis, after past-only within-day median centering."
gyrx_mean__causal_exp_1min,causal_derived,gyroscope,x,time,level_or_amplitude,not_applicable,mean,,not_encoded_in_source_manifest,gyrx_mean,False,True,False,True,"mean of the angular-rate X axis, after past-only within-day median centering."
gyrx_median__causal_exp_1min,causal_derived,gyroscope,x,time,level_or_amplitude,not_applicable,median,,not_encoded_in_source_manifest,gyrx_median,False,True,False,True,"median of the angular-rate X axis, after past-only within-day median centering."
gyrx_p95__causal_exp_1min,causal_derived,gyroscope,x,time,level_or_amplitude,not_applicable,95th percentile,,not_encoded_in_source_manifest,gyrx_p95,False,True,False,True,"95th percentile of the angular-rate X axis, after past-only within-day median centering."
gyry_mean__causal_exp_1min,causal_derived,gyroscope,y,time,level_or_amplitude,not_applicable,mean,,not_encoded_in_source_manifest,gyry_mean,False,True,False,True,"mean of the angular-rate Y axis, after past-only within-day median centering."
gyry_median__causal_exp_1min,causal_derived,gyroscope,y,time,level_or_amplitude,not_applicable,median,,not_encoded_in_source_manifest,gyry_median,False,True,False,True,"median of the angular-rate Y axis, after past-only within-day median centering."
gyry_p95__causal_exp_1min,causal_derived,gyroscope,y,time,level_or_amplitude,not_applicable,95th percentile,,not_encoded_in_source_manifest,gyry_p95,False,True,False,True,"95th percentile of the angular-rate Y axis, after past-only within-day median centering."
gyrz_mean__causal_exp_1min,causal_derived,gyroscope,z,time,level_or_amplitude,not_applicable,mean,,not_encoded_in_source_manifest,gyrz_mean,False,True,False,True,"mean of the angular-rate Z axis, after past-only within-day median centering."
gyrz_median__causal_exp_1min,causal_derived,gyroscope,z,time,level_or_amplitude,not_applicable,median,,not_encoded_in_source_manifest,gyrz_median,False,True,False,True,"median of the angular-rate Z axis, after past-only within-day median centering."
gyrz_p95__causal_exp_1min,causal_derived,gyroscope,z,time,level_or_amplitude,not_applicable,95th percentile,,not_encoded_in_source_manifest,gyrz_p95,False,True,False,True,"95th percentile of the angular-rate Z axis, after past-only within-day median centering."
magx_raw_p95__causal_exp_1min,causal_derived,magnetometer,x,time,level_or_amplitude,not_applicable,95th percentile,,not_encoded_in_source_manifest,magx_raw_p95,False,True,False,True,"95th percentile of the magnetic-field X axis, after past-only within-day median centering."
magx_raw_abs_mean__causal_exp_1min,causal_derived,magnetometer,x,time,level_or_amplitude,not_applicable,mean absolute value,,not_encoded_in_source_manifest,magx_raw_abs_mean,False,True,False,True,"mean absolute value of the magnetic-field X axis, after past-only within-day median centering."
magx_raw_abs_p95__causal_exp_1min,causal_derived,magnetometer,x,time,level_or_amplitude,not_applicable,95th percentile of absolute value,,not_encoded_in_source_manifest,magx_raw_abs_p95,False,True,False,True,"95th percentile of absolute value of the magnetic-field X axis, after past-only within-day median centering."
magy_raw_p95__causal_exp_1min,causal_derived,magnetometer,y,time,level_or_amplitude,not_applicable,95th percentile,,not_encoded_in_source_manifest,magy_raw_p95,False,True,False,True,"95th percentile of the magnetic-field Y axis, after past-only within-day median centering."
magy_raw_abs_mean__causal_exp_1min,causal_derived,magnetometer,y,time,level_or_amplitude,not_applicable,mean absolute value,,not_encoded_in_source_manifest,magy_raw_abs_mean,False,True,False,True,"mean absolute value of the magnetic-field Y axis, after past-only within-day median centering."
magy_raw_abs_p95__causal_exp_1min,causal_derived,magnetometer,y,time,level_or_amplitude,not_applicable,95th percentile of absolute value,,not_encoded_in_source_manifest,magy_raw_abs_p95,False,True,False,True,"95th percentile of absolute value of the magnetic-field Y axis, after past-only within-day median centering."
magz_raw_p95__causal_exp_1min,causal_derived,magnetometer,z,time,level_or_amplitude,not_applicable,95th percentile,,not_encoded_in_source_manifest,magz_raw_p95,False,True,False,True,"95th percentile of the magnetic-field Z axis, after past-only within-day median centering."
magz_raw_abs_mean__causal_exp_1min,causal_derived,magnetometer,z,time,level_or_amplitude,not_applicable,mean absolute value,,not_encoded_in_source_manifest,magz_raw_abs_mean,False,True,False,True,"mean absolute value of the magnetic-field Z axis, after past-only within-day median centering."
magz_raw_abs_p95__causal_exp_1min,causal_derived,magnetometer,z,time,level_or_amplitude,not_applicable,95th percentile of absolute value,,not_encoded_in_source_manifest,magz_raw_abs_p95,False,True,False,True,"95th percentile of absolute value of the magnetic-field Z axis, after past-only within-day median centering."
